rom,baseline,corrected_baseline,final,expected,source_url,sha256,read_ports,write_ports,code_sections,source_review
bgen/bgoff_bgon_sprite_above_window.gbc,FAILED,ok,ok,PNG: bgoff_bgon_sprite_above_window_cgb04c.png; bgoff_bgon_sprite_above_window_xdmg08.png,https://github.com/pokemon-speedrunning/gambatte-core/blob/d819bad196/test/hwtests/bgen/bgoff_bgon_sprite_above_window.asm,0ed5bf98de8d01c1562cdf33252ba40ff195a80cae1c40a4eb8359d7da2248cf,,00 0f 40 41 47 48 4a 4b 68 6a ff,48 100 150 1000 102d,Resolved by runner contract or core changes documented in GAMBATTE_REVIEW.md
bgen/bgoff_bgon_sprite_below_window.gbc,FAILED,FAILED,FAILED,PNG: bgoff_bgon_sprite_below_window_cgb04c.png; bgoff_bgon_sprite_below_window_xdmg08.png,https://github.com/pokemon-speedrunning/gambatte-core/blob/d819bad196/test/hwtests/bgen/bgoff_bgon_sprite_below_window.asm,4e382bff5e015f892a64912e1277b5797e2705d6d4335cd7b2049b02a20418c1,,00 0f 40 41 47 48 4a 4b 68 6a ff,48 100 150 1000 102e,Static source audit; unresolved timing/behavior unless described in review notes
bgtiledata/bgtiledata_spx08_1.gbc,FAILED,FAILED,FAILED,PNG: bgtiledata_spx08_1_cgb04c.png; bgtiledata_spx08_1_dmg08.png,https://github.com/pokemon-speedrunning/gambatte-core/blob/d819bad196/test/hwtests/bgtiledata/bgtiledata_spx08_1.asm,540183122bbe1e0c3a1bd77ff7fd37d8b2fe6c240eeae67f30ba9a9f76d26fd6,,0f 40 47 48 68 6a ff,48 100 150 1000 102a,Static source audit; unresolved timing/behavior unless described in review notes
bgtiledata/bgtiledata_spx08_2.gbc,FAILED,FAILED,FAILED,PNG: bgtiledata_spx08_2_cgb04c.png; bgtiledata_spx08_2_dmg08.png,https://github.com/pokemon-speedrunning/gambatte-core/blob/d819bad196/test/hwtests/bgtiledata/bgtiledata_spx08_2.asm,84930c3ad2f1ea7cdabecbfd44babd6bc930534393fc8cc5b3f014fde25a356d,,0f 40 47 48 68 6a ff,48 100 150 1000 1029,Static source audit; unresolved timing/behavior unless described in review notes
bgtiledata/bgtiledata_spx08_3.gbc,FAILED,FAILED,FAILED,PNG: bgtiledata_spx08_3_cgb04c.png; bgtiledata_spx08_3_dmg08.png,https://github.com/pokemon-speedrunning/gambatte-core/blob/d819bad196/test/hwtests/bgtiledata/bgtiledata_spx08_3.asm,b5a553d76de81307509bbfd3c94d311d7eb6b1a065e5c06c970eb36d8d44eefd,,0f 40 47 48 68 6a ff,48 100 150 1000 1028,Static source audit; unresolved timing/behavior unless described in review notes
bgtiledata/bgtiledata_spx08_4.gbc,FAILED,FAILED,FAILED,PNG: bgtiledata_spx08_4_cgb04c.png; bgtiledata_spx08_4_dmg08.png,https://github.com/pokemon-speedrunning/gambatte-core/blob/d819bad196/test/hwtests/bgtiledata/bgtiledata_spx08_4.asm,6a280de57fac68856b41a08981a48aef3db5fbdaf6f997e678420302d8598174,,0f 40 47 48 68 6a ff,48 100 150 1000 1011 1027,Static source audit; unresolved timing/behavior unless described in review notes
bgtiledata/bgtiledata_spx08_ds_3.gbc,FAILED,FAILED,FAILED,PNG: bgtiledata_spx08_ds_3_cgb04c.png,https://github.com/pokemon-speedrunning/gambatte-core/blob/d819bad196/test/hwtests/bgtiledata/bgtiledata_spx08_ds_3.asm,fd810a44984b8d57d4732eb4c85aa4de21a30a6eccbd0968131facb117e42b24,,00 0f 40 47 48 4d 68 6a ff,48 100 150 1000 102e 1065,Static source audit; unresolved timing/behavior unless described in review notes
bgtiledata/bgtiledata_spx08_ds_4.gbc,FAILED,FAILED,FAILED,PNG: bgtiledata_spx08_ds_4_cgb04c.png,https://github.com/pokemon-speedrunning/gambatte-core/blob/d819bad196/test/hwtests/bgtiledata/bgtiledata_spx08_ds_4.asm,ee30fab3f384604b3ad11d1135db578e607ba96abaf31dda2cf732c2a62f6484,,00 0f 40 47 48 4d 68 6a ff,48 100 150 1000 102f 1064,Static source audit; unresolved timing/behavior unless described in review notes
bgtiledata/bgtiledata_spx09_1.gbc,FAILED,FAILED,FAILED,PNG: bgtiledata_spx09_1_cgb04c.png; bgtiledata_spx09_1_dmg08.png,https://github.com/pokemon-speedrunning/gambatte-core/blob/d819bad196/test/hwtests/bgtiledata/bgtiledata_spx09_1.asm,df7617bde045afa102da8417003481f7f1378023569ec60d2c84761984618f07,,0f 40 47 48 68 6a ff,48 100 150 1000 102a,Static source audit; unresolved timing/behavior unless described in review notes
bgtiledata/bgtiledata_spx09_2.gbc,FAILED,FAILED,FAILED,PNG: bgtiledata_spx09_2_dmg08.png; bgtiledata_spx09_2_xcgb.png,https://github.com/pokemon-speedrunning/gambatte-core/blob/d819bad196/test/hwtests/bgtiledata/bgtiledata_spx09_2.asm,0f54d29c440741c2bfda391fa1cbf8ccf771e6c2aafd0fbb5b23a30642e27939,,0f 40 47 48 68 6a ff,48 100 150 1000 1029,Static source audit; unresolved timing/behavior unless described in review notes
bgtiledata/bgtiledata_spx09_3.gbc,FAILED,FAILED,FAILED,PNG: bgtiledata_spx09_3_cgb04c.png; bgtiledata_spx09_3_dmg08.png,https://github.com/pokemon-speedrunning/gambatte-core/blob/d819bad196/test/hwtests/bgtiledata/bgtiledata_spx09_3.asm,2f96c34f10c9688e2bad5b8dd6ed14d633c413ba4860aa470d5ea150c2aadcc0,,0f 40 47 48 68 6a ff,48 100 150 1000 1028,Static source audit; unresolved timing/behavior unless described in review notes
bgtiledata/bgtiledata_spx09_4.gbc,FAILED,FAILED,FAILED,PNG: bgtiledata_spx09_4_dmg08.png; bgtiledata_spx09_4_xcgb.png,https://github.com/pokemon-speedrunning/gambatte-core/blob/d819bad196/test/hwtests/bgtiledata/bgtiledata_spx09_4.asm,3bf3ee66a1b835fd46913c097b78cd73c5890521fd39de60ac9df6df47e83a91,,0f 40 47 48 68 6a ff,48 100 150 1000 1011 1027,Static source audit; unresolved timing/behavior unless described in review notes
bgtiledata/bgtiledata_spx09_ds_1.gbc,FAILED,FAILED,FAILED,PNG: bgtiledata_spx09_ds_1_cgb04c.png,https://github.com/pokemon-speedrunning/gambatte-core/blob/d819bad196/test/hwtests/bgtiledata/bgtiledata_spx09_ds_1.asm,ae91fe3d5a73ccb8bff7afb06d9c3f172fd25254faf819f8cc3eff3a313e2a47,,00 0f 40 47 48 4d 68 6a ff,48 100 150 1000 102c 1067,Static source audit; unresolved timing/behavior unless described in review notes
bgtiledata/bgtiledata_spx09_ds_2.gbc,FAILED,FAILED,FAILED,PNG: bgtiledata_spx09_ds_2_cgb04c.png,https://github.com/pokemon-speedrunning/gambatte-core/blob/d819bad196/test/hwtests/bgtiledata/bgtiledata_spx09_ds_2.asm,b50c3d8fae83f5dd440a03c4374f16c7945c51bd71169c9c9d8274687cb74e4d,,00 0f 40 47 48 4d 68 6a ff,48 100 150 1000 102d 1066,Static source audit; unresolved timing/behavior unless described in review notes
bgtiledata/bgtiledata_spx09_ds_3.gbc,FAILED,FAILED,FAILED,PNG: bgtiledata_spx09_ds_3_cgb04c.png,https://github.com/pokemon-speedrunning/gambatte-core/blob/d819bad196/test/hwtests/bgtiledata/bgtiledata_spx09_ds_3.asm,b0c0156ccfe0412dd558f8f39ad9a7983f2947052b7a46590736c89c784fe098,,00 0f 40 47 48 4d 68 6a ff,48 100 150 1000 102e 1065,Static source audit; unresolved timing/behavior unless described in review notes
bgtiledata/bgtiledata_spx09_ds_4.gbc,FAILED,FAILED,FAILED,PNG: bgtiledata_spx09_ds_4_cgb04c.png,https://github.com/pokemon-speedrunning/gambatte-core/blob/d819bad196/test/hwtests/bgtiledata/bgtiledata_spx09_ds_4.asm,79ba70464040c5639abf9811db5c0883ee6ca8176de94972a9cf8491db0d7a25,,00 0f 40 47 48 4d 68 6a ff,48 100 150 1000 102f 1064,Static source audit; unresolved timing/behavior unless described in review notes
bgtiledata/bgtiledata_spx0A_1.gbc,FAILED,FAILED,FAILED,PNG: bgtiledata_spx0A_1_cgb04c.png; bgtiledata_spx0A_1_dmg08.png,https://github.com/pokemon-speedrunning/gambatte-core/blob/d819bad196/test/hwtests/bgtiledata/bgtiledata_spx0A_1.asm,bb40b47cc410d278fce9320225485861ae3a2166110f4edf40c4d5674d33e3c2,,0f 40 47 48 68 6a ff,48 100 150 1000 102a,Static source audit; unresolved timing/behavior unless described in review notes
bgtiledata/bgtiledata_spx0A_2.gbc,FAILED,FAILED,FAILED,PNG: bgtiledata_spx0A_2_cgb04c.png; bgtiledata_spx0A_2_dmg08.png,https://github.com/pokemon-speedrunning/gambatte-core/blob/d819bad196/test/hwtests/bgtiledata/bgtiledata_spx0A_2.asm,dec822f27bd7fb72d31832394e474f484294c3f20a860e8d93e44ca01bf0302f,,0f 40 47 48 68 6a ff,48 100 150 1000 1029,Static source audit; unresolved timing/behavior unless described in review notes
bgtiledata/bgtiledata_spx0A_3.gbc,FAILED,FAILED,FAILED,PNG: bgtiledata_spx0A_3_cgb04c.png; bgtiledata_spx0A_3_dmg08.png,https://github.com/pokemon-speedrunning/gambatte-core/blob/d819bad196/test/hwtests/bgtiledata/bgtiledata_spx0A_3.asm,e99d9473e8d5b5549b20891e19cb58bbaf3e3732f98d9f4dbd036272ceb6c2a5,,0f 40 47 48 68 6a ff,48 100 150 1000 1028,Static source audit; unresolved timing/behavior unless described in review notes
bgtiledata/bgtiledata_spx0A_4.gbc,FAILED,FAILED,FAILED,PNG: bgtiledata_spx0A_4_cgb04c.png; bgtiledata_spx0A_4_dmg08.png,https://github.com/pokemon-speedrunning/gambatte-core/blob/d819bad196/test/hwtests/bgtiledata/bgtiledata_spx0A_4.asm,d786022958c9470e8e23a37fd7693b0950c9b3838cd35ffb2c935e8a28a1193a,,0f 40 47 48 68 6a ff,48 100 150 1000 1011 1027,Static source audit; unresolved timing/behavior unless described in review notes
bgtiledata/bgtiledata_spx0B_1.gbc,FAILED,FAILED,FAILED,PNG: bgtiledata_spx0B_1_dmg08.png; bgtiledata_spx0B_1_xcgb.png,https://github.com/pokemon-speedrunning/gambatte-core/blob/d819bad196/test/hwtests/bgtiledata/bgtiledata_spx0B_1.asm,6b55352a263a6896efa9db631bf30c686c6e33e80abae98580bcb8aa4f74de86,,0f 40 47 48 68 6a ff,48 100 150 1000 102a,Static source audit; unresolved timing/behavior unless described in review notes
bgtiledata/bgtiledata_spx0B_2.gbc,FAILED,FAILED,FAILED,PNG: bgtiledata_spx0B_2_cgb04c.png; bgtiledata_spx0B_2_dmg08.png,https://github.com/pokemon-speedrunning/gambatte-core/blob/d819bad196/test/hwtests/bgtiledata/bgtiledata_spx0B_2.asm,8825df21258a755b66c7a7f920f93edb8bf7066ac6f0bd67fd0c32dc951beb5b,,0f 40 47 48 68 6a ff,48 100 150 1000 1029,Static source audit; unresolved timing/behavior unless described in review notes
bgtiledata/bgtiledata_spx0B_3.gbc,FAILED,FAILED,FAILED,PNG: bgtiledata_spx0B_3_dmg08.png; bgtiledata_spx0B_3_xcgb.png,https://github.com/pokemon-speedrunning/gambatte-core/blob/d819bad196/test/hwtests/bgtiledata/bgtiledata_spx0B_3.asm,bedfb9b9be82cc60c25af8633c5954635d58419d28c3b3351f6f2c1be7d68a80,,0f 40 47 48 68 6a ff,48 100 150 1000 1028,Static source audit; unresolved timing/behavior unless described in review notes
bgtiledata/bgtiledata_spx0B_4.gbc,FAILED,FAILED,FAILED,PNG: bgtiledata_spx0B_4_cgb04c.png; bgtiledata_spx0B_4_dmg08.png,https://github.com/pokemon-speedrunning/gambatte-core/blob/d819bad196/test/hwtests/bgtiledata/bgtiledata_spx0B_4.asm,e37a6df4a04214e9e58a2b6bffe2898fa9b6ba6f238feecbab15fcfb6b422099,,0f 40 47 48 68 6a ff,48 100 150 1000 1011 1027,Static source audit; unresolved timing/behavior unless described in review notes
bgtilemap/bgtilemap_spx08_1.gbc,FAILED,FAILED,FAILED,PNG: bgtilemap_spx08_1_cgb04c.png; bgtilemap_spx08_1_dmg08.png,https://github.com/pokemon-speedrunning/gambatte-core/blob/d819bad196/test/hwtests/bgtilemap/bgtilemap_spx08_1.asm,4533e9e04b41526bdba8fcb9c3b8d34214fdf2d1c16209cb35063107be26bfe9,,0f 40 47 48 68 6a ff,48 100 150 1000 102a,Static source audit; unresolved timing/behavior unless described in review notes
bgtilemap/bgtilemap_spx08_2.gbc,FAILED,FAILED,FAILED,PNG: bgtilemap_spx08_2_cgb04c.png; bgtilemap_spx08_2_dmg08.png,https://github.com/pokemon-speedrunning/gambatte-core/blob/d819bad196/test/hwtests/bgtilemap/bgtilemap_spx08_2.asm,0f1ccbcf6bc0417f37f07eebe23563488b745b5bb92e5beb9181a5d51a44a10d,,0f 40 47 48 68 6a ff,48 100 150 1000 1029,Static source audit; unresolved timing/behavior unless described in review notes
bgtilemap/bgtilemap_spx08_3.gbc,FAILED,FAILED,FAILED,PNG: bgtilemap_spx08_3_cgb04c.png; bgtilemap_spx08_3_dmg08.png,https://github.com/pokemon-speedrunning/gambatte-core/blob/d819bad196/test/hwtests/bgtilemap/bgtilemap_spx08_3.asm,a33bbae422873514ca8ea5ce056cb1f3089fe69fc321c6f2dc829a0fe957019e,,0f 40 47 48 68 6a ff,48 100 150 1000 1028,Static source audit; unresolved timing/behavior unless described in review notes
bgtilemap/bgtilemap_spx08_4.gbc,FAILED,FAILED,FAILED,PNG: bgtilemap_spx08_4_cgb04c.png; bgtilemap_spx08_4_dmg08.png,https://github.com/pokemon-speedrunning/gambatte-core/blob/d819bad196/test/hwtests/bgtilemap/bgtilemap_spx08_4.asm,01bd0712f65e09b9db4d5869d1e98719fac26ac65ea8f2e2de0744ca3b237fc3,,0f 40 47 48 68 6a ff,48 100 150 1000 1011 1027,Static source audit; unresolved timing/behavior unless described in review notes
bgtilemap/bgtilemap_spx08_ds_1.gbc,FAILED,FAILED,FAILED,PNG: bgtilemap_spx08_ds_1_cgb04c.png,https://github.com/pokemon-speedrunning/gambatte-core/blob/d819bad196/test/hwtests/bgtilemap/bgtilemap_spx08_ds_1.asm,4e48f8727b59b5d02bd3b258c8ae3944a8b754fadcb65b032e0b81172ef38514,,00 0f 40 47 48 4d 68 6a ff,48 100 150 1000 102a 1066,Static source audit; unresolved timing/behavior unless described in review notes
bgtilemap/bgtilemap_spx08_ds_2.gbc,FAILED,FAILED,FAILED,PNG: bgtilemap_spx08_ds_2_cgb04c.png,https://github.com/pokemon-speedrunning/gambatte-core/blob/d819bad196/test/hwtests/bgtilemap/bgtilemap_spx08_ds_2.asm,7b46759e97c7477d06411e67661b74eff2c9064e60038ae8ca949d88b4731aa6,,00 0f 40 47 48 4d 68 6a ff,48 100 150 1000 102b 1065,Static source audit; unresolved timing/behavior unless described in review notes
bgtilemap/bgtilemap_spx08_ds_3.gbc,FAILED,FAILED,FAILED,PNG: bgtilemap_spx08_ds_3_cgb04c.png,https://github.com/pokemon-speedrunning/gambatte-core/blob/d819bad196/test/hwtests/bgtilemap/bgtilemap_spx08_ds_3.asm,9fef731458bc6a2ba008b956580f459880fe61638f2ed4f0819e7465aabc55ce,,00 0f 40 47 48 4d 68 6a ff,48 100 150 1000 102c 1064,Static source audit; unresolved timing/behavior unless described in review notes
bgtilemap/bgtilemap_spx08_ds_4.gbc,FAILED,FAILED,FAILED,PNG: bgtilemap_spx08_ds_4_cgb04c.png,https://github.com/pokemon-speedrunning/gambatte-core/blob/d819bad196/test/hwtests/bgtilemap/bgtilemap_spx08_ds_4.asm,ca0c9955e400b41b8536b3b2cf39d9a35e2f5f4d4fcf64381726d0f57e5e66a7,,00 0f 40 47 48 4d 68 6a ff,48 100 150 1000 102d 1063,Static source audit; unresolved timing/behavior unless described in review notes
bgtilemap/bgtilemap_spx09_1.gbc,FAILED,FAILED,FAILED,PNG: bgtilemap_spx09_1_cgb04c.png; bgtilemap_spx09_1_dmg08.png,https://github.com/pokemon-speedrunning/gambatte-core/blob/d819bad196/test/hwtests/bgtilemap/bgtilemap_spx09_1.asm,1e83702a3567ded37ce1eebd6c45aeb8f2c7222fd4d812827de98530fd011947,,0f 40 47 48 68 6a ff,48 100 150 1000 102a,Static source audit; unresolved timing/behavior unless described in review notes
bgtilemap/bgtilemap_spx09_2.gbc,FAILED,FAILED,FAILED,PNG: bgtilemap_spx09_2_cgb04c.png; bgtilemap_spx09_2_dmg08.png,https://github.com/pokemon-speedrunning/gambatte-core/blob/d819bad196/test/hwtests/bgtilemap/bgtilemap_spx09_2.asm,22a6131dfeb74b9319e83b1d95025c1ab05dbc8acd0cdd9c6f4636cbce5b7f8a,,0f 40 47 48 68 6a ff,48 100 150 1000 1029,Static source audit; unresolved timing/behavior unless described in review notes
bgtilemap/bgtilemap_spx09_3.gbc,FAILED,FAILED,FAILED,PNG: bgtilemap_spx09_3_cgb04c.png; bgtilemap_spx09_3_dmg08.png,https://github.com/pokemon-speedrunning/gambatte-core/blob/d819bad196/test/hwtests/bgtilemap/bgtilemap_spx09_3.asm,774f50a641b0ac33f4cd69f1c3307c4cf5cadafcca42afe68b974d3303b6341c,,0f 40 47 48 68 6a ff,48 100 150 1000 1028,Static source audit; unresolved timing/behavior unless described in review notes
bgtilemap/bgtilemap_spx09_4.gbc,FAILED,FAILED,FAILED,PNG: bgtilemap_spx09_4_cgb04c.png; bgtilemap_spx09_4_dmg08.png,https://github.com/pokemon-speedrunning/gambatte-core/blob/d819bad196/test/hwtests/bgtilemap/bgtilemap_spx09_4.asm,587e497614a64b8514d1bf2c4aabea2be65ab456dd1799d98e85f397af1b5573,,0f 40 47 48 68 6a ff,48 100 150 1000 1011 1027,Static source audit; unresolved timing/behavior unless described in review notes
bgtilemap/bgtilemap_spx09_ds_1.gbc,FAILED,FAILED,FAILED,PNG: bgtilemap_spx09_ds_1_cgb04c.png,https://github.com/pokemon-speedrunning/gambatte-core/blob/d819bad196/test/hwtests/bgtilemap/bgtilemap_spx09_ds_1.asm,e22578526da9f297a913962526bb3f8c0acd9c8e37028407946a85e7872afb2d,,00 0f 40 47 48 4d 68 6a ff,48 100 150 1000 102a 1066,Static source audit; unresolved timing/behavior unless described in review notes
bgtilemap/bgtilemap_spx09_ds_2.gbc,FAILED,FAILED,FAILED,PNG: bgtilemap_spx09_ds_2_cgb04c.png,https://github.com/pokemon-speedrunning/gambatte-core/blob/d819bad196/test/hwtests/bgtilemap/bgtilemap_spx09_ds_2.asm,4dd747f434f728b14284dfcd81be30c84ca88ee0e403609b7df3a5a991700532,,00 0f 40 47 48 4d 68 6a ff,48 100 150 1000 102b 1065,Static source audit; unresolved timing/behavior unless described in review notes
bgtilemap/bgtilemap_spx09_ds_3.gbc,FAILED,FAILED,FAILED,PNG: bgtilemap_spx09_ds_3_cgb04c.png,https://github.com/pokemon-speedrunning/gambatte-core/blob/d819bad196/test/hwtests/bgtilemap/bgtilemap_spx09_ds_3.asm,c08e95314b154154467b10480c2ce742fe2775abc798a6fdf293df159a279834,,00 0f 40 47 48 4d 68 6a ff,48 100 150 1000 102c 1064,Static source audit; unresolved timing/behavior unless described in review notes
bgtilemap/bgtilemap_spx09_ds_4.gbc,FAILED,FAILED,FAILED,PNG: bgtilemap_spx09_ds_4_cgb04c.png,https://github.com/pokemon-speedrunning/gambatte-core/blob/d819bad196/test/hwtests/bgtilemap/bgtilemap_spx09_ds_4.asm,97a630d0b0240c6077d704373889402b81b08b586913f9bf4cf2829140d65f44,,00 0f 40 47 48 4d 68 6a ff,48 100 150 1000 102d 1063,Static source audit; unresolved timing/behavior unless described in review notes
bgtilemap/bgtilemap_spx0A_1.gbc,FAILED,FAILED,FAILED,PNG: bgtilemap_spx0A_1_cgb04c.png; bgtilemap_spx0A_1_dmg08.png,https://github.com/pokemon-speedrunning/gambatte-core/blob/d819bad196/test/hwtests/bgtilemap/bgtilemap_spx0A_1.asm,c079a98ed5934972d88d43c8d6a86130b8fcecd951a43e32d9bd7a54526133b9,,0f 40 47 48 68 6a ff,48 100 150 1000 102a,Static source audit; unresolved timing/behavior unless described in review notes
bgtilemap/bgtilemap_spx0A_2.gbc,FAILED,FAILED,FAILED,PNG: bgtilemap_spx0A_2_cgb04c.png; bgtilemap_spx0A_2_dmg08.png,https://github.com/pokemon-speedrunning/gambatte-core/blob/d819bad196/test/hwtests/bgtilemap/bgtilemap_spx0A_2.asm,c736aa7923ed7d74be1d813d8dbb882c1153e48e9fb8376f9937f48894f0bd4a,,0f 40 47 48 68 6a ff,48 100 150 1000 1029,Static source audit; unresolved timing/behavior unless described in review notes
bgtilemap/bgtilemap_spx0A_3.gbc,FAILED,FAILED,FAILED,PNG: bgtilemap_spx0A_3_cgb04c.png; bgtilemap_spx0A_3_dmg08.png,https://github.com/pokemon-speedrunning/gambatte-core/blob/d819bad196/test/hwtests/bgtilemap/bgtilemap_spx0A_3.asm,5febe38626e1d8ccefa29097eef44465b9bc15c591cddb2353ad68c3523ef0d1,,0f 40 47 48 68 6a ff,48 100 150 1000 1028,Static source audit; unresolved timing/behavior unless described in review notes
bgtilemap/bgtilemap_spx0A_4.gbc,FAILED,FAILED,FAILED,PNG: bgtilemap_spx0A_4_cgb04c.png; bgtilemap_spx0A_4_dmg08.png,https://github.com/pokemon-speedrunning/gambatte-core/blob/d819bad196/test/hwtests/bgtilemap/bgtilemap_spx0A_4.asm,399b6eaa1b2f63c7296a653c0dc7cd4dfc59199452338d5a7c033677273e5a17,,0f 40 47 48 68 6a ff,48 100 150 1000 1011 1027,Static source audit; unresolved timing/behavior unless described in review notes
bgtilemap/bgtilemap_spx0B_1.gbc,FAILED,FAILED,FAILED,PNG: bgtilemap_spx0B_1_cgb04c.png; bgtilemap_spx0B_1_dmg08.png,https://github.com/pokemon-speedrunning/gambatte-core/blob/d819bad196/test/hwtests/bgtilemap/bgtilemap_spx0B_1.asm,e5b288328df36f00a5944a5a82282791e9569f617f72ba5ec19a8c9e42bb2084,,0f 40 47 48 68 6a ff,48 100 150 1000 102a,Static source audit; unresolved timing/behavior unless described in review notes
bgtilemap/bgtilemap_spx0B_2.gbc,FAILED,FAILED,FAILED,PNG: bgtilemap_spx0B_2_cgb04c.png; bgtilemap_spx0B_2_dmg08.png,https://github.com/pokemon-speedrunning/gambatte-core/blob/d819bad196/test/hwtests/bgtilemap/bgtilemap_spx0B_2.asm,29f94d10dec3a3a5a671ad5d2d4034f8bfb100fb9488693ca204086711e6adfb,,0f 40 47 48 68 6a ff,48 100 150 1000 1029,Static source audit; unresolved timing/behavior unless described in review notes
bgtilemap/bgtilemap_spx0B_3.gbc,FAILED,FAILED,FAILED,PNG: bgtilemap_spx0B_3_cgb04c.png; bgtilemap_spx0B_3_dmg08.png,https://github.com/pokemon-speedrunning/gambatte-core/blob/d819bad196/test/hwtests/bgtilemap/bgtilemap_spx0B_3.asm,7d1bf4957454279e131d6c450002f3652ff63e5d96b9c9eebe9d78ba7e5c8b62,,0f 40 47 48 68 6a ff,48 100 150 1000 1028,Static source audit; unresolved timing/behavior unless described in review notes
bgtilemap/bgtilemap_spx0B_4.gbc,FAILED,FAILED,FAILED,PNG: bgtilemap_spx0B_4_cgb04c.png; bgtilemap_spx0B_4_dmg08.png,https://github.com/pokemon-speedrunning/gambatte-core/blob/d819bad196/test/hwtests/bgtilemap/bgtilemap_spx0B_4.asm,203675fa022ad38dcd61d80fdd0c588ceeaae0d443694f3038495192ef7fcbaa,,0f 40 47 48 68 6a ff,48 100 150 1000 1011 1027,Static source audit; unresolved timing/behavior unless described in review notes
cgbpal_m3/cgbpal_m3end_1_cgb04c_out7.gbc,FAILED,FAILED,FAILED,7,https://github.com/pokemon-speedrunning/gambatte-core/blob/d819bad196/test/hwtests/cgbpal_m3/cgbpal_m3end_1_cgb04c_out7.asm,b88a2f226a7bad2fa47501788f6cfc3db144bf8d3b48b50849a22acafc7c9c83,,40 43 47 68 69 ff,48 100 150 1000 1034 7000 7400,Static source audit; unresolved timing/behavior unless described in review notes
cgbpal_m3/cgbpal_m3end_2_cgb04c_out0.gbc,FAILED,FAILED,FAILED,0,https://github.com/pokemon-speedrunning/gambatte-core/blob/d819bad196/test/hwtests/cgbpal_m3/cgbpal_m3end_2_cgb04c_out0.asm,779c0fd363c86e416e407509d7928db24fd5abda4c42d5573ad25481a3aea0b5,,40 43 47 68 69 ff,48 100 150 1000 1035 7000 7400,Static source audit; unresolved timing/behavior unless described in review notes
cgbpal_m3/cgbpal_m3end_3_cgb04c_out0.gbc,FAILED,FAILED,FAILED,0,https://github.com/pokemon-speedrunning/gambatte-core/blob/d819bad196/test/hwtests/cgbpal_m3/cgbpal_m3end_3_cgb04c_out0.asm,9977025f7b6dd0b7bdae65ae37555a73d664635732734efab285946a3198c9ab,,40 43 47 68 69 ff,48 100 150 1000 1036 7000 7400,Static source audit; unresolved timing/behavior unless described in review notes
cgbpal_m3/cgbpal_m3end_ds_1_cgb04c_out7.gbc,FAILED,FAILED,FAILED,7,https://github.com/pokemon-speedrunning/gambatte-core/blob/d819bad196/test/hwtests/cgbpal_m3/cgbpal_m3end_ds_1_cgb04c_out7.asm,aa05ef42eee9bb4dcdab418143815f2793a44ef7239f51be9c1c13f94ed19ed7,,00 40 43 47 4d 68 69 ff,48 100 150 1000 1073 7000 7400,Static source audit; unresolved timing/behavior unless described in review notes
cgbpal_m3/cgbpal_m3end_ds_2_cgb04c_out0.gbc,FAILED,FAILED,FAILED,0,https://github.com/pokemon-speedrunning/gambatte-core/blob/d819bad196/test/hwtests/cgbpal_m3/cgbpal_m3end_ds_2_cgb04c_out0.asm,7a5a45e51199a2822b745cafd56d5fb43e87859038d3b5bf30db48259a704461,,00 40 43 47 4d 68 69 ff,48 100 150 1000 1074 7000 7400,Static source audit; unresolved timing/behavior unless described in review notes
cgbpal_m3/cgbpal_m3end_ds_3_cgb04c_out0.gbc,FAILED,FAILED,FAILED,0,https://github.com/pokemon-speedrunning/gambatte-core/blob/d819bad196/test/hwtests/cgbpal_m3/cgbpal_m3end_ds_3_cgb04c_out0.asm,c3a930f64629bfeeabdf04d8c90273300f9737ef8afffc0417fe979a83b20ee3,,00 40 43 47 4d 68 69 ff,48 100 150 1000 1075 7000 7400,Static source audit; unresolved timing/behavior unless described in review notes
cgbpal_m3/cgbpal_m3end_scx2_1_cgb04c_out7.gbc,FAILED,FAILED,FAILED,7,https://github.com/pokemon-speedrunning/gambatte-core/blob/d819bad196/test/hwtests/cgbpal_m3/cgbpal_m3end_scx2_1_cgb04c_out7.asm,aae6677f1dc62561d43688f3f7bbbe2aa1875ca843e568e6e204743263b9d1f6,,40 43 47 68 69 ff,48 100 150 1000 1034 7000 7400,Static source audit; unresolved timing/behavior unless described in review notes
cgbpal_m3/cgbpal_m3end_scx2_2_cgb04c_out0.gbc,FAILED,FAILED,FAILED,0,https://github.com/pokemon-speedrunning/gambatte-core/blob/d819bad196/test/hwtests/cgbpal_m3/cgbpal_m3end_scx2_2_cgb04c_out0.asm,8de54f9ae90d7a0e822bf8273459d7140fa186b4fa2ac68b0f85a61d8e4037fa,,40 43 47 68 69 ff,48 100 150 1000 1035 7000 7400,Static source audit; unresolved timing/behavior unless described in review notes
cgbpal_m3/cgbpal_m3end_scx2_3_cgb04c_out0.gbc,FAILED,FAILED,FAILED,0,https://github.com/pokemon-speedrunning/gambatte-core/blob/d819bad196/test/hwtests/cgbpal_m3/cgbpal_m3end_scx2_3_cgb04c_out0.asm,d002e88b091ba9c5a5f93def8195dc5a2548c45e0e1ebaeef727c701ec9e9d09,,40 43 47 68 69 ff,48 100 150 1000 1036 7000 7400,Static source audit; unresolved timing/behavior unless described in review notes
cgbpal_m3/cgbpal_m3end_scx3_1_cgb04c_out7.gbc,FAILED,FAILED,FAILED,7,https://github.com/pokemon-speedrunning/gambatte-core/blob/d819bad196/test/hwtests/cgbpal_m3/cgbpal_m3end_scx3_1_cgb04c_out7.asm,3a7ef196787fb5cae3456bd6d84176738d0f0b4d9ade31b0834a15060780ccfc,,40 43 47 68 69 ff,48 100 150 1000 1034 7000 7400,Static source audit; unresolved timing/behavior unless described in review notes
cgbpal_m3/cgbpal_m3end_scx3_2_cgb04c_out0.gbc,FAILED,FAILED,FAILED,0,https://github.com/pokemon-speedrunning/gambatte-core/blob/d819bad196/test/hwtests/cgbpal_m3/cgbpal_m3end_scx3_2_cgb04c_out0.asm,3fe96bade86181a8a20acff63d06264663d6dec0758ff7d107aec7d217106eba,,40 43 47 68 69 ff,48 100 150 1000 1035 7000 7400,Static source audit; unresolved timing/behavior unless described in review notes
cgbpal_m3/cgbpal_m3end_scx3_3_cgb04c_out0.gbc,FAILED,FAILED,FAILED,0,https://github.com/pokemon-speedrunning/gambatte-core/blob/d819bad196/test/hwtests/cgbpal_m3/cgbpal_m3end_scx3_3_cgb04c_out0.asm,77203faf9b9692ad5a950c1f1ed6e89af44e75b7d3666535ef5731f1ed689608,,40 43 47 68 69 ff,48 100 150 1000 1036 7000 7400,Static source audit; unresolved timing/behavior unless described in review notes
cgbpal_m3/cgbpal_m3end_scx5_1_cgb04c_out7.gbc,FAILED,FAILED,FAILED,7,https://github.com/pokemon-speedrunning/gambatte-core/blob/d819bad196/test/hwtests/cgbpal_m3/cgbpal_m3end_scx5_1_cgb04c_out7.asm,323605e9b44adebd2dfe0c422aecee3a86778f69ed97deda3fc1816bb0bb8b5d,,40 43 47 68 69 ff,48 100 150 1000 1035 7000 7400,Static source audit; unresolved timing/behavior unless described in review notes
cgbpal_m3/cgbpal_m3end_scx5_2_cgb04c_out0.gbc,FAILED,FAILED,FAILED,0,https://github.com/pokemon-speedrunning/gambatte-core/blob/d819bad196/test/hwtests/cgbpal_m3/cgbpal_m3end_scx5_2_cgb04c_out0.asm,bc7acc323f343a61ad142cebe8c5e13cc6bd693b3e76ee0c52773dcb6b88717d,,40 43 47 68 69 ff,48 100 150 1000 1036 7000 7400,Static source audit; unresolved timing/behavior unless described in review notes
cgbpal_m3/cgbpal_m3end_scx5_3_cgb04c_out0.gbc,FAILED,FAILED,FAILED,0,https://github.com/pokemon-speedrunning/gambatte-core/blob/d819bad196/test/hwtests/cgbpal_m3/cgbpal_m3end_scx5_3_cgb04c_out0.asm,19209cb3e9e97456f1055ce5e910b8e3bed36627882083e7e2ed30dea0264c03,,40 43 47 68 69 ff,48 100 150 1000 1037 7000 7400,Static source audit; unresolved timing/behavior unless described in review notes
cgbpal_m3/cgbpal_m3end_scx5_ds_1_cgb04c_out7.gbc,FAILED,FAILED,FAILED,7,https://github.com/pokemon-speedrunning/gambatte-core/blob/d819bad196/test/hwtests/cgbpal_m3/cgbpal_m3end_scx5_ds_1_cgb04c_out7.asm,c7a8490f8fe622238eba72b1595647577a0025bdf9a10ad1a7aab65ada01f337,,00 40 43 47 4d 68 69 ff,48 100 150 1000 1076 7000 7400,Static source audit; unresolved timing/behavior unless described in review notes
cgbpal_m3/cgbpal_m3end_scx5_ds_2_cgb04c_out0.gbc,FAILED,FAILED,FAILED,0,https://github.com/pokemon-speedrunning/gambatte-core/blob/d819bad196/test/hwtests/cgbpal_m3/cgbpal_m3end_scx5_ds_2_cgb04c_out0.asm,31fbdf5d4a555ad2e1e73d078b66c9dfc29f3ddf5b6efe9f2035742a09147b85,,00 40 43 47 4d 68 69 ff,48 100 150 1000 1077 7000 7400,Static source audit; unresolved timing/behavior unless described in review notes
cgbpal_m3/cgbpal_m3end_scx5_ds_3_cgb04c_out0.gbc,FAILED,FAILED,FAILED,0,https://github.com/pokemon-speedrunning/gambatte-core/blob/d819bad196/test/hwtests/cgbpal_m3/cgbpal_m3end_scx5_ds_3_cgb04c_out0.asm,31540196008803291879891efd878a95c7768cf62244c896748c6bd67595a773,,00 40 43 47 4d 68 69 ff,48 100 150 1000 1078 7000 7400,Static source audit; unresolved timing/behavior unless described in review notes
cgbpal_m3/cgbpal_m3start_2_cgb04c_out0.gbc,FAILED,FAILED,FAILED,0,https://github.com/pokemon-speedrunning/gambatte-core/blob/d819bad196/test/hwtests/cgbpal_m3/cgbpal_m3start_2_cgb04c_out0.asm,267e6585bf4a1db591214b20068bcdadfd3222f633ef792fb3178ef7959df637,,40 43 47 68 69 ff,48 100 150 1000 1040 7000 7400,Static source audit; unresolved timing/behavior unless described in review notes
cgbpal_m3/cgbpal_m3start_ds_2_cgb04c_out0.gbc,FAILED,FAILED,FAILED,0,https://github.com/pokemon-speedrunning/gambatte-core/blob/d819bad196/test/hwtests/cgbpal_m3/cgbpal_m3start_ds_2_cgb04c_out0.asm,c8bf5ee456dea9fd310f073c29a2215a2695e86477140392bc15216373f66be3,,00 40 43 47 4d 68 69 ff,48 100 150 1000 1020 1080 7000 7400,Static source audit; unresolved timing/behavior unless described in review notes
cgbpal_m3/cgbpal_read_m3start_2_cgb04c_outFF.gbc,FAILED,FAILED,FAILED,FF,https://github.com/pokemon-speedrunning/gambatte-core/blob/d819bad196/test/hwtests/cgbpal_m3/cgbpal_read_m3start_2_cgb04c_outFF.asm,174a99254bc3e3b6eb15fd2f4cbe1699d73e1305e6b3bc39f99bc836cd44d2da,69,0f 40 41 43 45 47 68 69 ff,48 100 150 1000 1009 7000 7400,Static source audit; unresolved timing/behavior unless described in review notes
cgbpal_m3/cgbpal_read_m3start_ds_2_cgb04c_outFF.gbc,FAILED,FAILED,FAILED,FF,https://github.com/pokemon-speedrunning/gambatte-core/blob/d819bad196/test/hwtests/cgbpal_m3/cgbpal_read_m3start_ds_2_cgb04c_outFF.asm,d175ca9918a5abafa3dadda3b3528e79d36a6056194ea5dccd2b6a8db8a05382,69,00 0f 40 41 43 45 47 4d 68 69 ff,48 100 150 1000 101e 7000 7400,Static source audit; unresolved timing/behavior unless described in review notes
cgbpal_m3/cgbpal_read_m3start_ds_lcdoffset1_2_cgb04c_outFF.gbc,FAILED,FAILED,FAILED,FF,https://github.com/pokemon-speedrunning/gambatte-core/blob/d819bad196/test/hwtests/cgbpal_m3/cgbpal_read_m3start_ds_lcdoffset1_2_cgb04c_outFF.asm,39ae6ce58eccd1693771567e842868b0ba8e861fc7f643ff00db047675276822,69,00 0f 40 41 43 45 47 4d 68 69 ff,48 100 150 1000 101d 7000 7400,Static source audit; unresolved timing/behavior unless described in review notes
cgbpal_m3/cgbpal_read_m3start_lcdoffset1_2_cgb04c_outFF.gbc,FAILED,FAILED,FAILED,FF,https://github.com/pokemon-speedrunning/gambatte-core/blob/d819bad196/test/hwtests/cgbpal_m3/cgbpal_read_m3start_lcdoffset1_2_cgb04c_outFF.asm,a2de57da4f88e8ccaa4c30a51997aff92c0dd7f66165ab1d3721e0dd9065f51c,69,00 0f 40 41 43 45 47 4d 68 69 ff,48 100 150 1000 100a 7000 7400,Static source audit; unresolved timing/behavior unless described in review notes
cgbpal_m3/cgbpal_write_m3start_2_cgb04c_out00.gbc,FAILED,FAILED,FAILED,00,https://github.com/pokemon-speedrunning/gambatte-core/blob/d819bad196/test/hwtests/cgbpal_m3/cgbpal_write_m3start_2_cgb04c_out00.asm,d56b9a4d752670ff9d03457848349861ee7bdd6972ae2997a7c8094d21d4b58a,69,0f 40 41 43 45 47 68 69 ff,48 100 150 1000 1007 7000 7400,Static source audit; unresolved timing/behavior unless described in review notes
cgbpal_m3/cgbpal_write_m3start_ds_2_cgb04c_out00.gbc,FAILED,FAILED,FAILED,00,https://github.com/pokemon-speedrunning/gambatte-core/blob/d819bad196/test/hwtests/cgbpal_m3/cgbpal_write_m3start_ds_2_cgb04c_out00.asm,d53d14b0b5833360b5d76c70187c807f46fad3b100cef6f8806554c519097b76,69,00 0f 40 41 43 45 47 4d 68 69 ff,48 100 150 1000 101c 7000 7400,Static source audit; unresolved timing/behavior unless described in review notes
cgbpal_m3/cgbpal_write_m3start_ds_lcdoffset1_2_cgb04c_out00.gbc,FAILED,FAILED,FAILED,00,https://github.com/pokemon-speedrunning/gambatte-core/blob/d819bad196/test/hwtests/cgbpal_m3/cgbpal_write_m3start_ds_lcdoffset1_2_cgb04c_out00.asm,5cf0813f80c3fd726818dc304266f9692182dc0fc6d9f77e43ae6c8e78c46888,69,00 0f 40 41 43 45 47 4d 68 69 ff,48 100 150 1000 101b 7000 7400,Static source audit; unresolved timing/behavior unless described in review notes
cgbpal_m3/cgbpal_write_m3start_lcdoffset1_2_cgb04c_out00.gbc,FAILED,FAILED,FAILED,00,https://github.com/pokemon-speedrunning/gambatte-core/blob/d819bad196/test/hwtests/cgbpal_m3/cgbpal_write_m3start_lcdoffset1_2_cgb04c_out00.asm,59d006e683e0758344e581d85c9f510f702b31a39795420ba67fba95d3eb5c1a,69,00 0f 40 41 43 45 47 4d 68 69 ff,48 100 150 1000 1008 7000 7400,Static source audit; unresolved timing/behavior unless described in review notes
display_startstate/stat_1_dmg08_out85.gb,FAILED,ok,ok,85,https://github.com/pokemon-speedrunning/gambatte-core/blob/d819bad196/test/hwtests/display_startstate/stat_1_dmg08_out85.asm,9fd1dd72dc347aa0e7b85178b5ffac41fdc4e73e1c446eb9e940599bf818a3f7,41,40 43 47 68 69,100 150 1000 7000 7400,Resolved by runner contract or core changes documented in GAMBATTE_REVIEW.md
display_startstate/stat_2_dmg08_out84.gb,FAILED,ok,ok,84,https://github.com/pokemon-speedrunning/gambatte-core/blob/d819bad196/test/hwtests/display_startstate/stat_2_dmg08_out84.asm,fe7dc254cd081c01fdb98376adc0a8f27bddefc678b5f8be1c85b42808cfb95d,41,40 43 47 68 69,100 150 1000 7000 7400,Resolved by runner contract or core changes documented in GAMBATTE_REVIEW.md
div/start_inc_1_cgb04c_out1E.gbc,FAILED,FAILED,FAILED,1E,https://github.com/pokemon-speedrunning/gambatte-core/blob/d819bad196/test/hwtests/div/start_inc_1_cgb04c_out1E.asm,f02ae3267fa3f424c7ca4e075bf2a4ec9ad7a55e5a859259c9a694a40ec6c604,04,40 43 47 68 69,100 150 1000 7000 7400,Static source audit; unresolved timing/behavior unless described in review notes
div/start_inc_1_dmg08_outAB.gb,FAILED,ok,ok,AB,https://github.com/pokemon-speedrunning/gambatte-core/blob/d819bad196/test/hwtests/div/start_inc_1_dmg08_outAB.asm,5cd4ef38174c8f53d1062e15b591b9419df245c17ce17f8cfed5bc010e8c6fef,04,40 43 47 68 69,100 150 1000 7000 7400,Resolved by runner contract or core changes documented in GAMBATTE_REVIEW.md
div/start_inc_2_cgb04c_out1F.gbc,FAILED,FAILED,FAILED,1F,https://github.com/pokemon-speedrunning/gambatte-core/blob/d819bad196/test/hwtests/div/start_inc_2_cgb04c_out1F.asm,b73576dfd8351f736f44985ea37589344fcf33356db6945d254b875a5b85c61d,04,40 43 47 68 69,100 150 1000 7000 7400,Static source audit; unresolved timing/behavior unless described in review notes
div/start_inc_2_dmg08_outAC.gb,FAILED,ok,ok,AC,https://github.com/pokemon-speedrunning/gambatte-core/blob/d819bad196/test/hwtests/div/start_inc_2_dmg08_outAC.asm,206f7abbb53aa770096546bc56e48d0d13a8159716bb06001622de9e8fc0f3ab,04,40 43 47 68 69,100 150 1000 7000 7400,Resolved by runner contract or core changes documented in GAMBATTE_REVIEW.md
dma/dma_dst_wrap_2_cgb04c_out0.gbc,FAILED,FAILED,ok,0,https://github.com/pokemon-speedrunning/gambatte-core/blob/d819bad196/test/hwtests/dma/dma_dst_wrap_2_cgb04c_out0.asm,3f362d1630632d0c85bca1896488a2fb8f58b4c29553e81c3ebbd64c7d01436b,,0f 40 41 43 45 47 51 52 53 54 55 68 69 ff,48 100 150 1000 7000 7400,Resolved by runner contract or core changes documented in GAMBATTE_REVIEW.md
dma/dma_hiram_read_cgb04c_out7.gbc,FAILED,FAILED,ok,7,https://github.com/pokemon-speedrunning/gambatte-core/blob/d819bad196/test/hwtests/dma/dma_hiram_read_cgb04c_out7.asm,753f85485f7ce7d50377a1999c6d105c85f1f74208eaddb5f5c1342ea3529fdc,,40 43 47 51 52 53 54 55 68 69,100 150 7000 7400,Resolved by runner contract or core changes documented in GAMBATTE_REVIEW.md
dma/dma_hiram_read_result_cgb04c_out1.gbc,FAILED,FAILED,ok,1,https://github.com/pokemon-speedrunning/gambatte-core/blob/d819bad196/test/hwtests/dma/dma_hiram_read_result_cgb04c_out1.asm,80b83e43811f01b3c491d975dcf2026eeb7df7daa1be1f1dc0cc263cc8d74f6b,,40 43 47 51 52 53 54 55 68 69,100 150 7000 7400,Resolved by runner contract or core changes documented in GAMBATTE_REVIEW.md
dma/dma_oam_read_cgb04c_out7.gbc,FAILED,FAILED,ok,7,https://github.com/pokemon-speedrunning/gambatte-core/blob/d819bad196/test/hwtests/dma/dma_oam_read_cgb04c_out7.asm,dda1c6fbaed8212af142e22e9f3b2b06022b7c675d59cad98228589c14d2eccc,,40 43 47 51 52 53 54 55 68 69,100 150 7000 7400,Resolved by runner contract or core changes documented in GAMBATTE_REVIEW.md
dma/dma_vram_read_cgb04c_out7.gbc,FAILED,FAILED,ok,7,https://github.com/pokemon-speedrunning/gambatte-core/blob/d819bad196/test/hwtests/dma/dma_vram_read_cgb04c_out7.asm,ed1d78235ae3720959b5c0b3633e6b8318f428d0952d019f8af458cd71523672,,40 43 47 51 52 53 54 55 68 69,100 150 7000 7400,Resolved by runner contract or core changes documented in GAMBATTE_REVIEW.md
dma/ff51_bits_cgb04c_outFF.gbc,FAILED,FAILED,ok,FF,https://github.com/pokemon-speedrunning/gambatte-core/blob/d819bad196/test/hwtests/dma/ff51_bits_cgb04c_outFF.asm,318d49aa964ae46630d07d1bbe441cbd66d167873fc365241558512d312af443,51,0f 40 41 43 45 47 51 52 53 54 68 69 ff,48 100 150 1000 1040 7000 7400,Resolved by runner contract or core changes documented in GAMBATTE_REVIEW.md
dma/ff52_bits_cgb04c_outFF.gbc,FAILED,FAILED,ok,FF,https://github.com/pokemon-speedrunning/gambatte-core/blob/d819bad196/test/hwtests/dma/ff52_bits_cgb04c_outFF.asm,82c5f7753769d61174ba1ecb829ff695419d9ca719f873aa7a26f0fe2b2c180b,52,0f 40 41 43 45 47 51 52 53 54 68 69 ff,48 100 150 1000 1040 7000 7400,Resolved by runner contract or core changes documented in GAMBATTE_REVIEW.md
dma/ff53_bits_cgb04c_outFF.gbc,FAILED,FAILED,ok,FF,https://github.com/pokemon-speedrunning/gambatte-core/blob/d819bad196/test/hwtests/dma/ff53_bits_cgb04c_outFF.asm,7edf43e614e950a67d8aa7a7478bca910a4a6e7dd5694f349ec8c03acc0233d6,53,0f 40 41 43 45 47 51 52 53 54 68 69 ff,48 100 150 1000 1040 7000 7400,Resolved by runner contract or core changes documented in GAMBATTE_REVIEW.md
dma/ff54_bits_cgb04c_outFF.gbc,FAILED,FAILED,ok,FF,https://github.com/pokemon-speedrunning/gambatte-core/blob/d819bad196/test/hwtests/dma/ff54_bits_cgb04c_outFF.asm,25a697c3fd9ecf342658ce3fe6e53ef00aa4f03e2544a7c479ab7f432c4160d8,54,0f 40 41 43 45 47 51 52 53 54 68 69 ff,48 100 150 1000 1040 7000 7400,Resolved by runner contract or core changes documented in GAMBATTE_REVIEW.md
dma/gdma_cycles_2xshort_ds_2_cgb04c_out0.gbc,FAILED,FAILED,FAILED,0,https://github.com/pokemon-speedrunning/gambatte-core/blob/d819bad196/test/hwtests/dma/gdma_cycles_2xshort_ds_2_cgb04c_out0.asm,56c6552eae3c6701273ee3c5d6ca7035c0a90ae634dd50587d1b2d19ec4019e0,41,00 0f 40 41 43 45 47 4d 51 52 53 54 55 68 69 ff,48 100 150 1000 1132 7000 7400,Static source audit; unresolved timing/behavior unless described in review notes
dma/gdma_cycles_2xshort_scx5_ds_2_cgb04c_out0.gbc,FAILED,FAILED,FAILED,0,https://github.com/pokemon-speedrunning/gambatte-core/blob/d819bad196/test/hwtests/dma/gdma_cycles_2xshort_scx5_ds_2_cgb04c_out0.asm,b0c0aa8f00f84c9004f61e87efa8ee019ba1fc26ac0a5bb404c36edb58b50ff0,41,00 0f 40 41 43 45 47 4d 51 52 53 54 55 68 69 ff,48 100 150 1000 1135 7000 7400,Static source audit; unresolved timing/behavior unless described in review notes
dma/gdma_cycles_long_2_cgb04c_out0.gbc,FAILED,FAILED,FAILED,0,https://github.com/pokemon-speedrunning/gambatte-core/blob/d819bad196/test/hwtests/dma/gdma_cycles_long_2_cgb04c_out0.asm,d2fc79a37b952ef15e2841d91d7e0a8863c40652ebc6453df5bd8d20d81e7b70,41,0f 40 41 43 45 47 51 52 53 54 55 68 69 ff,48 100 150 1000 10a5 7000 7400,Static source audit; unresolved timing/behavior unless described in review notes
dma/gdma_cycles_long_scx2_2_cgb04c_out0.gbc,FAILED,FAILED,FAILED,0,https://github.com/pokemon-speedrunning/gambatte-core/blob/d819bad196/test/hwtests/dma/gdma_cycles_long_scx2_2_cgb04c_out0.asm,96f1ea49a38b4034ecdf6235e76f0784a245385c8ef00895692299560bdb8f1e,41,0f 40 41 43 45 47 51 52 53 54 55 68 69 ff,48 100 150 1000 10a5 7000 7400,Static source audit; unresolved timing/behavior unless described in review notes
dma/gdma_cycles_long_scx3_2_cgb04c_out0.gbc,FAILED,FAILED,FAILED,0,https://github.com/pokemon-speedrunning/gambatte-core/blob/d819bad196/test/hwtests/dma/gdma_cycles_long_scx3_2_cgb04c_out0.asm,2002fd8be3322172c1749519c5c55ca5241093110b24c3756d889d2f72f593a9,41,0f 40 41 43 45 47 51 52 53 54 55 68 69 ff,48 100 150 1000 10a5 7000 7400,Static source audit; unresolved timing/behavior unless described in review notes
dma/gdma_cycles_long_scx5_2_cgb04c_out0.gbc,FAILED,FAILED,FAILED,0,https://github.com/pokemon-speedrunning/gambatte-core/blob/d819bad196/test/hwtests/dma/gdma_cycles_long_scx5_2_cgb04c_out0.asm,63155453010adc303ad62d27cdf2156adec57ea826d6664f0d755059ccf7febf,41,0f 40 41 43 45 47 51 52 53 54 55 68 69 ff,48 100 150 1000 10a6 7000 7400,Static source audit; unresolved timing/behavior unless described in review notes
dma/gdma_cycles_short_2_cgb04c_out0.gbc,FAILED,FAILED,FAILED,0,https://github.com/pokemon-speedrunning/gambatte-core/blob/d819bad196/test/hwtests/dma/gdma_cycles_short_2_cgb04c_out0.asm,9dd12a82a5422feceac404a028cda49ce8892853bfc6347d0f2a9d438744b279,41,0f 40 41 43 45 47 51 52 53 54 55 68 69 ff,48 100 150 1000 109b 7000 7400,Static source audit; unresolved timing/behavior unless described in review notes
dma/gdma_cycles_short_scx2_2_cgb04c_out0.gbc,FAILED,FAILED,FAILED,0,https://github.com/pokemon-speedrunning/gambatte-core/blob/d819bad196/test/hwtests/dma/gdma_cycles_short_scx2_2_cgb04c_out0.asm,2e45a9d6a746afc10d45b4b274ded8861aacc8915fee2d4e46c4176d4bef89ed,41,0f 40 41 43 45 47 51 52 53 54 55 68 69 ff,48 100 150 1000 109b 7000 7400,Static source audit; unresolved timing/behavior unless described in review notes
dma/gdma_cycles_short_scx3_2_cgb04c_out0.gbc,FAILED,FAILED,FAILED,0,https://github.com/pokemon-speedrunning/gambatte-core/blob/d819bad196/test/hwtests/dma/gdma_cycles_short_scx3_2_cgb04c_out0.asm,4c2bd942f88a78073610eb5c41faa2e26303e78dc2d663da48c1f41585710a0f,41,0f 40 41 43 45 47 51 52 53 54 55 68 69 ff,48 100 150 1000 109b 7000 7400,Static source audit; unresolved timing/behavior unless described in review notes
dma/gdma_cycles_short_scx5_2_cgb04c_out0.gbc,FAILED,FAILED,FAILED,0,https://github.com/pokemon-speedrunning/gambatte-core/blob/d819bad196/test/hwtests/dma/gdma_cycles_short_scx5_2_cgb04c_out0.asm,16564279882c516baa4b748fe582782b34774e934ee20a101628001c699fe4b1,41,0f 40 41 43 45 47 51 52 53 54 55 68 69 ff,48 100 150 1000 109c 7000 7400,Static source audit; unresolved timing/behavior unless described in review notes
dma/gdma_weird_2_cgb04c_out0.gbc,FAILED,FAILED,FAILED,0,https://github.com/pokemon-speedrunning/gambatte-core/blob/d819bad196/test/hwtests/dma/gdma_weird_2_cgb04c_out0.asm,4965de9c38e7c22157f1246dcabf781c6bfc931de73909fa1215084a5702ef75,41,0f 40 41 43 45 47 51 52 53 54 55 68 69 ff,48 100 150 1000 109b 7000 7400,Static source audit; unresolved timing/behavior unless described in review notes
dma/hdma_cycles_2_cgb04c_out0.gbc,FAILED,FAILED,FAILED,0,https://github.com/pokemon-speedrunning/gambatte-core/blob/d819bad196/test/hwtests/dma/hdma_cycles_2_cgb04c_out0.asm,88f3885a01861c8ec932c3ed1184839feb428beb393670dca4c71a0d2aba5146,41,0f 40 41 43 45 47 51 52 53 54 55 68 69 ff,48 100 150 1000 109b 7000 7400,Static source audit; unresolved timing/behavior unless described in review notes
dma/hdma_cycles_scx2_2_cgb04c_out0.gbc,FAILED,FAILED,FAILED,0,https://github.com/pokemon-speedrunning/gambatte-core/blob/d819bad196/test/hwtests/dma/hdma_cycles_scx2_2_cgb04c_out0.asm,fd334e44d76171fe340fec2fe728ba7d6c0b6c5d9f48355c5b71ebe3bddea563,41,0f 40 41 43 45 47 51 52 53 54 55 68 69 ff,48 100 150 1000 109b 7000 7400,Static source audit; unresolved timing/behavior unless described in review notes
dma/hdma_cycles_scx3_2_cgb04c_out0.gbc,FAILED,FAILED,FAILED,0,https://github.com/pokemon-speedrunning/gambatte-core/blob/d819bad196/test/hwtests/dma/hdma_cycles_scx3_2_cgb04c_out0.asm,8afc9c184d59b838074b4eac5e133ee067b877bb302e3004aaa172f7f9e06be1,41,0f 40 41 43 45 47 51 52 53 54 55 68 69 ff,48 100 150 1000 109b 7000 7400,Static source audit; unresolved timing/behavior unless described in review notes
dma/hdma_cycles_scx5_2_cgb04c_out0.gbc,FAILED,FAILED,FAILED,0,https://github.com/pokemon-speedrunning/gambatte-core/blob/d819bad196/test/hwtests/dma/hdma_cycles_scx5_2_cgb04c_out0.asm,2afaf921cf0440a737cdd1d883fec86802692c1b0a630baf8615e5cb3a1b9c2b,41,0f 40 41 43 45 47 51 52 53 54 55 68 69 ff,48 100 150 1000 109c 7000 7400,Static source audit; unresolved timing/behavior unless described in review notes
dma/hdma_disable_display_2_cgb04c_out0.gbc,FAILED,FAILED,FAILED,0,https://github.com/pokemon-speedrunning/gambatte-core/blob/d819bad196/test/hwtests/dma/hdma_disable_display_2_cgb04c_out0.asm,85e2733050d6fa41affd3f29eb4bcd89baec46d37bffecf9f0dcbddf70f91a19,80,0f 40 41 43 45 47 51 52 53 54 55 68 69 ff,48 100 150 1000 1200 7000 7400,Static source audit; unresolved timing/behavior unless described in review notes
dma/hdma_ei_m3halt_m0unhalt_ly_2_cgb04c_out03.gbc,FAILED,FAILED,FAILED,03,https://github.com/pokemon-speedrunning/gambatte-core/blob/d819bad196/test/hwtests/dma/hdma_ei_m3halt_m0unhalt_ly_2_cgb04c_out03.asm,8c59d24c2eb4ac333fa8317c03d5abc97a09fafa5b83f0db37176e726875c718,40 44,05 06 07 0f 40 42 43 47 51 52 53 54 55 68 69 ff,50 100 150 1000 10d0 1160 117e 7000 7400,Static source audit; unresolved timing/behavior unless described in review notes
dma/hdma_late_destl_1_cgb04c_out0.gbc,FAILED,FAILED,FAILED,0,https://github.com/pokemon-speedrunning/gambatte-core/blob/d819bad196/test/hwtests/dma/hdma_late_destl_1_cgb04c_out0.asm,124585e1335d1097f78d1d12cd0a2572d08382515f38fd5946bc789f10a5f0b3,,0f 40 41 43 45 47 51 52 53 54 55 68 69 ff,48 100 150 1000 1031 1068 7000 7400,Static source audit; unresolved timing/behavior unless described in review notes
dma/hdma_late_disable_ds_1_cgb04c_out0.gbc,FAILED,FAILED,FAILED,0,https://github.com/pokemon-speedrunning/gambatte-core/blob/d819bad196/test/hwtests/dma/hdma_late_disable_ds_1_cgb04c_out0.asm,f4ea3c4104d62d7df6d89abb09375953515dbfa95ca7dcd6199d2c77a4063087,,00 0f 40 41 43 45 47 4d 51 52 53 54 55 68 69 ff,48 100 150 1000 1070 10e8 7000 7400,Static source audit; unresolved timing/behavior unless described in review notes
dma/hdma_late_disable_scx2_1_cgb04c_out0.gbc,FAILED,FAILED,FAILED,0,https://github.com/pokemon-speedrunning/gambatte-core/blob/d819bad196/test/hwtests/dma/hdma_late_disable_scx2_1_cgb04c_out0.asm,5572127e0c5802fee3b06af295e93d827c6d1266158fdaa0f8a29c6f38852cbc,,0f 40 41 43 45 47 51 52 53 54 55 68 69 ff,48 100 150 1000 1031 1068 7000 7400,Static source audit; unresolved timing/behavior unless described in review notes
dma/hdma_late_disable_scx5_ds_1_cgb04c_out0.gbc,FAILED,FAILED,FAILED,0,https://github.com/pokemon-speedrunning/gambatte-core/blob/d819bad196/test/hwtests/dma/hdma_late_disable_scx5_ds_1_cgb04c_out0.asm,ea6f56df232f5b6f72b1763d84d93798b8a9e8e9d17bc4b3bb10b9e729a471ee,,00 0f 40 41 43 45 47 4d 51 52 53 54 55 68 69 ff,48 100 150 1000 1072 10e8 7000 7400,Static source audit; unresolved timing/behavior unless described in review notes
dma/hdma_late_ei_m3halt_m2unhalt_ly_scx1_2_cgb04c_out03.gbc,FAILED,FAILED,FAILED,03,https://github.com/pokemon-speedrunning/gambatte-core/blob/d819bad196/test/hwtests/dma/hdma_late_ei_m3halt_m2unhalt_ly_scx1_2_cgb04c_out03.asm,2a01f8fa008aa0a62b4b3bf99f1a6937c930d08c378b96db1fab5804711f895c,40 44,05 06 07 0f 40 42 43 47 51 52 53 54 55 68 69 ff,50 100 150 1000 1100 11a3 11f1 7000 7400,Static source audit; unresolved timing/behavior unless described in review notes
dma/hdma_late_ei_m3halt_m2unhalt_ly_scx1_4_cgb04c_out03.gbc,FAILED,FAILED,FAILED,03,https://github.com/pokemon-speedrunning/gambatte-core/blob/d819bad196/test/hwtests/dma/hdma_late_ei_m3halt_m2unhalt_ly_scx1_4_cgb04c_out03.asm,af82e8e798151c0ee6494fff3152bb55063f71a8c06757a16271e959d3585156,40 44,05 06 07 0f 40 42 43 47 51 52 53 54 55 68 69 ff,50 100 150 1000 1100 11a4 11f2 7000 7400,Static source audit; unresolved timing/behavior unless described in review notes
dma/hdma_late_enable_2_cgb04c_out0.gbc,FAILED,FAILED,FAILED,0,https://github.com/pokemon-speedrunning/gambatte-core/blob/d819bad196/test/hwtests/dma/hdma_late_enable_2_cgb04c_out0.asm,866d11995620315e09113ba4a5bff4e06a6eeafe6604cb2b7eec7254382b5782,,0f 40 41 43 45 47 51 52 53 54 55 68 69 ff,48 100 150 1000 1063 7000 7400,Static source audit; unresolved timing/behavior unless described in review notes
dma/hdma_late_enable_ds_2_cgb04c_out0.gbc,FAILED,FAILED,FAILED,0,https://github.com/pokemon-speedrunning/gambatte-core/blob/d819bad196/test/hwtests/dma/hdma_late_enable_ds_2_cgb04c_out0.asm,e588c9c85f6a426d19e2013e64107115d69cd80c132f4a3752e7c592e0fd4a28,,00 0f 40 41 43 45 47 4d 51 52 53 54 55 68 69 ff,48 100 150 1000 10d5 10ec 7000 7400,Static source audit; unresolved timing/behavior unless described in review notes
dma/hdma_late_enable_ds_lcdoffset1_2_cgb04c_out0.gbc,FAILED,FAILED,FAILED,0,https://github.com/pokemon-speedrunning/gambatte-core/blob/d819bad196/test/hwtests/dma/hdma_late_enable_ds_lcdoffset1_2_cgb04c_out0.asm,552d5effafabc2a3bd0f8034c36022e750fead1f9ffaa8570ba9cfeff4f3e83f,,00 0f 40 41 43 45 47 4d 51 52 53 54 55 68 69 ff,48 100 150 1000 10d4 10ea 7000 7400,Static source audit; unresolved timing/behavior unless described in review notes
dma/hdma_late_enable_lcdoffset3_2_cgb04c_out0.gbc,FAILED,FAILED,FAILED,0,https://github.com/pokemon-speedrunning/gambatte-core/blob/d819bad196/test/hwtests/dma/hdma_late_enable_lcdoffset3_2_cgb04c_out0.asm,bad7c90461a4480a38a98346f63498cd269a049d295d6f04925b02c8101563c1,,00 0f 40 41 43 45 47 4d 51 52 53 54 55 68 69 ff,48 100 150 1000 1062 106e 7000 7400,Static source audit; unresolved timing/behavior unless described in review notes
dma/hdma_late_if_and_ie_halt_1_cgb04c_out00.gbc,FAILED,FAILED,FAILED,00,https://github.com/pokemon-speedrunning/gambatte-core/blob/d819bad196/test/hwtests/dma/hdma_late_if_and_ie_halt_1_cgb04c_out00.asm,4a61bdf444b432d5555a8494bf791b6821ea89f883645a63864055dcf35378ee,,0f 40 41 42 43 45 47 51 52 53 54 55 68 69 ff,48 100 150 1000 1032 7000 7400,Static source audit; unresolved timing/behavior unless described in review notes
dma/hdma_late_length_1_cgb04c_out0.gbc,FAILED,FAILED,FAILED,0,https://github.com/pokemon-speedrunning/gambatte-core/blob/d819bad196/test/hwtests/dma/hdma_late_length_1_cgb04c_out0.asm,a96e872173180efb2ac547844c97d0602c0541445a976ee99808d9911fd50e56,,0f 40 41 43 45 47 51 52 53 54 55 68 69 ff,48 100 150 1000 1031 10b8 7000 7400,Static source audit; unresolved timing/behavior unless described in review notes
dma/hdma_late_m0halt_1_cgb04c_out00.gbc,FAILED,FAILED,FAILED,00,https://github.com/pokemon-speedrunning/gambatte-core/blob/d819bad196/test/hwtests/dma/hdma_late_m0halt_1_cgb04c_out00.asm,f358e1b3c6110033b07f50ac589fa19da3ea4aecee253d6e7e33e5ce2ca7660b,55,05 06 07 0f 40 42 43 47 51 52 53 54 55 68 69 ff,50 100 150 1000 10b0 117f 7000 7400,Static source audit; unresolved timing/behavior unless described in review notes
dma/hdma_late_m0halt_ds_1_cgb04c_out00.gbc,FAILED,FAILED,FAILED,00,https://github.com/pokemon-speedrunning/gambatte-core/blob/d819bad196/test/hwtests/dma/hdma_late_m0halt_ds_1_cgb04c_out00.asm,b081d90825500854624d5430278f3fcfa154d0ff47c66c7aff692c346ee2644f,55,00 05 06 07 0f 40 42 43 47 4d 51 52 53 54 55 68 69 ff,50 100 150 1000 10b0 133e 7000 7400,Static source audit; unresolved timing/behavior unless described in review notes
dma/hdma_late_m0halt_ds_lcdoffset1_1_cgb04c_out00.gbc,FAILED,FAILED,FAILED,00,https://github.com/pokemon-speedrunning/gambatte-core/blob/d819bad196/test/hwtests/dma/hdma_late_m0halt_ds_lcdoffset1_1_cgb04c_out00.asm,094ff4778a0168a76b6924be23f2da7ec9d73ca5e34923a76e14236aa3d136b2,55,00 0f 40 41 42 43 45 47 4d 51 52 53 54 55 68 69 ff,48 100 150 1000 10bd 7000 7400,Static source audit; unresolved timing/behavior unless described in review notes
dma/hdma_late_m0halt_lcdoffset3_1_cgb04c_out00.gbc,FAILED,FAILED,FAILED,00,https://github.com/pokemon-speedrunning/gambatte-core/blob/d819bad196/test/hwtests/dma/hdma_late_m0halt_lcdoffset3_1_cgb04c_out00.asm,99ed3da3d15fdbc28872e7e3ad3df92f365e6895c96d1204fe00b6f2e238b3c9,55,00 0f 40 41 42 43 45 47 4d 51 52 53 54 55 68 69 ff,48 100 150 1000 1053 7000 7400,Static source audit; unresolved timing/behavior unless described in review notes
dma/hdma_late_m0unhalt_1_cgb04c_out00.gbc,FAILED,FAILED,FAILED,00,https://github.com/pokemon-speedrunning/gambatte-core/blob/d819bad196/test/hwtests/dma/hdma_late_m0unhalt_1_cgb04c_out00.asm,36043fc8407b8ab3752339369d505d2704bbe3203b4c62480c7d4d46fdc3ab21,55,05 06 07 0f 40 42 43 47 51 52 53 54 55 68 69 ff,50 100 150 1000 1110 11a0 7000 7400,Static source audit; unresolved timing/behavior unless described in review notes
dma/hdma_late_m0unhalt_ds_1_cgb04c_out00.gbc,FAILED,FAILED,FAILED,00,https://github.com/pokemon-speedrunning/gambatte-core/blob/d819bad196/test/hwtests/dma/hdma_late_m0unhalt_ds_1_cgb04c_out00.asm,ca112d8bf647ebddbe49f06856cd5f1f7a7e044d8e3fffe5f2c86a6aadb8c72a,55,00 05 06 07 0f 40 42 43 47 4d 51 52 53 54 55 68 69 ff,50 100 150 1000 1149 1350 7000 7400,Static source audit; unresolved timing/behavior unless described in review notes
dma/hdma_late_m3halt_m2unhalt_inc_scx1_2_cgb04c_out02.gbc,FAILED,FAILED,FAILED,02,https://github.com/pokemon-speedrunning/gambatte-core/blob/d819bad196/test/hwtests/dma/hdma_late_m3halt_m2unhalt_inc_scx1_2_cgb04c_out02.asm,e38abd6bc9216d7a4886143f334fad28fa5435bca68d5adcaa0767977aa69c4d,,05 06 07 0f 40 42 43 47 51 52 53 54 55 68 69 ff,50 100 150 1000 1100 11a5 7000 7400,Static source audit; unresolved timing/behavior unless described in review notes
dma/hdma_late_m3halt_m2unhalt_inc_scx2_2_cgb04c_out02.gbc,FAILED,FAILED,FAILED,02,https://github.com/pokemon-speedrunning/gambatte-core/blob/d819bad196/test/hwtests/dma/hdma_late_m3halt_m2unhalt_inc_scx2_2_cgb04c_out02.asm,a845ea619b0db51244a11ce48742c414d5fd8a89be3d524916bed9909df21236,,05 06 07 0f 40 42 43 47 51 52 53 54 55 68 69 ff,50 100 150 1000 1100 11a6 7000 7400,Static source audit; unresolved timing/behavior unless described in review notes
dma/hdma_late_m3halt_m2unhalt_ly_scx1_2_cgb04c_out03.gbc,FAILED,FAILED,FAILED,03,https://github.com/pokemon-speedrunning/gambatte-core/blob/d819bad196/test/hwtests/dma/hdma_late_m3halt_m2unhalt_ly_scx1_2_cgb04c_out03.asm,bd54247e0b7ebed3e0c8d1556602d00367d78beb62b9a875d905c65efd818298,44,05 06 07 0f 40 42 43 47 51 52 53 54 55 68 69 ff,50 100 150 1000 1100 11a4 1202 7000 7400,Static source audit; unresolved timing/behavior unless described in review notes
dma/hdma_late_m3halt_m2unhalt_ly_scx1_4_cgb04c_out03.gbc,FAILED,FAILED,FAILED,03,https://github.com/pokemon-speedrunning/gambatte-core/blob/d819bad196/test/hwtests/dma/hdma_late_m3halt_m2unhalt_ly_scx1_4_cgb04c_out03.asm,34d58613b47feec3e54846f46ed60478ef9965a2d5500cebf73054c7694940a6,44,05 06 07 0f 40 42 43 47 51 52 53 54 55 68 69 ff,50 100 150 1000 1100 11a5 1203 7000 7400,Static source audit; unresolved timing/behavior unless described in review notes
dma/hdma_late_m3halt_m2unhalt_ly_scx2_2_cgb04c_out03.gbc,FAILED,FAILED,FAILED,03,https://github.com/pokemon-speedrunning/gambatte-core/blob/d819bad196/test/hwtests/dma/hdma_late_m3halt_m2unhalt_ly_scx2_2_cgb04c_out03.asm,f10998650768f8597e3387272aa622253fb8e8a1f5cbb7df772bbac6780ef5b0,44,05 06 07 0f 40 42 43 47 51 52 53 54 55 68 69 ff,50 100 150 1000 1100 11a5 1203 7000 7400,Static source audit; unresolved timing/behavior unless described in review notes
dma/hdma_late_m3halt_m2unhalt_ly_scx2_4_cgb04c_out03.gbc,FAILED,FAILED,FAILED,03,https://github.com/pokemon-speedrunning/gambatte-core/blob/d819bad196/test/hwtests/dma/hdma_late_m3halt_m2unhalt_ly_scx2_4_cgb04c_out03.asm,d547f2dd0391e052052ac938df826d92f77d991214221fcda83130c870463aa6,44,05 06 07 0f 40 42 43 47 51 52 53 54 55 68 69 ff,50 100 150 1000 1100 11a6 1204 7000 7400,Static source audit; unresolved timing/behavior unless described in review notes
dma/hdma_late_m3halt_m2unhalt_scx1_1_cgb04c_out00.gbc,FAILED,FAILED,FAILED,00,https://github.com/pokemon-speedrunning/gambatte-core/blob/d819bad196/test/hwtests/dma/hdma_late_m3halt_m2unhalt_scx1_1_cgb04c_out00.asm,5d73de3b592e526d6036a09ce35beed886ad6525edde9bcbf0c2f140fccdab73,55,05 06 07 0f 40 42 43 47 51 52 53 54 55 68 69 ff,50 100 150 1000 1100 11a4 7000 7400,Static source audit; unresolved timing/behavior unless described in review notes
dma/hdma_late_m3halt_m2unhalt_scx2_1_cgb04c_out00.gbc,FAILED,FAILED,FAILED,00,https://github.com/pokemon-speedrunning/gambatte-core/blob/d819bad196/test/hwtests/dma/hdma_late_m3halt_m2unhalt_scx2_1_cgb04c_out00.asm,def94d67f738232a48eeb07625c5ad2f8f399e484b92bc13457ad8e29cfebf76,55,05 06 07 0f 40 42 43 47 51 52 53 54 55 68 69 ff,50 100 150 1000 1100 11a5 7000 7400,Static source audit; unresolved timing/behavior unless described in review notes
dma/hdma_late_m3speedchange_hdma5_scx1_1_cgb04c_out00.gbc,FAILED,FAILED,FAILED,00,https://github.com/pokemon-speedrunning/gambatte-core/blob/d819bad196/test/hwtests/dma/hdma_late_m3speedchange_hdma5_scx1_1_cgb04c_out00.asm,3dfc2f6c75ceb41a502ef4ff13918a6bad83872f08236aef97435f061ae1f78f,55,00 0f 40 41 42 43 45 47 4d 51 52 53 54 55 68 69 ff,48 100 150 1000 1024 7000 7400,Static source audit; unresolved timing/behavior unless described in review notes
dma/hdma_late_m3speedchange_hdma5_scx1_2_cgb04c_out80.gbc,FAILED,FAILED,FAILED,80,https://github.com/pokemon-speedrunning/gambatte-core/blob/d819bad196/test/hwtests/dma/hdma_late_m3speedchange_hdma5_scx1_2_cgb04c_out80.asm,ccdfd63d6cabae064cba2fa9e5540e961001285a4e4d25761302306a2a7a3185,55,00 0f 40 41 42 43 45 47 4d 51 52 53 54 55 68 69 ff,48 100 150 1000 1025 7000 7400,Static source audit; unresolved timing/behavior unless described in review notes
dma/hdma_late_m3speedchange_hdma5_scx1_ds_1_cgb04c_out00.gbc,FAILED,FAILED,FAILED,00,https://github.com/pokemon-speedrunning/gambatte-core/blob/d819bad196/test/hwtests/dma/hdma_late_m3speedchange_hdma5_scx1_ds_1_cgb04c_out00.asm,df7c8847cf86ef51c8d5098112b26f1e212efbdbd020a670f63f6678601cf541,55,00 0f 40 41 42 43 45 47 4d 51 52 53 54 55 68 69 ff,48 100 150 1000 1064 7000 7400,Static source audit; unresolved timing/behavior unless described in review notes
dma/hdma_late_m3speedchange_hdma5_scx2_1_cgb04c_out00.gbc,FAILED,FAILED,FAILED,00,https://github.com/pokemon-speedrunning/gambatte-core/blob/d819bad196/test/hwtests/dma/hdma_late_m3speedchange_hdma5_scx2_1_cgb04c_out00.asm,ceb7ea000630a080e897dd49298d085d0915988d7b24b92a59ae7a5a3197a144,55,00 0f 40 41 42 43 45 47 4d 51 52 53 54 55 68 69 ff,48 100 150 1000 1025 7000 7400,Static source audit; unresolved timing/behavior unless described in review notes
dma/hdma_late_m3speedchange_hdma5_scx2_2_cgb04c_out80.gbc,FAILED,FAILED,FAILED,80,https://github.com/pokemon-speedrunning/gambatte-core/blob/d819bad196/test/hwtests/dma/hdma_late_m3speedchange_hdma5_scx2_2_cgb04c_out80.asm,3f1433586d24836beb8a7b6c67954b655bd3e7429cec4c6998b3a22d53009249,55,00 0f 40 41 42 43 45 47 4d 51 52 53 54 55 68 69 ff,48 100 150 1000 1026 7000 7400,Static source audit; unresolved timing/behavior unless described in review notes
dma/hdma_late_m3speedchange_hdma5_scx2_ds_1_cgb04c_out00.gbc,FAILED,FAILED,FAILED,00,https://github.com/pokemon-speedrunning/gambatte-core/blob/d819bad196/test/hwtests/dma/hdma_late_m3speedchange_hdma5_scx2_ds_1_cgb04c_out00.asm,df5dd9cb37c4ca3012aa9524061da91072a8444a7b0bd3d04c1f5b438a1f65c6,55,00 0f 40 41 42 43 45 47 4d 51 52 53 54 55 68 69 ff,48 100 150 1000 1065 7000 7400,Static source audit; unresolved timing/behavior unless described in review notes
dma/hdma_late_m3speedchange_inc_scx1_1_cgb04c_out01.gbc,FAILED,FAILED,FAILED,01,https://github.com/pokemon-speedrunning/gambatte-core/blob/d819bad196/test/hwtests/dma/hdma_late_m3speedchange_inc_scx1_1_cgb04c_out01.asm,a70f6d2399481860e5548f84d6f8f47bbf5cd494a46b886182536f14a33cd0ef,,00 0f 40 41 42 43 45 47 4d 51 52 53 54 55 68 69 ff,48 100 150 1000 1024 7000 7400,Static source audit; unresolved timing/behavior unless described in review notes
dma/hdma_late_m3speedchange_inc_scx1_3_cgb04c_out01.gbc,FAILED,FAILED,FAILED,01,https://github.com/pokemon-speedrunning/gambatte-core/blob/d819bad196/test/hwtests/dma/hdma_late_m3speedchange_inc_scx1_3_cgb04c_out01.asm,c44df72b960db8bca652d5888733a1ce683fc67de0310f8abfa9ed6000e046a1,,00 0f 40 41 42 43 45 47 4d 51 52 53 54 55 68 69 ff,48 100 150 1000 1026 7000 7400,Static source audit; unresolved timing/behavior unless described in review notes
dma/hdma_late_m3speedchange_ly_scx1_1_cgb04c_out92.gbc,FAILED,FAILED,FAILED,92,https://github.com/pokemon-speedrunning/gambatte-core/blob/d819bad196/test/hwtests/dma/hdma_late_m3speedchange_ly_scx1_1_cgb04c_out92.asm,7c1161a21a1d3d7c533839cdd0eb0242a96f4cdf7621fbad1b4cd6d2c41e9205,44,00 0f 40 41 42 43 45 47 4d 51 52 53 54 55 68 69 ff,48 100 150 1000 1024 10d0 7000 7400,Static source audit; unresolved timing/behavior unless described in review notes
dma/hdma_late_m3speedchange_ly_scx1_3_cgb04c_out92.gbc,FAILED,FAILED,FAILED,92,https://github.com/pokemon-speedrunning/gambatte-core/blob/d819bad196/test/hwtests/dma/hdma_late_m3speedchange_ly_scx1_3_cgb04c_out92.asm,6958973735d35077735db3807d300965716bb11c71c9ffa62db5cc148b0d4da6,44,00 0f 40 41 42 43 45 47 4d 51 52 53 54 55 68 69 ff,48 100 150 1000 1025 10ce 7000 7400,Static source audit; unresolved timing/behavior unless described in review notes
dma/hdma_late_m3speedchange_ly_scx1_6_cgb04c_out93.gbc,FAILED,FAILED,FAILED,93,https://github.com/pokemon-speedrunning/gambatte-core/blob/d819bad196/test/hwtests/dma/hdma_late_m3speedchange_ly_scx1_6_cgb04c_out93.asm,0fdd40dc8979ae2f074d60745c8caf45aacbb1ca99c78e8c7419aded73ae5cba,44,00 0f 40 41 42 43 45 47 4d 51 52 53 54 55 68 69 ff,48 100 150 1000 1026 10bd 7000 7400,Static source audit; unresolved timing/behavior unless described in review notes
dma/hdma_late_m3speedchange_read_hdmadst00_scx1_1_cgb04c_out00.gbc,FAILED,FAILED,FAILED,00,https://github.com/pokemon-speedrunning/gambatte-core/blob/d819bad196/test/hwtests/dma/hdma_late_m3speedchange_read_hdmadst00_scx1_1_cgb04c_out00.asm,a059c1407800de45361f6de5be3509d46b2988d459af503525f07cad4bccfec5,,00 0f 40 41 42 43 45 47 4d 51 52 53 54 55 68 69 ff,48 100 150 1000 1024 7000 7400,Static source audit; unresolved timing/behavior unless described in review notes
dma/hdma_late_m3speedchange_read_hdmadst00_scx1_ds_1_cgb04c_out00.gbc,FAILED,FAILED,FAILED,00,https://github.com/pokemon-speedrunning/gambatte-core/blob/d819bad196/test/hwtests/dma/hdma_late_m3speedchange_read_hdmadst00_scx1_ds_1_cgb04c_out00.asm,d9e1122d6ce43b6aab09a94558da2a67d9dfbd6850490d04a7548428b22b59ea,,00 0f 40 41 42 43 45 47 4d 51 52 53 54 55 68 69 ff,48 100 150 1000 1069 7000 7400,Static source audit; unresolved timing/behavior unless described in review notes
dma/hdma_late_m3speedchange_read_hdmadst00_scx2_1_cgb04c_out00.gbc,FAILED,FAILED,FAILED,00,https://github.com/pokemon-speedrunning/gambatte-core/blob/d819bad196/test/hwtests/dma/hdma_late_m3speedchange_read_hdmadst00_scx2_1_cgb04c_out00.asm,da51a3589c6b9f5e114ddeadbb5872995e3bd83ae47c441a93647af050ff8988,,00 0f 40 41 42 43 45 47 4d 51 52 53 54 55 68 69 ff,48 100 150 1000 1025 7000 7400,Static source audit; unresolved timing/behavior unless described in review notes
dma/hdma_late_m3speedchange_read_hdmadst00_scx2_ds_1_cgb04c_out00.gbc,FAILED,FAILED,FAILED,00,https://github.com/pokemon-speedrunning/gambatte-core/blob/d819bad196/test/hwtests/dma/hdma_late_m3speedchange_read_hdmadst00_scx2_ds_1_cgb04c_out00.asm,a7507b984d8b07399f0dc33bd63865c97be106b3ed10df8b3c3fc38a4d2dd993,,00 0f 40 41 42 43 45 47 4d 51 52 53 54 55 68 69 ff,48 100 150 1000 106a 7000 7400,Static source audit; unresolved timing/behavior unless described in review notes
dma/hdma_late_m3speedchange_tima_scx1_ds_1_cgb04c_outF3.gbc,FAILED,FAILED,FAILED,F3,https://github.com/pokemon-speedrunning/gambatte-core/blob/d819bad196/test/hwtests/dma/hdma_late_m3speedchange_tima_scx1_ds_1_cgb04c_outF3.asm,29768446acda907ef39209081ebdfe852095cee459e1dd6c9219e761b5edf0bb,05,00 05 06 07 0f 40 41 42 43 45 47 4d 51 52 53 54 55 68 69 ff,48 100 150 1000 1064 7000 7400,Static source audit; unresolved timing/behavior unless described in review notes
dma/hdma_late_m3speedchange_tima_scx1_ds_2_cgb04c_outF4.gbc,FAILED,FAILED,FAILED,F4,https://github.com/pokemon-speedrunning/gambatte-core/blob/d819bad196/test/hwtests/dma/hdma_late_m3speedchange_tima_scx1_ds_2_cgb04c_outF4.asm,3cf00caca52953b65cb3872881d7d8a932b09e4996c9408cf32ca0ea43ea3f4f,05,00 05 06 07 0f 40 41 42 43 45 47 4d 51 52 53 54 55 68 69 ff,48 100 150 1000 1064 7000 7400,Static source audit; unresolved timing/behavior unless described in review notes
dma/hdma_late_m3speedchange_tima_scx1_ds_3_cgb04c_outF6.gbc,FAILED,FAILED,FAILED,F6,https://github.com/pokemon-speedrunning/gambatte-core/blob/d819bad196/test/hwtests/dma/hdma_late_m3speedchange_tima_scx1_ds_3_cgb04c_outF6.asm,5b32a8f9641be65049ec299e3ef4356c9d1b21099b6e0fe6061d66de437ec4d0,05,00 05 06 07 0f 40 41 42 43 45 47 4d 51 52 53 54 55 68 69 ff,48 100 150 1000 1065 7000 7400,Static source audit; unresolved timing/behavior unless described in review notes
dma/hdma_late_m3speedchange_tima_scx1_ds_4_cgb04c_outF7.gbc,FAILED,FAILED,FAILED,F7,https://github.com/pokemon-speedrunning/gambatte-core/blob/d819bad196/test/hwtests/dma/hdma_late_m3speedchange_tima_scx1_ds_4_cgb04c_outF7.asm,34106146c834dc38ae399b2877e37c94e4d5ca49553020ac83f76127ccb86377,05,00 05 06 07 0f 40 41 42 43 45 47 4d 51 52 53 54 55 68 69 ff,48 100 150 1000 1065 7000 7400,Static source audit; unresolved timing/behavior unless described in review notes
dma/hdma_late_speedchange_inc_scx1_ds_1_cgb04c_out01.gbc,FAILED,FAILED,FAILED,01,https://github.com/pokemon-speedrunning/gambatte-core/blob/d819bad196/test/hwtests/dma/hdma_late_speedchange_inc_scx1_ds_1_cgb04c_out01.asm,7a0944a1a8acda43b2732bc4cafaff1baa92c86942334931499fe6a1ca5dd1cb,,00 0f 40 41 42 43 45 47 4d 51 52 53 54 55 68 69 ff,48 100 150 1000 1064 7000 7400,Static source audit; unresolved timing/behavior unless described in review notes
dma/hdma_late_speedchange_inc_scx1_ds_3_cgb04c_out01.gbc,FAILED,FAILED,FAILED,01,https://github.com/pokemon-speedrunning/gambatte-core/blob/d819bad196/test/hwtests/dma/hdma_late_speedchange_inc_scx1_ds_3_cgb04c_out01.asm,ead2aa55fe5b1f25580621fcc3f34f7a1eb537909328c4f76066c5043dcedff9,,00 0f 40 41 42 43 45 47 4d 51 52 53 54 55 68 69 ff,48 100 150 1000 1066 7000 7400,Static source audit; unresolved timing/behavior unless described in review notes
dma/hdma_late_wrambank_1_cgb04c_out0.gbc,FAILED,FAILED,FAILED,0,https://github.com/pokemon-speedrunning/gambatte-core/blob/d819bad196/test/hwtests/dma/hdma_late_wrambank_1_cgb04c_out0.asm,5fb91190808c227c6521432e8bedea12be91ba961dc941bb0131d83d3b3f55ec,,0f 40 41 43 45 47 51 52 53 54 55 68 69 70 ff,48 100 150 1000 1031 1068 7000 7400,Static source audit; unresolved timing/behavior unless described in review notes
dma/hdma_m0halt_late_m3unhalt_scx1_2_cgb04c_out00.gbc,FAILED,FAILED,FAILED,00,https://github.com/pokemon-speedrunning/gambatte-core/blob/d819bad196/test/hwtests/dma/hdma_m0halt_late_m3unhalt_scx1_2_cgb04c_out00.asm,b78297011d1a7c490b66f75cbcd6ece519c1ef3d2233ff8cc6fd290736bf5e12,55,05 06 07 0f 40 42 43 47 51 52 53 54 55 68 69 ff,50 100 150 1000 10d1 1190 11d0 7000 7400,Static source audit; unresolved timing/behavior unless described in review notes
dma/hdma_m0speedchange_late_m3wakeup_scx1_2_cgb04c_out00.gbc,FAILED,FAILED,FAILED,00,https://github.com/pokemon-speedrunning/gambatte-core/blob/d819bad196/test/hwtests/dma/hdma_m0speedchange_late_m3wakeup_scx1_2_cgb04c_out00.asm,48b24c309d407d5461e8b3d54ee0de42a607198f7cfa1eb5ba556cd57ea57c37,55,00 0f 40 41 42 43 45 47 4d 51 52 53 54 55 68 69 ff,48 100 150 1000 102c 7000 7400,Static source audit; unresolved timing/behavior unless described in review notes
dma/hdma_m0speedchange_late_m3wakeup_scx2_2_cgb04c_out00.gbc,FAILED,FAILED,FAILED,00,https://github.com/pokemon-speedrunning/gambatte-core/blob/d819bad196/test/hwtests/dma/hdma_m0speedchange_late_m3wakeup_scx2_2_cgb04c_out00.asm,c7afa03cbd27a5fa0550e49d22443076cb47b7d2753d16adbe8d1d915d990179,55,00 0f 40 41 42 43 45 47 4d 51 52 53 54 55 68 69 ff,48 100 150 1000 102c 7000 7400,Static source audit; unresolved timing/behavior unless described in review notes
dma/hdma_m3halt_m0unhalt_ly_2_cgb04c_out03.gbc,FAILED,FAILED,FAILED,03,https://github.com/pokemon-speedrunning/gambatte-core/blob/d819bad196/test/hwtests/dma/hdma_m3halt_m0unhalt_ly_2_cgb04c_out03.asm,2cff87d799f18971ee3a993c82a9d5292a152c389bb0f9b3941ec60f7f9c7098,44,05 06 07 0f 40 42 43 47 51 52 53 54 55 68 69 ff,50 100 150 1000 10d0 1160 118e 7000 7400,Static source audit; unresolved timing/behavior unless described in review notes
dma/hdma_m3halt_m1unhalt_hdma5_cgb04c_out00.gbc,FAILED,FAILED,FAILED,00,https://github.com/pokemon-speedrunning/gambatte-core/blob/d819bad196/test/hwtests/dma/hdma_m3halt_m1unhalt_hdma5_cgb04c_out00.asm,d92fed3e2c9e61abba0e344270b1318c54fb6172913d4982281c20d4100a0d59,55,05 06 07 0f 40 42 43 47 51 52 53 54 55 68 69 ff,50 100 150 1000 1030 1050 7000 7400,Static source audit; unresolved timing/behavior unless described in review notes
dma/hdma_m3speedchange_late_m0wakeup_2_cgb04c_out00.gbc,FAILED,FAILED,FAILED,00,https://github.com/pokemon-speedrunning/gambatte-core/blob/d819bad196/test/hwtests/dma/hdma_m3speedchange_late_m0wakeup_2_cgb04c_out00.asm,ff0fe5800d617b1b26e358ed35816195b695a9d2d3367b7bee22f210c5372f2a,55,00 0f 40 41 42 43 45 47 4d 51 52 53 54 55 68 69 ff,48 100 150 1000 1067 7000 7400,Static source audit; unresolved timing/behavior unless described in review notes
dma/hdma_pc_7ffe_cgb04c_out02.gbc,FAILED,FAILED,FAILED,02,https://github.com/pokemon-speedrunning/gambatte-core/blob/d819bad196/test/hwtests/dma/hdma_pc_7ffe_cgb04c_out02.asm,d0f142acecf0f3a7d6e53b7ae38d5fb82e734cb9ca71e87b9396f7fd9cd178c2,,0f 40 41 42 43 45 47 51 52 53 54 55 68 69 ff,38 48 100 150 1000 1030 7000 7400 7ffe,Static source audit; unresolved timing/behavior unless described in review notes
dma/hdma_start_1_cgb04c_out0.gbc,FAILED,FAILED,FAILED,0,https://github.com/pokemon-speedrunning/gambatte-core/blob/d819bad196/test/hwtests/dma/hdma_start_1_cgb04c_out0.asm,5d5096315cfb70a2537768912880a0930c22e0b0861e66d463f16be08897744c,,0f 40 41 43 45 47 51 52 53 54 55 68 69 ff,48 100 150 1000 1033 7000 7400,Static source audit; unresolved timing/behavior unless described in review notes
dma/hdma_start_ds_1_cgb04c_out0.gbc,FAILED,FAILED,FAILED,0,https://github.com/pokemon-speedrunning/gambatte-core/blob/d819bad196/test/hwtests/dma/hdma_start_ds_1_cgb04c_out0.asm,2ec347d6920b48e1bf5ebe12654258af1d8d3f875006da9c9088f2850dcdf998,,00 0f 40 41 43 45 47 4d 51 52 53 54 55 68 69 ff,48 100 150 1000 1073 7000 7400,Static source audit; unresolved timing/behavior unless described in review notes
dma/hdma_start_ly0_1_cgb04c_out0.gbc,FAILED,FAILED,FAILED,0,https://github.com/pokemon-speedrunning/gambatte-core/blob/d819bad196/test/hwtests/dma/hdma_start_ly0_1_cgb04c_out0.asm,2278c59f55027dae7ca93fa951957a5a43ec12868f3aef4e68480efd013444bc,,0f 40 41 43 45 47 51 52 53 54 55 68 69 ff,48 100 150 1000 10a5 7000 7400,Static source audit; unresolved timing/behavior unless described in review notes
dma/hdma_start_scx2_1_cgb04c_out0.gbc,FAILED,FAILED,FAILED,0,https://github.com/pokemon-speedrunning/gambatte-core/blob/d819bad196/test/hwtests/dma/hdma_start_scx2_1_cgb04c_out0.asm,c3dd80bd9bdc568a39449895fd6b7a0d4326909163bb3c670d2c81c9d2453527,,0f 40 41 43 45 47 51 52 53 54 55 68 69 ff,48 100 150 1000 1034 7000 7400,Static source audit; unresolved timing/behavior unless described in review notes
dma/hdma_start_scx3_1_cgb04c_out0.gbc,FAILED,FAILED,FAILED,0,https://github.com/pokemon-speedrunning/gambatte-core/blob/d819bad196/test/hwtests/dma/hdma_start_scx3_1_cgb04c_out0.asm,208dc09f3dfd632d5847cf5e571b7c951361cacc6565cd39f476166451dfc5f4,,0f 40 41 43 45 47 51 52 53 54 55 68 69 ff,48 100 150 1000 1034 7000 7400,Static source audit; unresolved timing/behavior unless described in review notes
dma/hdma_start_scx5_1_cgb04c_out0.gbc,FAILED,FAILED,FAILED,0,https://github.com/pokemon-speedrunning/gambatte-core/blob/d819bad196/test/hwtests/dma/hdma_start_scx5_1_cgb04c_out0.asm,6a798299689a53ddfa51da5671147cb3d2e91fbca02fc559f8e221be865044f5,,0f 40 41 43 45 47 51 52 53 54 55 68 69 ff,48 100 150 1000 1034 7000 7400,Static source audit; unresolved timing/behavior unless described in review notes
dma/hdma_start_scx5_ds_1_cgb04c_out0.gbc,FAILED,FAILED,FAILED,0,https://github.com/pokemon-speedrunning/gambatte-core/blob/d819bad196/test/hwtests/dma/hdma_start_scx5_ds_1_cgb04c_out0.asm,8280b1a67a84f3b512b19f17a8c2efff64a22f70d1f9d82bda71ca3842d82a31,,00 0f 40 41 43 45 47 4d 51 52 53 54 55 68 69 ff,48 100 150 1000 1075 7000 7400,Static source audit; unresolved timing/behavior unless described in review notes
dma/hdma_transition_7fffhalt_inc_m3unhalt_cgb04c_out01.gbc,FAILED,FAILED,FAILED,01,https://github.com/pokemon-speedrunning/gambatte-core/blob/d819bad196/test/hwtests/dma/hdma_transition_7fffhalt_inc_m3unhalt_cgb04c_out01.asm,d0a2a7d82a3780cbb204ff465197c5626dc24c198f9550cb6218d87efed9bb54,,05 06 07 0f 40 42 43 47 51 52 53 54 55 68 69 ff,0 38 50 100 150 1000 1084 1125 7000 7400 7fff,Static source audit; unresolved timing/behavior unless described in review notes
dma/hdma_transition_ei_halt_late_unhalt_ldaaimm_hdma_scx1_1_cgb04c_out00.gbc,FAILED,FAILED,FAILED,00,https://github.com/pokemon-speedrunning/gambatte-core/blob/d819bad196/test/hwtests/dma/hdma_transition_ei_halt_late_unhalt_ldaaimm_hdma_scx1_1_cgb04c_out00.asm,318589895482c657312b906ed1b96b67297352a1d3f0325fa6a6f90713ffefb1,40,05 06 07 0f 40 42 43 47 51 52 53 54 55 68 69 ff,50 100 150 1000 10d7 117b 7000 7400,Static source audit; unresolved timing/behavior unless described in review notes
dma/hdma_transition_ei_halt_late_unhalt_ldaaimm_hdma_scx1_2_cgb04c_out02.gbc,FAILED,FAILED,FAILED,02,https://github.com/pokemon-speedrunning/gambatte-core/blob/d819bad196/test/hwtests/dma/hdma_transition_ei_halt_late_unhalt_ldaaimm_hdma_scx1_2_cgb04c_out02.asm,206f5dc16db846e361a1a7ebbe7e84a8a182a7af3162e42e58f5a6f4cae8b314,40,05 06 07 0f 40 42 43 47 51 52 53 54 55 68 69 ff,50 100 150 1000 10d8 117c 7000 7400,Static source audit; unresolved timing/behavior unless described in review notes
dma/hdma_transition_ei_halt_late_unhalt_scx1_1_cgb04c_out00.gbc,FAILED,FAILED,FAILED,00,https://github.com/pokemon-speedrunning/gambatte-core/blob/d819bad196/test/hwtests/dma/hdma_transition_ei_halt_late_unhalt_scx1_1_cgb04c_out00.asm,34389698eb928ba02ad674667b88183119d2628acac961b66f8abd17f2cf0a8e,40 55,05 06 07 0f 40 42 43 47 51 52 53 54 55 68 69 ff,50 100 150 1000 10d7 117b 7000 7400,Static source audit; unresolved timing/behavior unless described in review notes
dma/hdma_transition_halt_late_unhalt_ldaaimm_hdma_scx1_1_cgb04c_out00.gbc,FAILED,FAILED,FAILED,00,https://github.com/pokemon-speedrunning/gambatte-core/blob/d819bad196/test/hwtests/dma/hdma_transition_halt_late_unhalt_ldaaimm_hdma_scx1_1_cgb04c_out00.asm,6c5bb1aa8c786c265e4354c4479de97207280f5ec7bae0baaf45abb8e33333f2,,05 06 07 0f 40 42 43 47 51 52 53 54 55 68 69 ff,50 100 150 1000 10da 117f 7000 7400,Static source audit; unresolved timing/behavior unless described in review notes
dma/hdma_transition_halt_late_unhalt_ldaaimm_hdma_scx1_2_cgb04c_out02.gbc,FAILED,FAILED,FAILED,02,https://github.com/pokemon-speedrunning/gambatte-core/blob/d819bad196/test/hwtests/dma/hdma_transition_halt_late_unhalt_ldaaimm_hdma_scx1_2_cgb04c_out02.asm,42cd3f3b223f2d456f853ce8b43332e176f7fddaff62cdc18322c72388196bfb,,05 06 07 0f 40 42 43 47 51 52 53 54 55 68 69 ff,50 100 150 1000 10da 117f 7000 7400,Static source audit; unresolved timing/behavior unless described in review notes
dma/hdma_transition_halt_late_unhalt_scx1_1_cgb04c_out00.gbc,FAILED,FAILED,FAILED,00,https://github.com/pokemon-speedrunning/gambatte-core/blob/d819bad196/test/hwtests/dma/hdma_transition_halt_late_unhalt_scx1_1_cgb04c_out00.asm,914f5d014786e947a214390b7000aade965845d4d99488a670a6209d568c5689,55,05 06 07 0f 40 42 43 47 51 52 53 54 55 68 69 ff,50 100 150 1000 10d9 117e 11d0 7000 7400,Static source audit; unresolved timing/behavior unless described in review notes
dma/hdma_transition_halt_m0unhalt_ldaaimm_scx1_cgb04c_out02.gbc,FAILED,FAILED,FAILED,02,https://github.com/pokemon-speedrunning/gambatte-core/blob/d819bad196/test/hwtests/dma/hdma_transition_halt_m0unhalt_ldaaimm_scx1_cgb04c_out02.asm,3de24acfa0e33669e53fd84e94db9b5dc32198349f5d94d7f669c511662409e9,,05 06 07 0f 40 42 43 47 51 52 53 54 55 68 69 ff,50 100 150 1000 10c0 1165 7000 7400,Static source audit; unresolved timing/behavior unless described in review notes
dma/hdma_transition_oamdma_1_cgb04c_out509E529C.gbc,FAILED,FAILED,FAILED,509E529C,https://github.com/pokemon-speedrunning/gambatte-core/blob/d819bad196/test/hwtests/dma/hdma_transition_oamdma_1_cgb04c_out509E529C.asm,f8b8a3b1578f959831ce5b705b66603e247fd4e467f5d8d3bea24d6fdb528846,,05 06 07 0f 40 43 46 47 51 52 53 54 55 68 69 ff,50 100 150 1000 10c0 1160 1480 7000 7400,Static source audit; unresolved timing/behavior unless described in review notes
dma/hdma_transition_oamdma_2_cgb04c_out67.gbc,FAILED,FAILED,FAILED,67,https://github.com/pokemon-speedrunning/gambatte-core/blob/d819bad196/test/hwtests/dma/hdma_transition_oamdma_2_cgb04c_out67.asm,ef159bcd62879faed26be066f53b1e62d4c06e81c998b1cfc31f38010de53206,,05 06 07 0f 40 42 43 46 47 51 52 53 54 55 68 69 ff,50 100 150 1000 10c0 1160 7000 7400,Static source audit; unresolved timing/behavior unless described in review notes
dma/hdma_transition_speedchange_7fffstop_inc_cgb04c_out02.gbc,FAILED,FAILED,FAILED,02,https://github.com/pokemon-speedrunning/gambatte-core/blob/d819bad196/test/hwtests/dma/hdma_transition_speedchange_7fffstop_inc_cgb04c_out02.asm,ae2cc878a9122141424cef4642959ccf8a73746207a6a9be7c456db28c399862,,00 0f 40 41 42 43 45 47 4d 51 52 53 54 55 68 69 ff,38 48 100 150 1000 1021 7000 7400,Static source audit; unresolved timing/behavior unless described in review notes
dma/hdma_transition_speedchange_hdmalen00_hdma5_scx1_cgb04c_out80.gbc,FAILED,FAILED,FAILED,80,https://github.com/pokemon-speedrunning/gambatte-core/blob/d819bad196/test/hwtests/dma/hdma_transition_speedchange_hdmalen00_hdma5_scx1_cgb04c_out80.asm,bbdb9ffdfe6a17a2d88700e5cdf6ad770fc38ce10374869f200e9e82237b2e27,55,00 0f 40 41 42 43 45 47 4d 51 52 53 54 55 68 69 ff,48 100 150 1000 1025 7000 7400,Static source audit; unresolved timing/behavior unless described in review notes
dma/hdma_transition_speedchange_hdmalen01_hdma5_scx1_cgb04c_out81.gbc,FAILED,FAILED,FAILED,81,https://github.com/pokemon-speedrunning/gambatte-core/blob/d819bad196/test/hwtests/dma/hdma_transition_speedchange_hdmalen01_hdma5_scx1_cgb04c_out81.asm,5e09bdeea81c6ebed87fc0e8a73f12d22a57b94f92da5bdaa3f80c2e01a9da46,55,00 0f 40 41 42 43 45 47 4d 51 52 53 54 55 68 69 ff,48 100 150 1000 1025 7000 7400,Static source audit; unresolved timing/behavior unless described in review notes
dma/hdma_transition_speedchange_hdmalen01_hdmadst10_scx1_cgb04c_out00.gbc,FAILED,FAILED,FAILED,00,https://github.com/pokemon-speedrunning/gambatte-core/blob/d819bad196/test/hwtests/dma/hdma_transition_speedchange_hdmalen01_hdmadst10_scx1_cgb04c_out00.asm,d680eb818257615437a7b37049af14341f6a5b3db8270ee9339bf8602337c094,,00 0f 40 41 42 43 45 47 4d 51 52 53 54 55 68 69 ff,48 100 150 1000 1025 1400 7000 7400,Static source audit; unresolved timing/behavior unless described in review notes
dma/hdma_transition_speedchange_hdmalen7f_hdmadst10_scx1_cgb04c_out00.gbc,FAILED,FAILED,FAILED,00,https://github.com/pokemon-speedrunning/gambatte-core/blob/d819bad196/test/hwtests/dma/hdma_transition_speedchange_hdmalen7f_hdmadst10_scx1_cgb04c_out00.asm,0bbe3d0023dab71a1bf2f5a9513af24a3aa2f38a437f50f050170d2e578cc71f,,00 0f 40 41 42 43 45 47 4d 51 52 53 54 55 68 69 ff,48 100 150 1000 1025 1400 7000 7400,Static source audit; unresolved timing/behavior unless described in review notes
dma/hdma_transition_speedchange_oamdma_cgb04c_out71.gbc,FAILED,FAILED,FAILED,71,https://github.com/pokemon-speedrunning/gambatte-core/blob/d819bad196/test/hwtests/dma/hdma_transition_speedchange_oamdma_cgb04c_out71.asm,ab6193a0e41110d3f24d117285e2db4a4e6749acb768c4f226d0a75e53ffc8df,,00 0f 40 41 42 43 45 46 47 4d 51 52 53 54 55 68 69 ff,48 100 150 1000 1024 7000 7400,Static source audit; unresolved timing/behavior unless described in review notes
dma/late_gdma_pc_7ffe_1_cgb04c_out02.gbc,FAILED,FAILED,FAILED,02,https://github.com/pokemon-speedrunning/gambatte-core/blob/d819bad196/test/hwtests/dma/late_gdma_pc_7ffe_1_cgb04c_out02.asm,ed6c195d3ed562ddbed6aa3070545ba1dc1aceabcc7e54a4b31caffbf88d30ab,,0f 40 41 42 43 45 47 51 52 53 54 55 68 69 ff,38 48 100 150 1000 1002 7000 7400 7ffe,Static source audit; unresolved timing/behavior unless described in review notes
dmgpalette_during_m3/dmgpalette_during_m3_1.gb,FAILED,FAILED,FAILED,PNG: dmgpalette_during_m3_1.png; dmgpalette_during_m3_1_dmg08.png,https://github.com/pokemon-speedrunning/gambatte-core/blob/d819bad196/test/hwtests/dmgpalette_during_m3/dmgpalette_during_m3_1.asm,251c46e3942b99bc654f4066d306407dd072e2e69a15512f213c2176caf421f5,,0f ff,48 100 150 1000 1034,Static source audit; unresolved timing/behavior unless described in review notes
dmgpalette_during_m3/dmgpalette_during_m3_2.gb,FAILED,FAILED,FAILED,PNG: dmgpalette_during_m3_2.png; dmgpalette_during_m3_2_dmg08.png; dmgpalette_during_m3_2_gba.png,https://github.com/pokemon-speedrunning/gambatte-core/blob/d819bad196/test/hwtests/dmgpalette_during_m3/dmgpalette_during_m3_2.asm,ca2d1fd425533f73e1b66aaf1f92edf4b4f92727bba6dcea91def4c1f7398828,,0f ff,48 100 150 1000 1033,Static source audit; unresolved timing/behavior unless described in review notes
dmgpalette_during_m3/dmgpalette_during_m3_3.gb,FAILED,FAILED,FAILED,PNG: dmgpalette_during_m3_3.png; dmgpalette_during_m3_3_dmg08.png; dmgpalette_during_m3_3_gba.png,https://github.com/pokemon-speedrunning/gambatte-core/blob/d819bad196/test/hwtests/dmgpalette_during_m3/dmgpalette_during_m3_3.asm,caef9fe08fb05263f505b82809693fc9679be719bab5b6d367bed42a8e062f57,,0f ff,48 100 150 1000 1032,Static source audit; unresolved timing/behavior unless described in review notes
dmgpalette_during_m3/dmgpalette_during_m3_4.gb,FAILED,FAILED,FAILED,PNG: dmgpalette_during_m3_4.png; dmgpalette_during_m3_4_dmg08.png; dmgpalette_during_m3_4_gba.png,https://github.com/pokemon-speedrunning/gambatte-core/blob/d819bad196/test/hwtests/dmgpalette_during_m3/dmgpalette_during_m3_4.asm,bf136710b55d366bf9d63d63f765860974f05061fa47313c09daba08a87b4af0,,0f ff,48 100 150 1000 1031,Static source audit; unresolved timing/behavior unless described in review notes
dmgpalette_during_m3/dmgpalette_during_m3_5.gb,FAILED,FAILED,FAILED,PNG: dmgpalette_during_m3_5.png; dmgpalette_during_m3_5_dmg08.png; dmgpalette_during_m3_5_gba.png,https://github.com/pokemon-speedrunning/gambatte-core/blob/d819bad196/test/hwtests/dmgpalette_during_m3/dmgpalette_during_m3_5.asm,8ee4b217f81dce414d9e384a1dcd1ec8c3f03ed856482f04e2fb8842ab627c25,,0f ff,48 100 150 1000 1030,Static source audit; unresolved timing/behavior unless described in review notes
dmgpalette_during_m3/dmgpalette_during_m3_scx1_1.gb,FAILED,FAILED,FAILED,PNG: dmgpalette_during_m3_scx1_1_dmg08.png,https://github.com/pokemon-speedrunning/gambatte-core/blob/d819bad196/test/hwtests/dmgpalette_during_m3/dmgpalette_during_m3_scx1_1.asm,90f3729b1d4bbeac9c52feda3a018de376af3f0a4833f6417f2f77961851752c,,0f 43 ff,48 100 150 1000 1034,Static source audit; unresolved timing/behavior unless described in review notes
dmgpalette_during_m3/dmgpalette_during_m3_scx1_4.gb,FAILED,FAILED,FAILED,PNG: dmgpalette_during_m3_scx1_4_dmg08.png,https://github.com/pokemon-speedrunning/gambatte-core/blob/d819bad196/test/hwtests/dmgpalette_during_m3/dmgpalette_during_m3_scx1_4.asm,9b068622710d0683a40503c281bfef26c24153971628bfb1bbcbd1d6be30c5b0,,0f 43 ff,48 100 150 1000 1031,Static source audit; unresolved timing/behavior unless described in review notes
dmgpalette_during_m3/dmgpalette_during_m3_scx2_1.gb,FAILED,FAILED,FAILED,PNG: dmgpalette_during_m3_scx2_1_dmg08.png,https://github.com/pokemon-speedrunning/gambatte-core/blob/d819bad196/test/hwtests/dmgpalette_during_m3/dmgpalette_during_m3_scx2_1.asm,74b840869fa4de2c5ac5fdf7f688cbdef0b1336daca1fab31ae80a5fdef21dc8,,0f 43 ff,48 100 150 1000 1034,Static source audit; unresolved timing/behavior unless described in review notes
dmgpalette_during_m3/lycint_dmgpalette_during_m3_1.gb,FAILED,FAILED,FAILED,PNG: lycint_dmgpalette_during_m3_1.png; lycint_dmgpalette_during_m3_1_dmg08.png; lycint_dmgpalette_during_m3_1_gba.png,https://github.com/pokemon-speedrunning/gambatte-core/blob/d819bad196/test/hwtests/dmgpalette_during_m3/lycint_dmgpalette_during_m3_1.asm,91fdf66a9f579a3abb71cb61c13b7c958c353322e1f305b0173a34605306f7df,45,0f 45 ff,48 100 150 1000 1033,Static source audit; unresolved timing/behavior unless described in review notes
dmgpalette_during_m3/lycint_dmgpalette_during_m3_2.gb,FAILED,FAILED,FAILED,PNG: lycint_dmgpalette_during_m3_2.png; lycint_dmgpalette_during_m3_2_dmg08.png; lycint_dmgpalette_during_m3_2_gba.png,https://github.com/pokemon-speedrunning/gambatte-core/blob/d819bad196/test/hwtests/dmgpalette_during_m3/lycint_dmgpalette_during_m3_2.asm,75573c4b6703eb21542c5c6e93ba61333f1580a3e29cf1a28d8056a82d590e1a,45,0f 45 ff,48 100 150 1000 1032,Static source audit; unresolved timing/behavior unless described in review notes
dmgpalette_during_m3/lycint_dmgpalette_during_m3_3.gb,FAILED,FAILED,FAILED,PNG: lycint_dmgpalette_during_m3_3.png; lycint_dmgpalette_during_m3_3_dmg08.png; lycint_dmgpalette_during_m3_3_gba.png,https://github.com/pokemon-speedrunning/gambatte-core/blob/d819bad196/test/hwtests/dmgpalette_during_m3/lycint_dmgpalette_during_m3_3.asm,dceae42b4d43bf5b9f4baf4889e46c179c4f1fc103ee67d637f749e0c06eb0f5,45,0f 45 ff,48 100 150 1000 1031,Static source audit; unresolved timing/behavior unless described in review notes
dmgpalette_during_m3/lycint_dmgpalette_during_m3_4.gb,FAILED,FAILED,FAILED,PNG: lycint_dmgpalette_during_m3_4.png; lycint_dmgpalette_during_m3_4_dmg08.png; lycint_dmgpalette_during_m3_4_gba.png,https://github.com/pokemon-speedrunning/gambatte-core/blob/d819bad196/test/hwtests/dmgpalette_during_m3/lycint_dmgpalette_during_m3_4.asm,912914864b5bc1ae45ddde8ec983c86e8bb58ace4ad7a38ac74ea0e1c9e670ac,45,0f 45 ff,48 100 150 1000 1030,Static source audit; unresolved timing/behavior unless described in review notes
dmgpalette_during_m3/scx3/dmgpalette_during_m3_1.gb,FAILED,FAILED,FAILED,PNG: dmgpalette_during_m3_1.png; dmgpalette_during_m3_1_dmg08.png; dmgpalette_during_m3_1_gba.png,https://github.com/pokemon-speedrunning/gambatte-core/blob/d819bad196/test/hwtests/dmgpalette_during_m3/scx3/dmgpalette_during_m3_1.asm,38d46b74cc2ef4cbfe26618b8fc1e1d9e4bdeca51e0336da3d7d0a4b71c316d4,,0f 43 ff,48 100 150 1000 1034,Static source audit; unresolved timing/behavior unless described in review notes
dmgpalette_during_m3/scx3/dmgpalette_during_m3_2.gb,FAILED,FAILED,FAILED,PNG: dmgpalette_during_m3_2.png; dmgpalette_during_m3_2_dmg08.png; dmgpalette_during_m3_2_gba.png,https://github.com/pokemon-speedrunning/gambatte-core/blob/d819bad196/test/hwtests/dmgpalette_during_m3/scx3/dmgpalette_during_m3_2.asm,c8d18e70f430b4faafa22916f28b3fd34bc65e2e181a212e98a8bd6763bf062a,,0f 43 ff,48 100 150 1000 1033,Static source audit; unresolved timing/behavior unless described in review notes
dmgpalette_during_m3/scx3/dmgpalette_during_m3_3.gb,FAILED,FAILED,FAILED,PNG: dmgpalette_during_m3_3.png; dmgpalette_during_m3_3_dmg08.png; dmgpalette_during_m3_3_gba.png,https://github.com/pokemon-speedrunning/gambatte-core/blob/d819bad196/test/hwtests/dmgpalette_during_m3/scx3/dmgpalette_during_m3_3.asm,e2ec2ec5a37949862a62462294707dd55ec2bb93c0282060447e81a341c72d9e,,0f 43 ff,48 100 150 1000 1032,Static source audit; unresolved timing/behavior unless described in review notes
dmgpalette_during_m3/scx3/dmgpalette_during_m3_4.gb,FAILED,FAILED,FAILED,PNG: dmgpalette_during_m3_4.png; dmgpalette_during_m3_4_dmg08.png; dmgpalette_during_m3_4_gba.png,https://github.com/pokemon-speedrunning/gambatte-core/blob/d819bad196/test/hwtests/dmgpalette_during_m3/scx3/dmgpalette_during_m3_4.asm,b0a04997213208abebdfca27579cf5b49bc9c596395dba556feb6293bee691b5,,0f 43 ff,48 100 150 1000 1031,Static source audit; unresolved timing/behavior unless described in review notes
dmgpalette_during_m3/scx3/dmgpalette_during_m3_5.gb,FAILED,FAILED,FAILED,PNG: dmgpalette_during_m3_5.png; dmgpalette_during_m3_5_dmg08.png; dmgpalette_during_m3_5_gba.png,https://github.com/pokemon-speedrunning/gambatte-core/blob/d819bad196/test/hwtests/dmgpalette_during_m3/scx3/dmgpalette_during_m3_5.asm,ea464d02fa7a89427afa60b8cb7eccd1f39efafcc8a86d2ff494d79091fa6007,,0f 43 ff,48 100 150 1000 1030,Static source audit; unresolved timing/behavior unless described in review notes
enable_display/enable_display_ly0_wemaster_1_dmg08_cgb04c_out3.gbc,FAILED,FAILED,FAILED,3,https://github.com/pokemon-speedrunning/gambatte-core/blob/d819bad196/test/hwtests/enable_display/enable_display_ly0_wemaster_1_dmg08_cgb04c_out3.asm,8411ea630d1a4e30647ae6dc56831ee987189a944d7d39f9d3f2b4d97048e714,41,0f 40 41 43 45 47 4a 4b 68 69 ff,48 100 150 1000 1048 7000 7400,Static source audit; unresolved timing/behavior unless described in review notes
enable_display/frame0_m2stat_count_1_dmg08_cgb04c_out91.gbc,FAILED,FAILED,FAILED,91,https://github.com/pokemon-speedrunning/gambatte-core/blob/d819bad196/test/hwtests/enable_display/frame0_m2stat_count_1_dmg08_cgb04c_out91.asm,4d8cecd1db17136ba3dabc27c1dedeb422307f1301a3d67a2af51a5c3fbfcb8f,41 44,40 43 47 68 69,100 150 1cb 7000 7400,Static source audit; unresolved timing/behavior unless described in review notes
enable_display/frame1_ly_count_2_dmg08_cgb04c_out9A.gbc,FAILED,ok,ok,9A,https://github.com/pokemon-speedrunning/gambatte-core/blob/d819bad196/test/hwtests/enable_display/frame1_ly_count_2_dmg08_cgb04c_out9A.asm,94507bf585f48317ff61fa58b2c75866a75e39ffe741adc2b6ee055def569e03,44,40 43 47 68 69,100 150 1c6 2a8 7000 7400 7600,Resolved by runner contract or core changes documented in GAMBATTE_REVIEW.md
enable_display/frame1_m2stat_count_1_dmg08_cgb04c_out91.gbc,FAILED,FAILED,FAILED,91,https://github.com/pokemon-speedrunning/gambatte-core/blob/d819bad196/test/hwtests/enable_display/frame1_m2stat_count_1_dmg08_cgb04c_out91.asm,8ea05b43e48f7d472e68ae294ff4278540422b1a689327037368a5d95821a187,41 44,40 43 47 68 69,100 150 1c5 236 7000 7400 7600,Static source audit; unresolved timing/behavior unless described in review notes
enable_display/ly0_late_cgbpr_2_cgb04c_outFF.gbc,FAILED,FAILED,FAILED,FF,https://github.com/pokemon-speedrunning/gambatte-core/blob/d819bad196/test/hwtests/enable_display/ly0_late_cgbpr_2_cgb04c_outFF.asm,32c56a6dbe592835ed9172038962fea6d893657ec2581be69eceedc27464559f,69,40 43 47 68 69,100 150 176 7000 7400,Static source audit; unresolved timing/behavior unless described in review notes
enable_display/ly0_late_cgbpr_ds_2_cgb04c_outFF.gbc,FAILED,FAILED,FAILED,FF,https://github.com/pokemon-speedrunning/gambatte-core/blob/d819bad196/test/hwtests/enable_display/ly0_late_cgbpr_ds_2_cgb04c_outFF.asm,de6e136d05d6f55ac3d39373a749167c07a83a5296014f8330a8321478826e7d,69,00 40 43 47 4d 68 69 ff,100 150 196 7000 7400,Static source audit; unresolved timing/behavior unless described in review notes
enable_display/ly0_late_cgbpw_2_cgb04c_out55.gbc,FAILED,FAILED,FAILED,55,https://github.com/pokemon-speedrunning/gambatte-core/blob/d819bad196/test/hwtests/enable_display/ly0_late_cgbpw_2_cgb04c_out55.asm,088eca24a2e0c22108cb93cad94fe4c6ec2c176b70863d8d57728918b4326e5e,69,40 43 47 68 69,100 150 174 1b0 7000 7400,Static source audit; unresolved timing/behavior unless described in review notes
enable_display/ly0_late_cgbpw_ds_2_cgb04c_out55.gbc,FAILED,FAILED,FAILED,55,https://github.com/pokemon-speedrunning/gambatte-core/blob/d819bad196/test/hwtests/enable_display/ly0_late_cgbpw_ds_2_cgb04c_out55.asm,5fb9bb05e7b3c2a812ecbe2a5fca7449f7b99b89094efb68e99487b41d53964b,69,00 40 43 47 4d 68 69 ff,100 150 194 200 7000 7400,Static source audit; unresolved timing/behavior unless described in review notes
enable_display/ly0_late_scx7_m3stat_scx0_1_dmg08_cgb04c_out87.gbc,FAILED,FAILED,FAILED,87,https://github.com/pokemon-speedrunning/gambatte-core/blob/d819bad196/test/hwtests/enable_display/ly0_late_scx7_m3stat_scx0_1_dmg08_cgb04c_out87.asm,d2a9fec7f4d4eab26a23e093b337c33664a11ae028e56ff27f949aa1bf4aed35,41,40 43 47 68 69,100 150 170 19c 7000 7400,Static source audit; unresolved timing/behavior unless described in review notes
enable_display/ly0_late_scx7_m3stat_scx0_2_dmg08_out87_cgb04c_out84.gbc,FAILED,FAILED,FAILED,87 / 84,https://github.com/pokemon-speedrunning/gambatte-core/blob/d819bad196/test/hwtests/enable_display/ly0_late_scx7_m3stat_scx0_2_dmg08_out87_cgb04c_out84.asm,1826575c09057887752f3c8c765ffa316bc181af3c1d8da2ca6f707a55bfb08f,41,40 43 47 68 69,100 150 171 19c 7000 7400,Static source audit; unresolved timing/behavior unless described in review notes
enable_display/ly0_late_scx7_m3stat_scx1_1_dmg08_cgb04c_out87.gbc,FAILED,FAILED,FAILED,87,https://github.com/pokemon-speedrunning/gambatte-core/blob/d819bad196/test/hwtests/enable_display/ly0_late_scx7_m3stat_scx1_1_dmg08_cgb04c_out87.asm,e1c028241477682df9f21e2995aa7675089f182ba6ada8ec4c33e0d86f8493fa,41,40 43 47 68 69,100 150 171 19c 7000 7400,Static source audit; unresolved timing/behavior unless described in review notes
enable_display/ly0_late_scx7_m3stat_scx3_1_dmg08_cgb04c_out87.gbc,FAILED,FAILED,FAILED,87,https://github.com/pokemon-speedrunning/gambatte-core/blob/d819bad196/test/hwtests/enable_display/ly0_late_scx7_m3stat_scx3_1_dmg08_cgb04c_out87.asm,36f499282c3f091ba5868da0ca70f906d2a41a5f69ef6ce0cf474d077e93a781,41,40 43 47 68 69,100 150 171 19d 7000 7400,Static source audit; unresolved timing/behavior unless described in review notes
enable_display/ly0_late_vramw_2_dmg08_out55_cgb04c_outAA.gbc,FAILED,FAILED,FAILED,55 / AA,https://github.com/pokemon-speedrunning/gambatte-core/blob/d819bad196/test/hwtests/enable_display/ly0_late_vramw_2_dmg08_out55_cgb04c_outAA.asm,0703fdc38a0efd509088764b96b7561f354e86e4ae9d8f24c184730e0fb3ea89,,40 43 47 68 69,100 150 170 1b0 7000 7400,Static source audit; unresolved timing/behavior unless described in review notes
enable_display/ly1_late_cgbpw_2_cgb04c_out55.gbc,FAILED,FAILED,FAILED,55,https://github.com/pokemon-speedrunning/gambatte-core/blob/d819bad196/test/hwtests/enable_display/ly1_late_cgbpw_2_cgb04c_out55.asm,05fa2e91d283981753a5ae14ccb15981d47cffc1de8371501d08633cc3afa240,69,40 43 47 68 69,100 150 1e5 220 7000 7400,Static source audit; unresolved timing/behavior unless described in review notes
halt/late_m0int_halt_m0stat_scx2_3a_dmg08_cgb04c_out0.gbc,FAILED,FAILED,FAILED,0,https://github.com/pokemon-speedrunning/gambatte-core/blob/d819bad196/test/hwtests/halt/late_m0int_halt_m0stat_scx2_3a_dmg08_cgb04c_out0.asm,4d0b6a92fade09fd424366f1ce45054453baadf5ddee6fe474dcb709a7bf4a4e,,0f 40 43 47 68 69 ff,48 100 150 1000 1033 1064 7000 7400,Static source audit; unresolved timing/behavior unless described in review notes
halt/late_m0int_halt_m0stat_scx3_2b_dmg08_cgb04c_out2.gbc,FAILED,FAILED,FAILED,2,https://github.com/pokemon-speedrunning/gambatte-core/blob/d819bad196/test/hwtests/halt/late_m0int_halt_m0stat_scx3_2b_dmg08_cgb04c_out2.asm,d7f081711efe899144c5ed1507f1bb9a8370a3234595c7436db9b1542839c250,,0f 40 43 47 68 69 ff,48 100 150 1000 1033 1052 7000 7400,Static source audit; unresolved timing/behavior unless described in review notes
halt/late_m0int_halt_m0stat_scx3_3a_dmg08_cgb04c_out0.gbc,FAILED,FAILED,FAILED,0,https://github.com/pokemon-speedrunning/gambatte-core/blob/d819bad196/test/hwtests/halt/late_m0int_halt_m0stat_scx3_3a_dmg08_cgb04c_out0.asm,502a3a6c51c7b6637c7dd2f9bd63a6d3a1791e9e29cea8b67111d882a465c6fb,,0f 40 43 47 68 69 ff,48 100 150 1000 1034 1064 7000 7400,Static source audit; unresolved timing/behavior unless described in review notes
halt/late_m0int_halt_m0stat_scx3_3b_dmg08_out0_cgb04c_out2.gbc,FAILED,FAILED,FAILED,0 / 2,https://github.com/pokemon-speedrunning/gambatte-core/blob/d819bad196/test/hwtests/halt/late_m0int_halt_m0stat_scx3_3b_dmg08_out0_cgb04c_out2.asm,5b80a6b749208ee95935681c4fe3b4906a0564d0f67ea29de9d2b515b96995ec,,0f 40 43 47 68 69 ff,48 100 150 1000 1034 1065 7000 7400,Static source audit; unresolved timing/behavior unless described in review notes
halt/late_m0irq_halt_m0stat_scx3_2b_dmg08_cgb04c_out2.gbc,FAILED,FAILED,FAILED,2,https://github.com/pokemon-speedrunning/gambatte-core/blob/d819bad196/test/hwtests/halt/late_m0irq_halt_m0stat_scx3_2b_dmg08_cgb04c_out2.asm,8759d44f0048feffc8df536f4f2ca5f7ab95fc6b198b216b3690e3c538c025d1,,0f 40 43 47 68 69 ff,48 100 150 1000 1035 1066 7000 7400,Static source audit; unresolved timing/behavior unless described in review notes
halt/m0int_m0stat_scx3_ds_2_cgb04c_out2.gbc,FAILED,FAILED,FAILED,2,https://github.com/pokemon-speedrunning/gambatte-core/blob/d819bad196/test/hwtests/halt/m0int_m0stat_scx3_ds_2_cgb04c_out2.asm,6bd6de82284bff865bdb34cab26868da3a983dd3d4b6cf4e322f36da587119f2,,00 0f 40 43 47 4d 68 69 ff,48 100 150 1000 1059 7000 7400,Static source audit; unresolved timing/behavior unless described in review notes
halt/m0irq_m0stat_scx3_ds_2_cgb04c_out2.gbc,FAILED,FAILED,FAILED,2,https://github.com/pokemon-speedrunning/gambatte-core/blob/d819bad196/test/hwtests/halt/m0irq_m0stat_scx3_ds_2_cgb04c_out2.asm,09e9f1b084a1fc6c2d97de2d32e68f3b6803e66f25c8493972f60998e1d747a4,,00 0f 40 43 47 4d 68 69 ff,100 150 1000 105e 7000 7400,Static source audit; unresolved timing/behavior unless described in review notes
irq_precedence/hdma_vs_m0_scx2_cgb04c_out0183.gbc,FAILED,FAILED,FAILED,0183,https://github.com/pokemon-speedrunning/gambatte-core/blob/d819bad196/test/hwtests/irq_precedence/hdma_vs_m0_scx2_cgb04c_out0183.asm,45a902d3936769ce478dd63069d75a542fa1cd4d57a8d047630bf61fa5cb4ffe,,0f 40 41 42 43 47 51 52 53 54 55 68 69 ff,48 100 150 7000 7400,Static source audit; unresolved timing/behavior unless described in review notes
irq_precedence/late_hdma_vs_ei_scx1_1_cgb04c_out102E.gbc,FAILED,FAILED,FAILED,102E,https://github.com/pokemon-speedrunning/gambatte-core/blob/d819bad196/test/hwtests/irq_precedence/late_hdma_vs_ei_scx1_1_cgb04c_out102E.asm,d59489ff3e4f8817cf68ac5f41e14420e1ef3cde4d6d93f3ebc4fd4fc4d0b985,,0f 40 41 42 43 47 51 52 53 54 55 68 69 ff,48 50 100 150 1000 102c 7000 7400,Static source audit; unresolved timing/behavior unless described in review notes
irq_precedence/late_hdma_vs_ei_scx2_1_cgb04c_out102F.gbc,FAILED,FAILED,FAILED,102F,https://github.com/pokemon-speedrunning/gambatte-core/blob/d819bad196/test/hwtests/irq_precedence/late_hdma_vs_ei_scx2_1_cgb04c_out102F.asm,74c3d3f806f69b0376a036df6b9ab91f7473db5fbf10a4b245d7e7ed647fdcd4,,0f 40 41 42 43 47 51 52 53 54 55 68 69 ff,48 50 100 150 1000 102d 7000 7400,Static source audit; unresolved timing/behavior unless described in review notes
irq_precedence/late_hdma_vs_ie_scx1_1_cgb04c_out102E.gbc,FAILED,FAILED,FAILED,102E,https://github.com/pokemon-speedrunning/gambatte-core/blob/d819bad196/test/hwtests/irq_precedence/late_hdma_vs_ie_scx1_1_cgb04c_out102E.asm,e28b881e735d6522c6c628affb26492ca290b2bb0ef18ab67a929587ceaef66e,,0f 40 41 42 43 47 51 52 53 54 55 68 69 ff,48 50 100 150 1000 102c 7000 7400,Static source audit; unresolved timing/behavior unless described in review notes
irq_precedence/late_hdma_vs_ie_scx2_1_cgb04c_out102F.gbc,FAILED,FAILED,FAILED,102F,https://github.com/pokemon-speedrunning/gambatte-core/blob/d819bad196/test/hwtests/irq_precedence/late_hdma_vs_ie_scx2_1_cgb04c_out102F.asm,910f2a7cc1fd4e2a454a07ff26b35e5e5a582866acf3fced05ec78af587be58d,,0f 40 41 42 43 47 51 52 53 54 55 68 69 ff,48 50 100 150 1000 102d 7000 7400,Static source audit; unresolved timing/behavior unless described in review notes
irq_precedence/late_hdma_vs_tima_scx1_2_cgb04c_out11E9.gbc,FAILED,FAILED,FAILED,11E9,https://github.com/pokemon-speedrunning/gambatte-core/blob/d819bad196/test/hwtests/irq_precedence/late_hdma_vs_tima_scx1_2_cgb04c_out11E9.asm,16f1899b060f1619e5e515516ac4c60d8e89cb8addf444e70b44fd2fa4afeb8f,40,05 06 07 0f 40 42 43 47 51 52 53 54 55 68 69 ff,50 100 150 1000 113d 11c0 7000 7400,Static source audit; unresolved timing/behavior unless described in review notes
irq_precedence/late_hdma_vs_tima_scx1_halt_2_cgb04c_out11C9.gbc,FAILED,FAILED,FAILED,11C9,https://github.com/pokemon-speedrunning/gambatte-core/blob/d819bad196/test/hwtests/irq_precedence/late_hdma_vs_tima_scx1_halt_2_cgb04c_out11C9.asm,e2978337ce7a2485f6159830a3ffdc0472fa52fa7c4ea815c3cd7b99caf555ac,40,05 06 07 0f 40 42 43 47 51 52 53 54 55 68 69 ff,50 100 150 1000 113e 11c0 7000 7400,Static source audit; unresolved timing/behavior unless described in review notes
irq_precedence/late_hdma_vs_tima_scx2_2_cgb04c_out11E9.gbc,FAILED,FAILED,FAILED,11E9,https://github.com/pokemon-speedrunning/gambatte-core/blob/d819bad196/test/hwtests/irq_precedence/late_hdma_vs_tima_scx2_2_cgb04c_out11E9.asm,02fe47e4e5946527c298114d2eb5f88009f29b1e2293896aabfda405a55d0f13,40,05 06 07 0f 40 42 43 47 51 52 53 54 55 68 69 ff,50 100 150 1000 113c 11c0 7000 7400,Static source audit; unresolved timing/behavior unless described in review notes
irq_precedence/late_hdma_vs_tima_scx2_halt_2_cgb04c_out11C9.gbc,FAILED,FAILED,FAILED,11C9,https://github.com/pokemon-speedrunning/gambatte-core/blob/d819bad196/test/hwtests/irq_precedence/late_hdma_vs_tima_scx2_halt_2_cgb04c_out11C9.asm,e8634c100b693775eb7810d695f5ffcd7540dcf00a41d60cb3661fe2c769055f,40,05 06 07 0f 40 42 43 47 51 52 53 54 55 68 69 ff,50 100 150 1000 113d 11c0 7000 7400,Static source audit; unresolved timing/behavior unless described in review notes
irq_precedence/late_m0irq_retrigger_ds_1_cgb04c_outE2.gbc,FAILED,FAILED,FAILED,E2,https://github.com/pokemon-speedrunning/gambatte-core/blob/d819bad196/test/hwtests/irq_precedence/late_m0irq_retrigger_ds_1_cgb04c_outE2.asm,5d9e7a4ca7626e27d3689b3b8b062383f0d2b44b0ee00661bdebd892c8b4e586,0f,00 0f 40 42 43 47 4d 68 69 ff,48 100 150 1000 1066 7000 7400,Static source audit; unresolved timing/behavior unless described in review notes
irq_precedence/late_m0irq_retrigger_scx1_1_dmg08_cgb04c_outE2.gbc,FAILED,FAILED,FAILED,E2,https://github.com/pokemon-speedrunning/gambatte-core/blob/d819bad196/test/hwtests/irq_precedence/late_m0irq_retrigger_scx1_1_dmg08_cgb04c_outE2.asm,8acefd04382194e8553f76773577625e3cc96cfddf39f2396e5b50fcaefc0879,0f,0f 40 42 43 47 68 69 ff,48 100 150 1000 1027 7000 7400,Static source audit; unresolved timing/behavior unless described in review notes
irq_precedence/late_m0irq_retrigger_scx1_ds_1_cgb04c_outE2.gbc,FAILED,FAILED,FAILED,E2,https://github.com/pokemon-speedrunning/gambatte-core/blob/d819bad196/test/hwtests/irq_precedence/late_m0irq_retrigger_scx1_ds_1_cgb04c_outE2.asm,fce0ac0391cc29ae653879a4d33eb782869c3c2ca1a33ea35f9fc9b392bf433c,0f,00 0f 40 42 43 47 4d 68 69 ff,48 100 150 1000 1066 7000 7400,Static source audit; unresolved timing/behavior unless described in review notes
lcd_offset/offset1_lyc8fint_m1stat_ds_1_cgb04c_outC0.gbc,FAILED,FAILED,FAILED,C0,https://github.com/pokemon-speedrunning/gambatte-core/blob/d819bad196/test/hwtests/lcd_offset/offset1_lyc8fint_m1stat_ds_1_cgb04c_outC0.asm,1d88c6bfffd82048986db5eefc5098de2910d7d05535cb628222867eb0759e28,41,00 0f 40 41 43 45 47 4d 68 69 ff,48 100 150 1000 10d8 7000 7400,Static source audit; unresolved timing/behavior unless described in review notes
lcd_offset/offset1_lyc98int_ly_count_ds_2_cgb04c_out9A.gbc,FAILED,FAILED,FAILED,9A,https://github.com/pokemon-speedrunning/gambatte-core/blob/d819bad196/test/hwtests/lcd_offset/offset1_lyc98int_ly_count_ds_2_cgb04c_out9A.asm,ffbb8d964874ec29856f84a90d46608d1a8d1eb44f067652340ad40f75f4d9b7,44,00 0f 40 41 43 45 47 4d 68 69 ff,48 100 150 1000 10da 129e 7000 7400,Static source audit; unresolved timing/behavior unless described in review notes
lcd_offset/offset1_lyc99int_m0irq_count_scx1_ds_2_cgb04c_out90.gbc,FAILED,FAILED,FAILED,90,https://github.com/pokemon-speedrunning/gambatte-core/blob/d819bad196/test/hwtests/lcd_offset/offset1_lyc99int_m0irq_count_scx1_ds_2_cgb04c_out90.asm,f93b95cd6c23cfab82f9ef2335a87e3fc977e05a5c7824a7bcf4ccb46ad00b7b,0f 44,00 0f 40 41 43 45 47 4d 68 69 ff,48 100 150 1000 1156 7000 7400,Static source audit; unresolved timing/behavior unless described in review notes
lcd_offset/offset1_lyc99int_m2stat_count_1_cgb04c_out91.gbc,ok,FAILED,FAILED,91,https://github.com/pokemon-speedrunning/gambatte-core/blob/d819bad196/test/hwtests/lcd_offset/offset1_lyc99int_m2stat_count_1_cgb04c_out91.asm,6dec77b8234bfab0c6eea1df000f7ddea04072b0f93894fbe52dd387e08ba5df,41 44,00 0f 40 41 43 45 47 4d 68 69 ff,48 100 150 1000 1065 10d6 7000 7400,Newly exposed by corrected measurement; source analysis in GAMBATTE_REVIEW.md
lcd_offset/offset1_lyc99int_m2stat_count_ds_2_cgb04c_out90.gbc,FAILED,FAILED,FAILED,90,https://github.com/pokemon-speedrunning/gambatte-core/blob/d819bad196/test/hwtests/lcd_offset/offset1_lyc99int_m2stat_count_ds_2_cgb04c_out90.asm,2db20c7358a5eb9f03cc808bc5c419e06dee4c63710208c6cdb3cf493ae29e20,41 44,00 0f 40 41 43 45 47 4d 68 69 ff,48 100 150 1000 10d7 7000 7400,Static source audit; unresolved timing/behavior unless described in review notes
lcd_offset/offset1_lyc99int_m3stat_count_ds_2_cgb04c_out90.gbc,FAILED,FAILED,FAILED,90,https://github.com/pokemon-speedrunning/gambatte-core/blob/d819bad196/test/hwtests/lcd_offset/offset1_lyc99int_m3stat_count_ds_2_cgb04c_out90.asm,00edaf0ef775c4e5cef9bb84f88205f8ca56377253435a6e5448657855005f9a,41 44,00 0f 40 41 43 45 47 4d 68 69 ff,48 100 150 1000 10ff 7000 7400,Static source audit; unresolved timing/behavior unless described in review notes
lcd_offset/offset2_lyc98int_ly_count_2_cgb04c_out9A.gbc,FAILED,FAILED,FAILED,9A,https://github.com/pokemon-speedrunning/gambatte-core/blob/d819bad196/test/hwtests/lcd_offset/offset2_lyc98int_ly_count_2_cgb04c_out9A.asm,161df5008cdf8cab10962e55b3ef12404f0f3712f6db27bc71152ffbd51516b0,44,00 0f 40 41 43 45 47 4d 68 69 ff,48 100 150 1000 1068 1149 7000 7400,Static source audit; unresolved timing/behavior unless described in review notes
lcd_offset/offset3_lyc8fint_m1stat_1_cgb04c_outC0.gbc,FAILED,FAILED,FAILED,C0,https://github.com/pokemon-speedrunning/gambatte-core/blob/d819bad196/test/hwtests/lcd_offset/offset3_lyc8fint_m1stat_1_cgb04c_outC0.asm,61ab28f0fc25a0c92443a5abfaccaf591a88529ed4c3f0c19a1a43ab003a7f76,41,00 0f 40 41 43 45 47 4d 68 69 ff,48 100 150 1000 1066 7000 7400,Static source audit; unresolved timing/behavior unless described in review notes
lcd_offset/offset3_lyc99int_m2stat_count_2_cgb04c_out90.gbc,FAILED,FAILED,FAILED,90,https://github.com/pokemon-speedrunning/gambatte-core/blob/d819bad196/test/hwtests/lcd_offset/offset3_lyc99int_m2stat_count_2_cgb04c_out90.asm,a5dbdfa7d9ebbd4a3c9bdc37985c9818fe34b05ad8419821ee87007d9bf8456b,41 44,00 0f 40 41 43 45 47 4d 68 69 ff,48 100 150 1000 1065 10d6 7000 7400,Static source audit; unresolved timing/behavior unless described in review notes
lcd_offset/offset3_lyc99int_m3stat_count_2_cgb04c_out90.gbc,FAILED,FAILED,FAILED,90,https://github.com/pokemon-speedrunning/gambatte-core/blob/d819bad196/test/hwtests/lcd_offset/offset3_lyc99int_m3stat_count_2_cgb04c_out90.asm,5026b8890d155cb222baa434f072241231ba9e4d6b4ac95fb9d1125fcebe1ff4,41 44,00 0f 40 41 43 45 47 4d 68 69 ff,48 100 150 1000 1079 7000 7400,Static source audit; unresolved timing/behavior unless described in review notes
lcdirq_precedence/lcdirqprecedence_lycirq_ly44_lcdstat58_dmg08_cgb04c_out2.gbc,FAILED,FAILED,FAILED,2,https://github.com/pokemon-speedrunning/gambatte-core/blob/d819bad196/test/hwtests/lcdirq_precedence/lcdirqprecedence_lycirq_ly44_lcdstat58_dmg08_cgb04c_out2.asm,e97c1c170d71d4eea92db2d038694ad4faaadb2fdde7d622806463ee570d9bab,0f,0f 40 41 43 45 47 68 69 ff,48 100 150 1000 10cc 7000 7400,Static source audit; unresolved timing/behavior unless described in review notes
lcdirq_precedence/lycirq_ly44_lcdstat48_dmg08_cgb04c_out2.gbc,FAILED,FAILED,FAILED,2,https://github.com/pokemon-speedrunning/gambatte-core/blob/d819bad196/test/hwtests/lcdirq_precedence/lycirq_ly44_lcdstat48_dmg08_cgb04c_out2.asm,f2a900ad00cb2ccb63d79a83c3981a20aec616c4666c00d06cb06f6c6a7f2939,0f,0f 40 41 43 45 47 68 69 ff,48 100 150 1000 10cc 7000 7400,Static source audit; unresolved timing/behavior unless described in review notes
lcdirq_precedence/m1irq_lcdstat50_lyc8f_dmg08_cgb04c_out3.gbc,FAILED,FAILED,FAILED,3,https://github.com/pokemon-speedrunning/gambatte-core/blob/d819bad196/test/hwtests/lcdirq_precedence/m1irq_lcdstat50_lyc8f_dmg08_cgb04c_out3.asm,861e64f0a1ac5020a3d9bf764c2b42533bf22758bd2b29777eb4a21686ab6f31,0f,0f 40 41 43 45 47 68 69 ff,48 100 150 1000 10cc 7000 7400,Static source audit; unresolved timing/behavior unless described in review notes
ly0/lycint152_ly0stat_2_dmg08_cgb04c_outC0.gbc,FAILED,ok,ok,C0,https://github.com/pokemon-speedrunning/gambatte-core/blob/d819bad196/test/hwtests/ly0/lycint152_ly0stat_2_dmg08_cgb04c_outC0.asm,596163300bc0eeda9d36ea7a5df33f6d6065a7feb664ab3ad458bb9ec2209b98,,0f 40 41 43 45 47 68 69 ff,48 100 150 1000 10d9 7000 7400,Resolved by runner contract or core changes documented in GAMBATTE_REVIEW.md
ly0/lycint152_ly153_3_dmg08_cgb04c_out00.gbc,FAILED,ok,ok,00,https://github.com/pokemon-speedrunning/gambatte-core/blob/d819bad196/test/hwtests/ly0/lycint152_ly153_3_dmg08_cgb04c_out00.asm,2502587b5491cf66c81b2bfa193be4a1d8ee40a569ce9a2ee62ecd4d7b203384,,0f 40 41 43 45 47 68 69 ff,48 100 150 1000 1068 7000 7400,Resolved by runner contract or core changes documented in GAMBATTE_REVIEW.md
ly0/lycint152_ly153_ds_1_cgb04c_out98.gbc,FAILED,FAILED,FAILED,98,https://github.com/pokemon-speedrunning/gambatte-core/blob/d819bad196/test/hwtests/ly0/lycint152_ly153_ds_1_cgb04c_out98.asm,ca35ab2ae2a8d62bce7b288413405c8643edbc15fe809239651c7cd7d8642ecc,,00 0f 40 41 43 45 47 4d 68 69 ff,48 100 150 1000 10d8 7000 7400,Static source audit; unresolved timing/behavior unless described in review notes
ly0/lycint152_ly153_ds_4_cgb04c_out99.gbc,FAILED,FAILED,FAILED,99,https://github.com/pokemon-speedrunning/gambatte-core/blob/d819bad196/test/hwtests/ly0/lycint152_ly153_ds_4_cgb04c_out99.asm,9dad3e88f1af743efa7c3ab4aa18b2bdf5759ed1550916491a4f09262f0a8ee2,,00 0f 40 41 43 45 47 4d 68 69 ff,48 100 150 1000 10db 7000 7400,Static source audit; unresolved timing/behavior unless described in review notes
ly0/lycint152_lyc0flag_4_dmg08_cgb04c_outC0.gbc,FAILED,FAILED,FAILED,C0,https://github.com/pokemon-speedrunning/gambatte-core/blob/d819bad196/test/hwtests/ly0/lycint152_lyc0flag_4_dmg08_cgb04c_outC0.asm,ee84baf246cc7eeda5e384b55f1e93645b28c2a7b36a43dc6c0075373abd68c8,,0f 40 41 43 45 47 68 69 ff,48 100 150 1000 114a 7000 7400,Static source audit; unresolved timing/behavior unless described in review notes
ly0/lycint152_lyc0irq_late_retrigger_ds_1_cgb04c_outE2.gbc,FAILED,FAILED,FAILED,E2,https://github.com/pokemon-speedrunning/gambatte-core/blob/d819bad196/test/hwtests/ly0/lycint152_lyc0irq_late_retrigger_ds_1_cgb04c_outE2.asm,3369980fe7827100796da4bf21328bacde62bd6371809df2b0c088a5a95b6032,0f,00 0f 40 41 43 45 47 4d 68 69 ff,48 100 150 1000 10d1 7000 7400,Static source audit; unresolved timing/behavior unless described in review notes
ly0/lycint152_lyc153flag_3_dmg08_cgb04c_outC1.gbc,FAILED,FAILED,FAILED,C1,https://github.com/pokemon-speedrunning/gambatte-core/blob/d819bad196/test/hwtests/ly0/lycint152_lyc153flag_3_dmg08_cgb04c_outC1.asm,d724484515626894face13fd9988db21ea9ab79ad9892ef7f6df61ac7ad9b5c1,,0f 40 41 43 45 47 68 69 ff,48 100 150 1000 1068 7000 7400,Static source audit; unresolved timing/behavior unless described in review notes
ly0/lycint152_lyc153irq_late_retrigger_ds_1_cgb04c_outE2.gbc,FAILED,FAILED,FAILED,E2,https://github.com/pokemon-speedrunning/gambatte-core/blob/d819bad196/test/hwtests/ly0/lycint152_lyc153irq_late_retrigger_ds_1_cgb04c_outE2.asm,fdad6033106355b307be7c9a585e5cd7453b35fd63c96b14bffe6a5ce880dc90,0f,00 0f 40 41 43 45 47 4d 68 69 ff,48 100 150 1000 10cd 7000 7400,Static source audit; unresolved timing/behavior unless described in review notes
lyc153int_m2irq/lyc153int_m2irq_late_retrigger_ds_1_cgb04c_out2.gbc,FAILED,FAILED,FAILED,2,https://github.com/pokemon-speedrunning/gambatte-core/blob/d819bad196/test/hwtests/lyc153int_m2irq/lyc153int_m2irq_late_retrigger_ds_1_cgb04c_out2.asm,5b1da74086bd96577cdcd0faa592af36219af80d6877116140277fab3d9457c6,0f,00 0f 40 41 43 45 47 4d 68 69 ff,48 100 150 1000 10ce 7000 7400,Static source audit; unresolved timing/behavior unless described in review notes
lycEnable/ff41_disable_2_dmg08_out0_cgb04c_out2.gbc,FAILED,FAILED,FAILED,0 / 2,https://github.com/pokemon-speedrunning/gambatte-core/blob/d819bad196/test/hwtests/lycEnable/ff41_disable_2_dmg08_out0_cgb04c_out2.asm,74e46b284020af30f9fd2e9d63f14b1f92d1cfb22fc3ee6768b44b3188813d81,,40 41 43 45 47 68 69 ff,48 100 150 1000 105a 7000 7400,Static source audit; unresolved timing/behavior unless described in review notes
lycEnable/ff41_disable_3_dmg08_cgb04c_out2.gbc,FAILED,FAILED,FAILED,2,https://github.com/pokemon-speedrunning/gambatte-core/blob/d819bad196/test/hwtests/lycEnable/ff41_disable_3_dmg08_cgb04c_out2.asm,7703da74b787c30fe1cec07480c5ead177e5ec6527e964a04af5ee239ba690b1,,40 41 43 45 47 68 69 ff,48 100 150 1000 105b 7000 7400,Static source audit; unresolved timing/behavior unless described in review notes
lycEnable/ff45_disable_ds_1_cgb04c_out1.gbc,FAILED,FAILED,FAILED,1,https://github.com/pokemon-speedrunning/gambatte-core/blob/d819bad196/test/hwtests/lycEnable/ff45_disable_ds_1_cgb04c_out1.asm,9c02fab53c26686bf32a73d01810ee5ea037685f0f7b516342fee81a3b89109f,,00 40 41 43 45 47 4d 68 69 ff,48 100 150 1000 10d2 7000 7400,Static source audit; unresolved timing/behavior unless described in review notes
lycEnable/ff45_enable_weirdpoint_3_dmg08_out1_cgb04c_out3.gbc,FAILED,FAILED,FAILED,1 / 3,https://github.com/pokemon-speedrunning/gambatte-core/blob/d819bad196/test/hwtests/lycEnable/ff45_enable_weirdpoint_3_dmg08_out1_cgb04c_out3.asm,40d0197b4a68cc6246ed015f2a1f68bd0c9f941652eb3260f53a71fe88056d4a,,40 41 43 45 47 68 69 ff,48 100 150 1000 1065 7000 7400,Static source audit; unresolved timing/behavior unless described in review notes
lycEnable/ff45_enable_weirdpoint_ds_1_cgb04c_out3.gbc,FAILED,FAILED,FAILED,3,https://github.com/pokemon-speedrunning/gambatte-core/blob/d819bad196/test/hwtests/lycEnable/ff45_enable_weirdpoint_ds_1_cgb04c_out3.asm,69d3605ebc3356a6f62b706976fac849590d97ac8b8caf2360e3a75345acf1d4,,00 40 41 43 45 47 4d 68 69 ff,48 100 150 1000 10d5 7000 7400,Static source audit; unresolved timing/behavior unless described in review notes
lycEnable/ff45_enable_weirdpoint_ds_3_cgb04c_out1.gbc,FAILED,FAILED,FAILED,1,https://github.com/pokemon-speedrunning/gambatte-core/blob/d819bad196/test/hwtests/lycEnable/ff45_enable_weirdpoint_ds_3_cgb04c_out1.asm,ad2e1870a269315a0fcbd6c2b4a645c67edbd05f5ff2050b15ce31ba3cdb1432,,00 40 41 43 45 47 4d 68 69 ff,48 100 150 1000 10d7 7000 7400,Static source audit; unresolved timing/behavior unless described in review notes
lycEnable/ff45_enable_weirdpoint_ds_lcdoffset1_4_cgb04c_out2.gbc,FAILED,FAILED,FAILED,2,https://github.com/pokemon-speedrunning/gambatte-core/blob/d819bad196/test/hwtests/lycEnable/ff45_enable_weirdpoint_ds_lcdoffset1_4_cgb04c_out2.asm,ab10a100a30f7620540c22e2c6a433d0b311c5f4b4339e4cb3fb23dc8e39fd3e,0f,00 0f 40 41 43 45 47 4d 68 69 ff,48 100 150 1000 10d6 7000 7400,Static source audit; unresolved timing/behavior unless described in review notes
lycEnable/ff45_enable_weirdpoint_lcdoffset1_1_cgb04c_out2.gbc,FAILED,FAILED,FAILED,2,https://github.com/pokemon-speedrunning/gambatte-core/blob/d819bad196/test/hwtests/lycEnable/ff45_enable_weirdpoint_lcdoffset1_1_cgb04c_out2.asm,a4c53ea2faba05be64ae32ad7b486e92fef07390a6d1df2ac3ee1386bad4f1e8,0f,00 0f 40 41 43 45 47 4d 68 69 ff,48 100 150 1000 1063 7000 7400,Static source audit; unresolved timing/behavior unless described in review notes
lycEnable/ff45_enable_weirdpoint_lcdoffset1_2_cgb04c_out0.gbc,FAILED,FAILED,FAILED,0,https://github.com/pokemon-speedrunning/gambatte-core/blob/d819bad196/test/hwtests/lycEnable/ff45_enable_weirdpoint_lcdoffset1_2_cgb04c_out0.asm,c2a875829128a27b3d6dca405f8929e831a14e4187f282e553855e81d2590c17,0f,00 0f 40 41 43 45 47 4d 68 69 ff,48 100 150 1000 1064 7000 7400,Static source audit; unresolved timing/behavior unless described in review notes
lycEnable/late_ff41_enable_2_dmg08_out2_cgb04c_out0.gbc,FAILED,FAILED,FAILED,2 / 0,https://github.com/pokemon-speedrunning/gambatte-core/blob/d819bad196/test/hwtests/lycEnable/late_ff41_enable_2_dmg08_out2_cgb04c_out0.asm,1a5dfbde298a23d5e181a7950b812510fcb31c9403f0ffa16972f61a5cb47c14,,0f 40 41 43 45 47 68 69 ff,48 100 150 1000 10cc 7000 7400,Static source audit; unresolved timing/behavior unless described in review notes
lycEnable/late_ff41_enable_ds_lcdoffset1_2_cgb04c_out0.gbc,FAILED,FAILED,FAILED,0,https://github.com/pokemon-speedrunning/gambatte-core/blob/d819bad196/test/hwtests/lycEnable/late_ff41_enable_ds_lcdoffset1_2_cgb04c_out0.asm,2ae8dfbbd2d53feef9999c1b8407fda17a5250bfc111c808e52c6a7e88e8e4a0,0f,00 0f 40 41 43 45 47 4d 68 69 ff,48 100 150 1000 10d7 7000 7400,Static source audit; unresolved timing/behavior unless described in review notes
lycEnable/late_ff45_enable_ds_1_cgb04c_out3.gbc,FAILED,FAILED,FAILED,3,https://github.com/pokemon-speedrunning/gambatte-core/blob/d819bad196/test/hwtests/lycEnable/late_ff45_enable_ds_1_cgb04c_out3.asm,91cad6f181c76cda5525dcd0b9330aa67a267cca0067aabe84f473ebdf90aa8f,,00 40 41 43 45 47 4d 68 69 ff,48 100 150 1000 11b9 7000 7400,Static source audit; unresolved timing/behavior unless described in review notes
lycEnable/late_ff45_enable_lcdoffset1_1_cgb04c_out2.gbc,FAILED,FAILED,FAILED,2,https://github.com/pokemon-speedrunning/gambatte-core/blob/d819bad196/test/hwtests/lycEnable/late_ff45_enable_lcdoffset1_1_cgb04c_out2.asm,ea6be727a3057507ed6c045bd6a79a5446bad556a40c3f2afa9581b6786ff0fa,0f,00 0f 40 41 43 45 47 4d 68 69 ff,48 100 150 1000 1064 7000 7400,Static source audit; unresolved timing/behavior unless described in review notes
lycEnable/lcdoff_lycirqen_4_dmg08_outE2_cgb04c_outE0.gbc,FAILED,FAILED,FAILED,E2 / E0,https://github.com/pokemon-speedrunning/gambatte-core/blob/d819bad196/test/hwtests/lycEnable/lcdoff_lycirqen_4_dmg08_outE2_cgb04c_outE0.asm,f10935e6e4eb9da9afb22033aa28e431701cf60b43477f5ea12ed0f6047fe6bc,0f,0f 40 41 42 43 45 47 68 69 ff,100 150 7000 7400,Static source audit; unresolved timing/behavior unless described in review notes
lycEnable/lyc0_ff41_disable_2_dmg08_cgb04c_outE2.gbc,FAILED,FAILED,FAILED,E2,https://github.com/pokemon-speedrunning/gambatte-core/blob/d819bad196/test/hwtests/lycEnable/lyc0_ff41_disable_2_dmg08_cgb04c_outE2.asm,06d2b15651dcafd80d1c63017681596ff10a8fd241a4160eaed0ef4199e02723,,0f 40 41 43 45 47 68 69 ff,48 100 150 1000 1066 7000 7400,Static source audit; unresolved timing/behavior unless described in review notes
lycEnable/lyc0_ff45_disable_ds_1_cgb04c_outE0.gbc,FAILED,FAILED,FAILED,E0,https://github.com/pokemon-speedrunning/gambatte-core/blob/d819bad196/test/hwtests/lycEnable/lyc0_ff45_disable_ds_1_cgb04c_outE0.asm,dbbac7418c465b6ef41390a55cf9d32e298573d8be9c46db1ca7c9f9f3e19506,,00 0f 40 41 43 45 47 4d 68 69 ff,48 100 150 1000 10c0 10d8 7000 7400,Static source audit; unresolved timing/behavior unless described in review notes
lycEnable/lyc0_m1disable_2_dmg08_outE2_cgb04c_outE0.gbc,FAILED,FAILED,FAILED,E2 / E0,https://github.com/pokemon-speedrunning/gambatte-core/blob/d819bad196/test/hwtests/lycEnable/lyc0_m1disable_2_dmg08_outE2_cgb04c_outE0.asm,afa0de90ee2ed66847000c3fb14be91b2b8d66b3044c0bea6f57837cce4c7382,,0f 40 41 43 45 47 68 69 ff,48 100 150 1000 1063 7000 7400,Static source audit; unresolved timing/behavior unless described in review notes
lycEnable/lyc153_late_enable_m1disable_2_dmg08_outE2_cgb04c_outE0.gbc,FAILED,FAILED,FAILED,E2 / E0,https://github.com/pokemon-speedrunning/gambatte-core/blob/d819bad196/test/hwtests/lycEnable/lyc153_late_enable_m1disable_2_dmg08_outE2_cgb04c_outE0.asm,c9a03569a8e011728842b0883a77640bd2467eda46f6ade2aa1ee0da3198821e,,0f 40 41 43 45 47 68 69 ff,48 100 150 1000 1061 7000 7400,Static source audit; unresolved timing/behavior unless described in review notes
lycEnable/lyc153_late_ff41_enable_2_dmg08_outE2_cgb04c_outE0.gbc,FAILED,FAILED,FAILED,E2 / E0,https://github.com/pokemon-speedrunning/gambatte-core/blob/d819bad196/test/hwtests/lycEnable/lyc153_late_ff41_enable_2_dmg08_outE2_cgb04c_outE0.asm,de57aea6e034a70ad96bede6f7bef8ea773cfb26b4227477f7cf65b163904f6a,,0f 40 41 43 45 47 68 69 ff,48 100 150 1000 1063 7000 7400,Static source audit; unresolved timing/behavior unless described in review notes
lycEnable/lyc153_late_ff41_enable_ds_lcdoffset1_2_cgb04c_outE0.gbc,FAILED,FAILED,FAILED,E0,https://github.com/pokemon-speedrunning/gambatte-core/blob/d819bad196/test/hwtests/lycEnable/lyc153_late_ff41_enable_ds_lcdoffset1_2_cgb04c_outE0.asm,3df9b1b643bf19e0e4eb108adc90699b4cc3113d4bb04d3b819b72820235c2b9,0f,00 0f 40 41 43 45 47 4d 68 69 ff,48 100 150 1000 10da 7000 7400,Static source audit; unresolved timing/behavior unless described in review notes
lycEnable/lyc153_late_ff45_enable_3_dmg08_outE0_cgb04c_outE2.gbc,FAILED,FAILED,FAILED,E0 / E2,https://github.com/pokemon-speedrunning/gambatte-core/blob/d819bad196/test/hwtests/lycEnable/lyc153_late_ff45_enable_3_dmg08_outE0_cgb04c_outE2.asm,26f0dfe332bab742908a6b486d53f836a1dd7d755175e1a6c3a21619d85ac755,,0f 40 41 43 45 47 68 69 ff,48 100 150 1000 1064 7000 7400,Static source audit; unresolved timing/behavior unless described in review notes
lycEnable/lyc153_late_ff45_enable_ds_1_cgb04c_outE2.gbc,FAILED,FAILED,FAILED,E2,https://github.com/pokemon-speedrunning/gambatte-core/blob/d819bad196/test/hwtests/lycEnable/lyc153_late_ff45_enable_ds_1_cgb04c_outE2.asm,ae704d3f8e1c633c8f97bfcdeaabc2918849ca95ac142dab910ec39df3f3de4c,,00 0f 40 41 43 45 47 4d 68 69 ff,48 100 150 1000 10d4 7000 7400,Static source audit; unresolved timing/behavior unless described in review notes
lycEnable/lyc153_late_ff45_enable_ds_3_cgb04c_outE0.gbc,FAILED,FAILED,FAILED,E0,https://github.com/pokemon-speedrunning/gambatte-core/blob/d819bad196/test/hwtests/lycEnable/lyc153_late_ff45_enable_ds_3_cgb04c_outE0.asm,fa5364555fce07de9c0aa0e1ed5b4f4478f96e6bfb4474387440352969c1eaf5,,00 0f 40 41 43 45 47 4d 68 69 ff,48 100 150 1000 10d6 7000 7400,Static source audit; unresolved timing/behavior unless described in review notes
lycEnable/lyc153_late_ff45_enable_ds_5_cgb04c_outE2.gbc,FAILED,FAILED,FAILED,E2,https://github.com/pokemon-speedrunning/gambatte-core/blob/d819bad196/test/hwtests/lycEnable/lyc153_late_ff45_enable_ds_5_cgb04c_outE2.asm,b9270229b52ca2bd562109acb4d036d1a55ac11d032d8c124ba1492e2539703b,,00 0f 40 41 43 45 47 4d 68 69 ff,48 100 150 1000 10d8 7000 7400,Static source audit; unresolved timing/behavior unless described in review notes
lycEnable/lyc153_late_ff45_enable_lcdoffset1_1_cgb04c_outE2.gbc,FAILED,FAILED,FAILED,E2,https://github.com/pokemon-speedrunning/gambatte-core/blob/d819bad196/test/hwtests/lycEnable/lyc153_late_ff45_enable_lcdoffset1_1_cgb04c_outE2.asm,eddd0587d98cbcfe9f4de122ecaf8ce017fc7e0de1fff4e9ae68b6346ac135cb,0f,00 0f 40 41 43 45 47 4d 68 69 ff,48 100 150 1000 1066 7000 7400,Static source audit; unresolved timing/behavior unless described in review notes
lycEnable/lyc153_late_m1disable_2_dmg08_outE2_cgb04c_outE0.gbc,FAILED,FAILED,FAILED,E2 / E0,https://github.com/pokemon-speedrunning/gambatte-core/blob/d819bad196/test/hwtests/lycEnable/lyc153_late_m1disable_2_dmg08_outE2_cgb04c_outE0.asm,f4c6b5959ff91720645a5f2a0c27c8d871fa8d3dc73a92f3e8ae78b2c1d6c9e9,,0f 40 41 43 45 47 68 69 ff,48 100 150 1000 1061 7000 7400,Static source audit; unresolved timing/behavior unless described in review notes
lycEnable/lyc_ff45_disable2_ds_1_cgb04c_out1.gbc,FAILED,FAILED,FAILED,1,https://github.com/pokemon-speedrunning/gambatte-core/blob/d819bad196/test/hwtests/lycEnable/lyc_ff45_disable2_ds_1_cgb04c_out1.asm,6fb3335d0319341fe28cf27a8299e45255b07f90bde08a7c99bc9782c78cf80f,,00 40 41 43 45 47 4d 68 69 ff,48 100 150 1000 10d2 7000 7400,Static source audit; unresolved timing/behavior unless described in review notes
lycEnable/lyc_ff45_trigger_delay_2_dmg08_out0_cgb04c_out2.gbc,FAILED,FAILED,FAILED,0 / 2,https://github.com/pokemon-speedrunning/gambatte-core/blob/d819bad196/test/hwtests/lycEnable/lyc_ff45_trigger_delay_2_dmg08_out0_cgb04c_out2.asm,2f297c9926736eaeed4d5d70edab2381593a9b26e1f4e4806b00073faf6cd330,41 44,0f 40 41 43 45 47 68 69 ff,48 100 150 1000 106d 1800 184b 7000 7400,Static source audit; unresolved timing/behavior unless described in review notes
lycEnable/lycwirq_trigger_ly00_stat50_ds_1_cgb04c_outE0.gbc,FAILED,FAILED,FAILED,E0,https://github.com/pokemon-speedrunning/gambatte-core/blob/d819bad196/test/hwtests/lycEnable/lycwirq_trigger_ly00_stat50_ds_1_cgb04c_outE0.asm,14b2e31eeb61f83d810e385f4919a6dcad7297470fc185c1b1049f49e2dbcd65,,00 0f 40 41 43 45 47 4d 68 69 ff,48 100 150 1000 10d2 7000 7400,Static source audit; unresolved timing/behavior unless described in review notes
lycEnable/lycwirq_trigger_ly00_stat50_ds_lcdoffset1_2_cgb04c_outE2.gbc,FAILED,FAILED,FAILED,E2,https://github.com/pokemon-speedrunning/gambatte-core/blob/d819bad196/test/hwtests/lycEnable/lycwirq_trigger_ly00_stat50_ds_lcdoffset1_2_cgb04c_outE2.asm,aba7107e341707873527238d5c53ac17e625f7fa12d02e888718cff5282ca42e,0f,00 0f 40 41 43 45 47 4d 68 69 ff,48 100 150 1000 10d2 7000 7400,Static source audit; unresolved timing/behavior unless described in review notes
lycEnable/lycwirq_trigger_ly00_stat50_lcdoffset1_1_cgb04c_outE0.gbc,FAILED,FAILED,FAILED,E0,https://github.com/pokemon-speedrunning/gambatte-core/blob/d819bad196/test/hwtests/lycEnable/lycwirq_trigger_ly00_stat50_lcdoffset1_1_cgb04c_outE0.asm,38d99555ceb69ba41ff762cadb0b750dbf87bbda3137d353da165959ae0f368c,0f,00 0f 40 41 43 45 47 4d 68 69 ff,48 100 150 1000 1060 7000 7400,Static source audit; unresolved timing/behavior unless described in review notes
lycint_ly/lycint_ly_ds_1_cgb04c_out5.gbc,FAILED,FAILED,FAILED,5,https://github.com/pokemon-speedrunning/gambatte-core/blob/d819bad196/test/hwtests/lycint_ly/lycint_ly_ds_1_cgb04c_out5.asm,dd799011d2b8b045b85303abc4c44dae12abc8e6c669d3241bab7085f5ca4796,,00 40 41 43 45 47 4d 68 69 ff,48 100 150 1000 10d8 7000 7400,Static source audit; unresolved timing/behavior unless described in review notes
lycint_lycflag/lycint_lycflag_4_dmg08_cgb04c_out0.gbc,FAILED,FAILED,FAILED,0,https://github.com/pokemon-speedrunning/gambatte-core/blob/d819bad196/test/hwtests/lycint_lycflag/lycint_lycflag_4_dmg08_cgb04c_out0.asm,6ae5fb228023b821d4b5bf3288131960a5d174aa004ec8901ddf148faf69390d,,40 41 43 45 47 68 69 ff,48 100 150 1000 10d5 7000 7400,Static source audit; unresolved timing/behavior unless described in review notes
lycm2int/lyc0m2int_m2irq_1_dmg08_cgb04c_out0.gbc,FAILED,FAILED,FAILED,0,https://github.com/pokemon-speedrunning/gambatte-core/blob/d819bad196/test/hwtests/lycm2int/lyc0m2int_m2irq_1_dmg08_cgb04c_out0.asm,d0c57725a07aa296a572ece1370fe0b8c4b5bd10d87a1c065fea69b94d72d973,,0f 40 41 43 45 47 68 69 ff,48 100 150 1000 1148 7000 7400,Static source audit; unresolved timing/behavior unless described in review notes
lycm2int/lycm2int_m2irq_1_dmg08_cgb04c_out1.gbc,FAILED,FAILED,FAILED,1,https://github.com/pokemon-speedrunning/gambatte-core/blob/d819bad196/test/hwtests/lycm2int/lycm2int_m2irq_1_dmg08_cgb04c_out1.asm,06742ce831a606752f861a4ddbfe7115665ca850cd28dbd1e6daca6c42755983,,40 41 43 45 47 68 69 ff,48 100 150 1000 10d9 7000 7400,Static source audit; unresolved timing/behavior unless described in review notes
m0enable/disable_2_dmg08_out0_cgb04c_out2.gbc,FAILED,FAILED,FAILED,0 / 2,https://github.com/pokemon-speedrunning/gambatte-core/blob/d819bad196/test/hwtests/m0enable/disable_2_dmg08_out0_cgb04c_out2.asm,a251b24d1912c34c36dfc242968cb5998abff76b4138c2b014101cbb6145393e,,0f 40 41 43 47 68 69 ff,48 100 150 1000 1065 7000 7400,Static source audit; unresolved timing/behavior unless described in review notes
m0enable/disable_scx3_2_dmg08_out0_cgb04c_out2.gbc,FAILED,FAILED,FAILED,0 / 2,https://github.com/pokemon-speedrunning/gambatte-core/blob/d819bad196/test/hwtests/m0enable/disable_scx3_2_dmg08_out0_cgb04c_out2.asm,2fda14e086bb34cd44f87eb24da206489d72d211b076ff12a6d50ed656f39fd4,,0f 40 41 43 47 68 69 ff,48 100 150 1000 1066 7000 7400,Static source audit; unresolved timing/behavior unless described in review notes
m0enable/disable_scx4_2_dmg08_out0_cgb04c_out2.gbc,FAILED,FAILED,FAILED,0 / 2,https://github.com/pokemon-speedrunning/gambatte-core/blob/d819bad196/test/hwtests/m0enable/disable_scx4_2_dmg08_out0_cgb04c_out2.asm,0587b864d17e5600f07fcf9037ba3a1528f97ebc89c87536bc54da6b3b1fb0cf,,0f 40 41 43 47 68 69 ff,48 100 150 1000 1066 7000 7400,Static source audit; unresolved timing/behavior unless described in review notes
m0enable/disable_scx5_ds_2_cgb04c_out3.gbc,FAILED,FAILED,FAILED,3,https://github.com/pokemon-speedrunning/gambatte-core/blob/d819bad196/test/hwtests/m0enable/disable_scx5_ds_2_cgb04c_out3.asm,88952cadba0aa305ef6c382dc45524706807452e2d562325fbcd837ee786260f,,00 40 41 43 47 4d 68 69 ff,48 100 150 1000 10d7 7000 7400,Static source audit; unresolved timing/behavior unless described in review notes
m0enable/disable_scx7_2_dmg08_out0_cgb04c_out2.gbc,FAILED,FAILED,FAILED,0 / 2,https://github.com/pokemon-speedrunning/gambatte-core/blob/d819bad196/test/hwtests/m0enable/disable_scx7_2_dmg08_out0_cgb04c_out2.asm,6126692a9cee66e36e7765e28b409fac468161fe0fda6e4aaae90d03b5927b2d,,0f 40 41 43 47 68 69 ff,48 100 150 1000 1067 7000 7400,Static source audit; unresolved timing/behavior unless described in review notes
m0enable/enable_wxA6_2x_spxA7_1_dmg08_cgb04c_out2.gbc,FAILED,FAILED,FAILED,2,https://github.com/pokemon-speedrunning/gambatte-core/blob/d819bad196/test/hwtests/m0enable/enable_wxA6_2x_spxA7_1_dmg08_cgb04c_out2.asm,365eff95ed5a17178093570bbdaca50e84845fa41644de841b579bf71846a770,0f,0f 40 41 43 47 4b 68 69 ff,48 100 150 1000 1032 7000 7400,Static source audit; unresolved timing/behavior unless described in review notes
m0enable/enable_wxA6_2x_spxA7_ds_1_cgb04c_out2.gbc,FAILED,FAILED,FAILED,2,https://github.com/pokemon-speedrunning/gambatte-core/blob/d819bad196/test/hwtests/m0enable/enable_wxA6_2x_spxA7_ds_1_cgb04c_out2.asm,6e4552383ea9c929039b1f261dc854e63cc1cdad3ee0b7d0ad14bb3fa3f4a518,0f,00 0f 40 41 43 47 4b 4d 68 69 ff,48 100 150 1000 1071 7000 7400,Static source audit; unresolved timing/behavior unless described in review notes
m0enable/enable_wxA6_2x_spxA7_ds_2_cgb04c_out2.gbc,FAILED,FAILED,FAILED,2,https://github.com/pokemon-speedrunning/gambatte-core/blob/d819bad196/test/hwtests/m0enable/enable_wxA6_2x_spxA7_ds_2_cgb04c_out2.asm,acb4efd8fe1bf89da6cc9793455a59722e2ee49d102bb69145c5b43c80775085,0f,00 0f 40 41 43 47 4b 4d 68 69 ff,48 100 150 1000 1072 7000 7400,Static source audit; unresolved timing/behavior unless described in review notes
m0enable/enable_wxA6_2x_spxA7_ds_3_cgb04c_out2.gbc,FAILED,FAILED,FAILED,2,https://github.com/pokemon-speedrunning/gambatte-core/blob/d819bad196/test/hwtests/m0enable/enable_wxA6_2x_spxA7_ds_3_cgb04c_out2.asm,1af27d6a9f4c0b36629d520bab9b1c96844d454712ecf0cb8ae4412f993bec01,0f,00 0f 40 41 43 47 4b 4d 68 69 ff,48 100 150 1000 1073 7000 7400,Static source audit; unresolved timing/behavior unless described in review notes
m0enable/enable_wxA6_2x_spxA7_ds_4_cgb04c_out2.gbc,FAILED,FAILED,FAILED,2,https://github.com/pokemon-speedrunning/gambatte-core/blob/d819bad196/test/hwtests/m0enable/enable_wxA6_2x_spxA7_ds_4_cgb04c_out2.asm,de93115b72c1b35eb4e043ab205cfd0701481be5cfd336ac88c7801524108340,0f,00 0f 40 41 43 47 4b 4d 68 69 ff,48 100 150 1000 1074 7000 7400,Static source audit; unresolved timing/behavior unless described in review notes
m0enable/late_enable_2_dmg08_out2_cgb04c_out0.gbc,FAILED,FAILED,FAILED,2 / 0,https://github.com/pokemon-speedrunning/gambatte-core/blob/d819bad196/test/hwtests/m0enable/late_enable_2_dmg08_out2_cgb04c_out0.asm,bdf127dd310e6c3c4883a0bd1d3e7262af6e3167d6692967497bfb20554ddad2,,0f 40 41 43 47 68 69 ff,48 100 150 1000 1095 7000 7400,Static source audit; unresolved timing/behavior unless described in review notes
m0enable/late_enable_ds_2_cgb04c_out1.gbc,FAILED,FAILED,FAILED,1,https://github.com/pokemon-speedrunning/gambatte-core/blob/d819bad196/test/hwtests/m0enable/late_enable_ds_2_cgb04c_out1.asm,e69f9740019ba6d7a8d33c8af15d1c461aadf3d260ab8c6e34770317fec3c189,,00 40 41 43 47 4d 68 69 ff,48 100 150 1000 113b 7000 7400,Static source audit; unresolved timing/behavior unless described in review notes
m0enable/late_enable_ds_lcdoffset1_2_cgb04c_out0.gbc,FAILED,FAILED,FAILED,0,https://github.com/pokemon-speedrunning/gambatte-core/blob/d819bad196/test/hwtests/m0enable/late_enable_ds_lcdoffset1_2_cgb04c_out0.asm,aa67f294c96d1474b0d3856de5878bc5b5f9210db9043ef18804e3f59c9208fa,0f,00 0f 40 41 43 45 47 4d 68 69 ff,48 100 150 1000 10d7 7000 7400,Static source audit; unresolved timing/behavior unless described in review notes
m0enable/lycdisable_ff41_2_dmg08_out2_cgb04c_out0.gbc,FAILED,FAILED,FAILED,2 / 0,https://github.com/pokemon-speedrunning/gambatte-core/blob/d819bad196/test/hwtests/m0enable/lycdisable_ff41_2_dmg08_out2_cgb04c_out0.asm,1914c6c5b3bf33b96c54ba4091a02a2449464f85c18dd6dcb4b8df22b8d8c5ac,44,0f 40 41 43 45 47 68 69 ff,48 100 150 1000 1058 7000 7400,Static source audit; unresolved timing/behavior unless described in review notes
m0enable/lycdisable_ff41_scx3_2_dmg08_out2_cgb04c_out0.gbc,FAILED,FAILED,FAILED,2 / 0,https://github.com/pokemon-speedrunning/gambatte-core/blob/d819bad196/test/hwtests/m0enable/lycdisable_ff41_scx3_2_dmg08_out2_cgb04c_out0.asm,dc32f332e5ddaf11ba478a161272f6a9b0d077ffd9b607d4ebebe86e99c2e473,44,0f 40 41 43 45 47 68 69 ff,48 100 150 1000 1058 7000 7400,Static source audit; unresolved timing/behavior unless described in review notes
m0enable/lycdisable_ff45_2_dmg08_out2_cgb04c_out0.gbc,FAILED,FAILED,FAILED,2 / 0,https://github.com/pokemon-speedrunning/gambatte-core/blob/d819bad196/test/hwtests/m0enable/lycdisable_ff45_2_dmg08_out2_cgb04c_out0.asm,b1e769a807a403476bbfc27bbee899abd8dad2f6b592dd973df975cf74d726d0,44,0f 40 41 43 45 47 68 69 ff,48 100 150 1000 1058 7000 7400,Static source audit; unresolved timing/behavior unless described in review notes
m0enable/lycdisable_ff45_scx1_ds_1_cgb04c_out2.gbc,FAILED,FAILED,FAILED,2,https://github.com/pokemon-speedrunning/gambatte-core/blob/d819bad196/test/hwtests/m0enable/lycdisable_ff45_scx1_ds_1_cgb04c_out2.asm,9be3e909610d7519aceccd32b8dc860b919fb4bf7d4a78e74b5f873cc03c1f1a,44,00 40 41 43 45 47 4d 68 69 ff,48 100 150 1000 10c4 10e8 7000 7400,Static source audit; unresolved timing/behavior unless described in review notes
m0enable/lycdisable_ff45_scx3_2_dmg08_out2_cgb04c_out0.gbc,FAILED,FAILED,FAILED,2 / 0,https://github.com/pokemon-speedrunning/gambatte-core/blob/d819bad196/test/hwtests/m0enable/lycdisable_ff45_scx3_2_dmg08_out2_cgb04c_out0.asm,23f6a1f4ec11689e85286d415da6571f4382be8f3f6efe6906c6fbebf3433878,44,0f 40 41 43 45 47 68 69 ff,48 100 150 1000 1058 7000 7400,Static source audit; unresolved timing/behavior unless described in review notes
m0enable/lycdisable_ff45_scx3_3_dmg08_cgb04c_out0.gbc,FAILED,FAILED,FAILED,0,https://github.com/pokemon-speedrunning/gambatte-core/blob/d819bad196/test/hwtests/m0enable/lycdisable_ff45_scx3_3_dmg08_cgb04c_out0.asm,d6038236234910b842f0a0f38a523881ad41d295dc8ae4584f966651ff44ad79,44,0f 40 41 43 45 47 68 69 ff,48 100 150 1000 1058 7000 7400,Static source audit; unresolved timing/behavior unless described in review notes
m0int_m0stat/m0int_m0stat_scx5_ds_2_cgb04c_out2.gbc,FAILED,FAILED,FAILED,2,https://github.com/pokemon-speedrunning/gambatte-core/blob/d819bad196/test/hwtests/m0int_m0stat/m0int_m0stat_scx5_ds_2_cgb04c_out2.asm,d02ddd598fced689d6a08a05da2572cae274aab98d25ddc276da29b9b9f4f13d,,00 40 43 47 4d 68 69 ff,48 100 150 1000 1059 7000 7400,Static source audit; unresolved timing/behavior unless described in review notes
m0int_m3stat/m0int_m3stat_ds_1_cgb04c_out3.gbc,FAILED,FAILED,FAILED,3,https://github.com/pokemon-speedrunning/gambatte-core/blob/d819bad196/test/hwtests/m0int_m3stat/m0int_m3stat_ds_1_cgb04c_out3.asm,9ef6dc641ae2a320ea4630369c6d9b481d4c2f98d5a195a72521a919b940845a,,00 40 43 47 4d 68 69 ff,48 100 150 1000 10d9 7000 7400,Static source audit; unresolved timing/behavior unless described in review notes
m1/ly143_late_m0enable_2_dmg08_out3_cgb04c_out1.gbc,FAILED,FAILED,FAILED,3 / 1,https://github.com/pokemon-speedrunning/gambatte-core/blob/d819bad196/test/hwtests/m1/ly143_late_m0enable_2_dmg08_out3_cgb04c_out1.asm,e8eb6ef53c5a559ec60764850bb909a9a4b1ab1bcf0f86fa93e6ebd45a0306e5,0f,0f 40 41 43 45 47 68 69 ff,48 100 150 1000 1065 7000 7400,Static source audit; unresolved timing/behavior unless described in review notes
m1/ly143_late_m0enable_ds_lcdoffset1_2_cgb04c_out1.gbc,FAILED,FAILED,FAILED,1,https://github.com/pokemon-speedrunning/gambatte-core/blob/d819bad196/test/hwtests/m1/ly143_late_m0enable_ds_lcdoffset1_2_cgb04c_out1.asm,892b4d67b28c36238286e66101390d8a28faf615a90e05f18c3815c31f135001,0f,00 0f 40 41 43 45 47 4d 68 69 ff,48 100 150 1000 10d7 7000 7400,Static source audit; unresolved timing/behavior unless described in review notes
m1/ly143_late_m2enable_2_dmg08_out3_cgb04c_out1.gbc,FAILED,FAILED,FAILED,3 / 1,https://github.com/pokemon-speedrunning/gambatte-core/blob/d819bad196/test/hwtests/m1/ly143_late_m2enable_2_dmg08_out3_cgb04c_out1.asm,e1e6314ab24de195d00ca52d0190c225a7cc6f6bcee5a285377aa1aae4c10a33,0f,0f 40 41 43 45 47 68 69 ff,48 100 150 1000 1065 7000 7400,Static source audit; unresolved timing/behavior unless described in review notes
m1/ly143_late_m2enable_ds_lcdoffset1_2_cgb04c_out1.gbc,FAILED,FAILED,FAILED,1,https://github.com/pokemon-speedrunning/gambatte-core/blob/d819bad196/test/hwtests/m1/ly143_late_m2enable_ds_lcdoffset1_2_cgb04c_out1.asm,dbbb7a31bae6777e0e1044e7b8bf7ed5d67da839ad62c330c3bc34bb1acdc93b,0f,00 0f 40 41 43 45 47 4d 68 69 ff,48 100 150 1000 10d7 7000 7400,Static source audit; unresolved timing/behavior unless described in review notes
m1/lyc143_late_m0enable_lycdisable_2_dmg08_cgb04c_out1.gbc,FAILED,FAILED,FAILED,1,https://github.com/pokemon-speedrunning/gambatte-core/blob/d819bad196/test/hwtests/m1/lyc143_late_m0enable_lycdisable_2_dmg08_cgb04c_out1.asm,5b5162b84a0835a8fe6ab37355362e2d13231093d37ee103cb086363ade970b0,0f,0f 40 41 43 45 47 68 69 ff,48 100 150 1000 1066 7000 7400,Static source audit; unresolved timing/behavior unless described in review notes
m1/lyc143_late_m2enable_lycdisable_2_dmg08_cgb04c_out1.gbc,FAILED,FAILED,FAILED,1,https://github.com/pokemon-speedrunning/gambatte-core/blob/d819bad196/test/hwtests/m1/lyc143_late_m2enable_lycdisable_2_dmg08_cgb04c_out1.asm,e52bd6df71c958f380503b9268903062e8b44d22d3c873621f897216a5d04dce,0f,0f 40 41 43 45 47 68 69 ff,48 100 150 1000 1066 7000 7400,Static source audit; unresolved timing/behavior unless described in review notes
m1/lycint143_m1irq_2_dmg08_cgb04c_out3.gbc,FAILED,FAILED,FAILED,3,https://github.com/pokemon-speedrunning/gambatte-core/blob/d819bad196/test/hwtests/m1/lycint143_m1irq_2_dmg08_cgb04c_out3.asm,1ba8b1f505cd4522ece640757805cbe27cde7f910c7e00f9cae095269c909afd,,0f 40 41 43 45 47 68 69 ff,48 100 150 1000 1068 7000 7400,Static source audit; unresolved timing/behavior unless described in review notes
m1/lycint143_m1irq_ds_2_cgb04c_out3.gbc,FAILED,FAILED,FAILED,3,https://github.com/pokemon-speedrunning/gambatte-core/blob/d819bad196/test/hwtests/m1/lycint143_m1irq_ds_2_cgb04c_out3.asm,96e38cd87bc70c58700756cbd5a3250194e88058a7c024cbd2f78b273c92a86a,0f,00 0f 40 41 43 45 47 4d 68 69 ff,48 100 150 1000 10d9 7000 7400,Static source audit; unresolved timing/behavior unless described in review notes
m1/lycint143_m1irq_ifw_1_dmg08_cgb04c_out3.gbc,FAILED,FAILED,FAILED,3,https://github.com/pokemon-speedrunning/gambatte-core/blob/d819bad196/test/hwtests/m1/lycint143_m1irq_ifw_1_dmg08_cgb04c_out3.asm,ff086dd49ecf1e17fb78356ccecf9194b39469c15cb9299312a516c193dc38c7,0f,0f 40 41 43 45 47 68 69 ff,48 100 150 1000 1066 7000 7400,Static source audit; unresolved timing/behavior unless described in review notes
m1/lycint143_m1irq_ifw_ds_1_cgb04c_out3.gbc,FAILED,FAILED,FAILED,3,https://github.com/pokemon-speedrunning/gambatte-core/blob/d819bad196/test/hwtests/m1/lycint143_m1irq_ifw_ds_1_cgb04c_out3.asm,cf4e4db6ca4f0e44b7c36ab83d74c7f7348ca5d17a9acffe183155f070a30a7a,0f,00 0f 40 41 43 45 47 4d 68 69 ff,48 100 150 1000 10d8 7000 7400,Static source audit; unresolved timing/behavior unless described in review notes
m1/lycint143_m1irq_late_retrigger_1_dmg08_cgb04c_out3.gbc,FAILED,FAILED,FAILED,3,https://github.com/pokemon-speedrunning/gambatte-core/blob/d819bad196/test/hwtests/m1/lycint143_m1irq_late_retrigger_1_dmg08_cgb04c_out3.asm,2daf95bf11feddfea190e969f33dbd6e414875fcaa3358afce06433db38eb529,0f,0f 40 41 43 45 47 68 69 ff,48 100 150 1000 105b 7000 7400,Static source audit; unresolved timing/behavior unless described in review notes
m1/lycint143_m1irq_late_retrigger_ds_1_cgb04c_out3.gbc,FAILED,FAILED,FAILED,3,https://github.com/pokemon-speedrunning/gambatte-core/blob/d819bad196/test/hwtests/m1/lycint143_m1irq_late_retrigger_ds_1_cgb04c_out3.asm,0fd054fc363af3d4490b996f93e7380d867eae711880d9ca978bf8a581fc60e2,0f,00 0f 40 41 43 45 47 4d 68 69 ff,48 100 150 1000 10ce 7000 7400,Static source audit; unresolved timing/behavior unless described in review notes
m1/lycint_m1intirq_1_dmg08_cgb04c_out3.gbc,FAILED,FAILED,FAILED,3,https://github.com/pokemon-speedrunning/gambatte-core/blob/d819bad196/test/hwtests/m1/lycint_m1intirq_1_dmg08_cgb04c_out3.asm,8ac06107297e1f95b15cef405735e362720d83c49ff79bc38f356108bca5b342,80,0f 40 41 43 45 47 68 69 ff,48 100 150 1000 1064 7000 7400,Static source audit; unresolved timing/behavior unless described in review notes
m1/lycint_m1intirq_2_dmg08_cgb04c_out1.gbc,FAILED,FAILED,FAILED,1,https://github.com/pokemon-speedrunning/gambatte-core/blob/d819bad196/test/hwtests/m1/lycint_m1intirq_2_dmg08_cgb04c_out1.asm,40a76caafa17da0287ef3c24e98f604185c672e1a1064634ea1c4aa47dff2bf6,80,0f 40 41 43 45 47 68 69 ff,48 100 150 1000 1065 7000 7400,Static source audit; unresolved timing/behavior unless described in review notes
m1/lycint_vblankirq_late_retrigger_ds_1_cgb04c_out1.gbc,FAILED,FAILED,FAILED,1,https://github.com/pokemon-speedrunning/gambatte-core/blob/d819bad196/test/hwtests/m1/lycint_vblankirq_late_retrigger_ds_1_cgb04c_out1.asm,f5e840433c7e3b28dbe3720dcb266db5a55a6f53c704f83c5d67a85d9e21d568,0f,00 0f 40 41 43 45 47 4d 68 69 ff,48 100 150 1000 10ce 7000 7400,Static source audit; unresolved timing/behavior unless described in review notes
m1/m1irq_enable_after_lyc144_2_dmg08_out1_cgb04c_out3.gbc,FAILED,FAILED,FAILED,1 / 3,https://github.com/pokemon-speedrunning/gambatte-core/blob/d819bad196/test/hwtests/m1/m1irq_enable_after_lyc144_2_dmg08_out1_cgb04c_out3.asm,c350d786b3624b52330ae885e7bde82706736bf0226a9a538a11d90add0d540f,,0f 40 41 43 45 47 68 69 ff,48 100 150 1000 1064 7000 7400,Static source audit; unresolved timing/behavior unless described in review notes
m1/m1irq_late_enable_2_dmg08_out2_cgb04c_out0.gbc,FAILED,FAILED,FAILED,2 / 0,https://github.com/pokemon-speedrunning/gambatte-core/blob/d819bad196/test/hwtests/m1/m1irq_late_enable_2_dmg08_out2_cgb04c_out0.asm,9433835d88879504a8e0697cbe6cb937e5d6968091b18a68dea38f24619d451a,,0f 40 41 43 45 47 68 69 ff,48 100 150 1000 10d6 7000 7400,Static source audit; unresolved timing/behavior unless described in review notes
m1/m1irq_late_enable_ds_lcdoffset1_2_cgb04c_out0.gbc,FAILED,FAILED,FAILED,0,https://github.com/pokemon-speedrunning/gambatte-core/blob/d819bad196/test/hwtests/m1/m1irq_late_enable_ds_lcdoffset1_2_cgb04c_out0.asm,462f5b31f68f89bf447317b4de98c9536d3bad2b7e571a47c6eed67f0b00b79b,0f,00 0f 40 41 43 45 47 4d 68 69 ff,48 100 150 1000 10d7 7000 7400,Static source audit; unresolved timing/behavior unless described in review notes
m1/m1irq_m0disable_2_dmg08_out3_cgb04c_out1.gbc,FAILED,FAILED,FAILED,3 / 1,https://github.com/pokemon-speedrunning/gambatte-core/blob/d819bad196/test/hwtests/m1/m1irq_m0disable_2_dmg08_out3_cgb04c_out1.asm,c6d40c7d1a7c315cee53083d7f180e00eb22b95779a720f09140240779c90c74,,0f 40 41 43 45 47 68 69 ff,48 100 150 1000 10cc 7000 7400,Static source audit; unresolved timing/behavior unless described in review notes
m1/m1irq_m2disable_lycdisable_2_dmg08_out3_cgb04c_out1.gbc,FAILED,FAILED,FAILED,3 / 1,https://github.com/pokemon-speedrunning/gambatte-core/blob/d819bad196/test/hwtests/m1/m1irq_m2disable_lycdisable_2_dmg08_out3_cgb04c_out1.asm,4024d61f256822b400f23b4b99b9e9574c3328de68f5da32c1d5553d2ca9e682,0f,0f 40 41 43 45 47 68 69 ff,48 100 150 1000 1065 7000 7400,Static source audit; unresolved timing/behavior unless described in review notes
m1/m1irq_m2disable_lycdisable_3_dmg08_cgb04c_out1.gbc,FAILED,FAILED,FAILED,1,https://github.com/pokemon-speedrunning/gambatte-core/blob/d819bad196/test/hwtests/m1/m1irq_m2disable_lycdisable_3_dmg08_cgb04c_out1.asm,c129c7d241731c07fc6dc8afb0d0d67cccc59c4ddf826e151ba40601a2a9ef67,0f,0f 40 41 43 45 47 68 69 ff,48 100 150 1000 1066 7000 7400,Static source audit; unresolved timing/behavior unless described in review notes
m1/m1irq_m2enable_lyc_1_dmg08_cgb04c_out1.gbc,FAILED,FAILED,FAILED,1,https://github.com/pokemon-speedrunning/gambatte-core/blob/d819bad196/test/hwtests/m1/m1irq_m2enable_lyc_1_dmg08_cgb04c_out1.asm,50ec50abfc921d017b1cc772069ca34f589775e2ef94304db9315d4a80080c23,0f,0f 40 41 43 45 47 68 69 ff,48 100 150 1000 1065 7000 7400,Static source audit; unresolved timing/behavior unless described in review notes
m1/m1irq_m2enable_lyc_2_dmg08_out1_cgb04c_out3.gbc,FAILED,FAILED,FAILED,1 / 3,https://github.com/pokemon-speedrunning/gambatte-core/blob/d819bad196/test/hwtests/m1/m1irq_m2enable_lyc_2_dmg08_out1_cgb04c_out3.asm,334a61bcf020f50185f58c1c27075d3432231466ef6b1a0fe08c3ad4aee94258,0f,0f 40 41 43 45 47 68 69 ff,48 100 150 1000 1066 7000 7400,Static source audit; unresolved timing/behavior unless described in review notes
m1/m1irq_m2enable_lyc_3_dmg08_cgb04c_out3.gbc,FAILED,FAILED,FAILED,3,https://github.com/pokemon-speedrunning/gambatte-core/blob/d819bad196/test/hwtests/m1/m1irq_m2enable_lyc_3_dmg08_cgb04c_out3.asm,2a8077cb12fa0cc7c6de4e50118716550e59f7f44d167434a67d089558451f77,0f,0f 40 41 43 45 47 68 69 ff,48 100 150 1000 1067 7000 7400,Static source audit; unresolved timing/behavior unless described in review notes
m1/m1irq_m2enable_lyc_ds_2_cgb04c_out3.gbc,FAILED,FAILED,FAILED,3,https://github.com/pokemon-speedrunning/gambatte-core/blob/d819bad196/test/hwtests/m1/m1irq_m2enable_lyc_ds_2_cgb04c_out3.asm,45ff1c2dc6f3d1bb623df7c72523e38d9c75225c61429ef0cd5065d7f2968b6e,0f,00 0f 40 41 43 45 47 4d 68 69 ff,48 100 150 1000 10d9 7000 7400,Static source audit; unresolved timing/behavior unless described in review notes
m2enable/enable_after_lycint_1_dmg08_cgb04c_out1.gbc,FAILED,FAILED,FAILED,1,https://github.com/pokemon-speedrunning/gambatte-core/blob/d819bad196/test/hwtests/m2enable/enable_after_lycint_1_dmg08_cgb04c_out1.asm,62614ba40b56ec83e0d492d6263e1d975139fa4bbd08a54211ae8f9369981743,,40 41 43 45 47 68 69 ff,48 100 150 1000 10d7 7000 7400,Static source audit; unresolved timing/behavior unless described in review notes
m2enable/late_enable_after_lycint_1_dmg08_cgb04c_out0.gbc,FAILED,FAILED,FAILED,0,https://github.com/pokemon-speedrunning/gambatte-core/blob/d819bad196/test/hwtests/m2enable/late_enable_after_lycint_1_dmg08_cgb04c_out0.asm,8d1d94065b17991f5690f396d3495a9844e9cda34ead204257b48aeaa76cde48,44,0f 40 41 43 45 47 68 69 ff,48 100 150 1000 1062 7000 7400,Static source audit; unresolved timing/behavior unless described in review notes
m2enable/late_enable_after_lycint_2_dmg08_out0_cgb04c_out2.gbc,FAILED,FAILED,FAILED,0 / 2,https://github.com/pokemon-speedrunning/gambatte-core/blob/d819bad196/test/hwtests/m2enable/late_enable_after_lycint_2_dmg08_out0_cgb04c_out2.asm,ba315c4253aff740b237964562f3d42b6227646d388fb43cbd6460ac92fdb889,44,0f 40 41 43 45 47 68 69 ff,48 100 150 1000 1063 7000 7400,Static source audit; unresolved timing/behavior unless described in review notes
m2enable/late_enable_after_lycint_disable_2_dmg08_out0_cgb04c_out2.gbc,FAILED,FAILED,FAILED,0 / 2,https://github.com/pokemon-speedrunning/gambatte-core/blob/d819bad196/test/hwtests/m2enable/late_enable_after_lycint_disable_2_dmg08_out0_cgb04c_out2.asm,f7f6680d2249419f47a1bad0a6cc02d0b9a886e7484bc4104d74143e27993247,44,0f 40 41 43 45 47 68 69 ff,48 100 150 1000 1063 7000 7400,Static source audit; unresolved timing/behavior unless described in review notes
m2enable/late_enable_ds_1_cgb04c_out2.gbc,FAILED,FAILED,FAILED,2,https://github.com/pokemon-speedrunning/gambatte-core/blob/d819bad196/test/hwtests/m2enable/late_enable_ds_1_cgb04c_out2.asm,5745559d6efc651b7896feb5f7f7ab00028c4f30947648c29c03b3d11c3fe91a,,00 0f 40 41 43 47 4d 68 69 ff,48 100 150 1000 10d6 7000 7400,Static source audit; unresolved timing/behavior unless described in review notes
m2enable/late_enable_ds_lcdoffset1_2_cgb04c_out0.gbc,FAILED,FAILED,FAILED,0,https://github.com/pokemon-speedrunning/gambatte-core/blob/d819bad196/test/hwtests/m2enable/late_enable_ds_lcdoffset1_2_cgb04c_out0.asm,f9597e292a0851f3e730a5e51e0ff7a68c85c794fe1c6522410681635b228ecd,0f,00 0f 40 41 43 45 47 4d 68 69 ff,48 100 150 1000 10d8 7000 7400,Static source audit; unresolved timing/behavior unless described in review notes
m2enable/late_enable_lcdoffset2_2_cgb04c_out0.gbc,FAILED,FAILED,FAILED,0,https://github.com/pokemon-speedrunning/gambatte-core/blob/d819bad196/test/hwtests/m2enable/late_enable_lcdoffset2_2_cgb04c_out0.asm,b11e6fc17077bdac6287bc26501db2c6417a57c39bb258ccadf59788dad19499,0f,00 0f 40 41 43 45 47 4d 68 69 ff,48 100 150 1000 1066 7000 7400,Static source audit; unresolved timing/behavior unless described in review notes
m2enable/late_enable_ly0_ds_1_cgb04c_out2.gbc,FAILED,FAILED,FAILED,2,https://github.com/pokemon-speedrunning/gambatte-core/blob/d819bad196/test/hwtests/m2enable/late_enable_ly0_ds_1_cgb04c_out2.asm,2a3c3419bea098af808b5ea1990f45fcfc0dd10e0b62d8a597a7b151991a980c,,00 0f 40 41 43 45 47 4d 68 69 ff,48 100 150 1000 11b9 7000 7400,Static source audit; unresolved timing/behavior unless described in review notes
m2enable/late_enable_ly0_ds_lcdoffset1_2_cgb04c_out0.gbc,FAILED,FAILED,FAILED,0,https://github.com/pokemon-speedrunning/gambatte-core/blob/d819bad196/test/hwtests/m2enable/late_enable_ly0_ds_lcdoffset1_2_cgb04c_out0.asm,1271c3f4cedf2a29c609fb165b289812663dba79dff5cfff981b0d33570d3205,0f,00 0f 40 41 43 45 47 4d 68 69 ff,48 100 150 1000 10d8 7000 7400,Static source audit; unresolved timing/behavior unless described in review notes
m2enable/late_enable_ly0_lcdoffset2_2_cgb04c_out0.gbc,FAILED,FAILED,FAILED,0,https://github.com/pokemon-speedrunning/gambatte-core/blob/d819bad196/test/hwtests/m2enable/late_enable_ly0_lcdoffset2_2_cgb04c_out0.asm,a6577a7c6a7b832995ea926e8073100ddf9975e52337399c4b4c0dcaebb8a44c,0f,00 0f 40 41 43 45 47 4d 68 69 ff,48 100 150 1000 1066 7000 7400,Static source audit; unresolved timing/behavior unless described in review notes
m2enable/late_enable_m0disable_2_dmg08_out0_cgb04c_out2.gbc,FAILED,FAILED,FAILED,0 / 2,https://github.com/pokemon-speedrunning/gambatte-core/blob/d819bad196/test/hwtests/m2enable/late_enable_m0disable_2_dmg08_out0_cgb04c_out2.asm,856822a112da5e2b5071c479f0b8c870ef27feaa14ff2ee3fb8af78831c93d7b,,0f 40 41 43 47 68 69 ff,48 100 150 1000 105c 7000 7400,Static source audit; unresolved timing/behavior unless described in review notes
m2enable/late_enable_m0disable_ds_1_cgb04c_out2.gbc,FAILED,FAILED,FAILED,2,https://github.com/pokemon-speedrunning/gambatte-core/blob/d819bad196/test/hwtests/m2enable/late_enable_m0disable_ds_1_cgb04c_out2.asm,858069ed14cf0b6b7aea78e9527d7dadb6b922edf8144f69e8092db6bee1b414,,00 0f 40 41 43 47 4d 68 69 ff,48 100 150 1000 10cc 7000 7400,Static source audit; unresolved timing/behavior unless described in review notes
m2enable/late_enable_m1disable_ly0_2_dmg08_out2_cgb04c_out0.gbc,FAILED,FAILED,FAILED,2 / 0,https://github.com/pokemon-speedrunning/gambatte-core/blob/d819bad196/test/hwtests/m2enable/late_enable_m1disable_ly0_2_dmg08_out2_cgb04c_out0.asm,f7284c8981d9cdfd7374f38ae581c6f1a51509eac2c9c2cb9fe171505ebc0948,,0f 40 41 43 45 47 68 69 ff,48 100 150 1000 10d4 7000 7400,Static source audit; unresolved timing/behavior unless described in review notes
m2enable/late_enable_m1disable_ly0_ds_1_cgb04c_out2.gbc,FAILED,FAILED,FAILED,2,https://github.com/pokemon-speedrunning/gambatte-core/blob/d819bad196/test/hwtests/m2enable/late_enable_m1disable_ly0_ds_1_cgb04c_out2.asm,a72bf38847fe9e48903ba7253f21c4c3ab1e01d1381b668798578487b957538a,,00 0f 40 41 43 45 47 4d 68 69 ff,48 100 150 1000 11b9 7000 7400,Static source audit; unresolved timing/behavior unless described in review notes
m2enable/late_m1disable_ly0_2_dmg08_out2_cgb04c_out0.gbc,FAILED,FAILED,FAILED,2 / 0,https://github.com/pokemon-speedrunning/gambatte-core/blob/d819bad196/test/hwtests/m2enable/late_m1disable_ly0_2_dmg08_out2_cgb04c_out0.asm,cf290748bf2eda04114b054ebec7bc4839c86ffe77acc6311b3c1ef7921c7eb7,,0f 40 41 43 45 47 68 69 ff,48 100 150 1000 10d4 7000 7400,Static source audit; unresolved timing/behavior unless described in review notes
m2enable/lyc0_late_m2enable_lycdisable_2_dmg08_out2_cgb04c_out0.gbc,FAILED,FAILED,FAILED,2 / 0,https://github.com/pokemon-speedrunning/gambatte-core/blob/d819bad196/test/hwtests/m2enable/lyc0_late_m2enable_lycdisable_2_dmg08_out2_cgb04c_out0.asm,3c34dec407caeea970a27dd87c13d5d70f6260805524fdc1d2afac8bca96be35,0f,0f 40 41 43 45 47 68 69 ff,48 100 150 1000 1064 7000 7400,Static source audit; unresolved timing/behavior unless described in review notes
m2enable/lyc1_late_m2enable_lycdisable_1_dmg08_out0_cgb04c_out2.gbc,FAILED,FAILED,FAILED,0 / 2,https://github.com/pokemon-speedrunning/gambatte-core/blob/d819bad196/test/hwtests/m2enable/lyc1_late_m2enable_lycdisable_1_dmg08_out0_cgb04c_out2.asm,6007256d0ee84e0f86c64f528fa67ca9d123c37c0b124c063669e1cd425da485,0f,0f 40 41 43 45 47 68 69 ff,48 100 150 1000 1066 7000 7400,Static source audit; unresolved timing/behavior unless described in review notes
m2enable/lyc1_late_m2enable_lycdisable_ds_3_cgb04c_out2.gbc,FAILED,FAILED,FAILED,2,https://github.com/pokemon-speedrunning/gambatte-core/blob/d819bad196/test/hwtests/m2enable/lyc1_late_m2enable_lycdisable_ds_3_cgb04c_out2.asm,621de49a26831634d4c3f44098fbc85e8d73266971af130e39b037e70c6eb33a,0f,00 0f 40 41 43 45 47 4d 68 69 ff,48 100 150 1000 10d9 7000 7400,Static source audit; unresolved timing/behavior unless described in review notes
m2enable/lyc1_m2irq_late_lyc255_3_dmg08_cgb04c_out0.gbc,FAILED,FAILED,FAILED,0,https://github.com/pokemon-speedrunning/gambatte-core/blob/d819bad196/test/hwtests/m2enable/lyc1_m2irq_late_lyc255_3_dmg08_cgb04c_out0.asm,6dc4f879f464994d47c1fee3ff9603acf788bdd7eb7aad937fb2cc3f05b670ae,0f,0f 40 41 43 45 47 68 69 ff,48 100 150 1000 1065 7000 7400,Static source audit; unresolved timing/behavior unless described in review notes
m2enable/lyc1_m2irq_late_lyc255_ds_1_cgb04c_out2.gbc,FAILED,FAILED,FAILED,2,https://github.com/pokemon-speedrunning/gambatte-core/blob/d819bad196/test/hwtests/m2enable/lyc1_m2irq_late_lyc255_ds_1_cgb04c_out2.asm,aef76779bbf2bb3735fa62aa6d971bdd684d170243e1ce92f967950510897bd1,0f,00 0f 40 41 43 45 47 4d 68 69 ff,48 100 150 1000 10d5 7000 7400,Static source audit; unresolved timing/behavior unless described in review notes
m2enable/lyc1_m2irq_late_lycdisable_2_dmg08_cgb04c_out0.gbc,FAILED,FAILED,FAILED,0,https://github.com/pokemon-speedrunning/gambatte-core/blob/d819bad196/test/hwtests/m2enable/lyc1_m2irq_late_lycdisable_2_dmg08_cgb04c_out0.asm,930726e147668debd717db63b7c43616b06b819ddf00f330baac02595bc39bc0,0f,0f 40 41 43 45 47 68 69 ff,48 100 150 1000 1065 7000 7400,Static source audit; unresolved timing/behavior unless described in review notes
m2int_m0irq/m2int_m0irq_scx3_ifw_2_dmg08_cgb04c_out0.gbc,FAILED,FAILED,FAILED,0,https://github.com/pokemon-speedrunning/gambatte-core/blob/d819bad196/test/hwtests/m2int_m0irq/m2int_m0irq_scx3_ifw_2_dmg08_cgb04c_out0.asm,3aae8460b3368c2aad581b24059441fc1be2320e21ccfa9d28ccccfd3ec880f4,0f,0f 40 41 43 47 68 69 ff,48 100 150 1000 1034 7000 7400,Static source audit; unresolved timing/behavior unless described in review notes
m2int_m0irq/m2int_m0irq_scx3_ifw_4_dmg08_cgb04c_out0.gbc,FAILED,FAILED,FAILED,0,https://github.com/pokemon-speedrunning/gambatte-core/blob/d819bad196/test/hwtests/m2int_m0irq/m2int_m0irq_scx3_ifw_4_dmg08_cgb04c_out0.asm,ddacec39d087d24a2b9c9d6006b36cb228f94e8bc4fbd286c75f498eab23984d,41,0f 40 41 43 47 68 69 ff,48 100 150 1000 1033 103c 7000 7400,Static source audit; unresolved timing/behavior unless described in review notes
m2int_m0irq/m2int_m0irq_scx5_ds_1_cgb04c_out1.gbc,FAILED,FAILED,FAILED,1,https://github.com/pokemon-speedrunning/gambatte-core/blob/d819bad196/test/hwtests/m2int_m0irq/m2int_m0irq_scx5_ds_1_cgb04c_out1.asm,e60a91d274cd5c9409d690e6b99c5c8d3e67ec7ede4723ddc0697a8166f41656,,00 40 41 43 47 4d 68 69 ff,48 100 150 1000 1076 7000 7400,Static source audit; unresolved timing/behavior unless described in review notes
m2int_m2irq/m2int_m2irq_late_retrigger_1_dmg08_cgb04c_out2.gbc,FAILED,FAILED,FAILED,2,https://github.com/pokemon-speedrunning/gambatte-core/blob/d819bad196/test/hwtests/m2int_m2irq/m2int_m2irq_late_retrigger_1_dmg08_cgb04c_out2.asm,ddb7b0151233df69fbcf9d2e714d9625f4ea80dc178ed40f45c17d55082afbac,0f,0f 40 43 47 68 69 ff,48 100 150 1000 105c 7000 7400,Static source audit; unresolved timing/behavior unless described in review notes
m2int_m2irq/m2int_m2irq_late_retrigger_ds_1_cgb04c_out2.gbc,FAILED,FAILED,FAILED,2,https://github.com/pokemon-speedrunning/gambatte-core/blob/d819bad196/test/hwtests/m2int_m2irq/m2int_m2irq_late_retrigger_ds_1_cgb04c_out2.asm,a5a216a9f49adf991ce93a8be773f4a53e2da91f7369d78c8b3237ff5de3454b,0f,00 0f 40 43 47 4d 68 69 ff,48 100 150 1000 10ce 7000 7400,Static source audit; unresolved timing/behavior unless described in review notes
m2int_m3stat/m2int_m3stat_ds_1_cgb04c_out3.gbc,FAILED,FAILED,FAILED,3,https://github.com/pokemon-speedrunning/gambatte-core/blob/d819bad196/test/hwtests/m2int_m3stat/m2int_m3stat_ds_1_cgb04c_out3.asm,a2ab4d129565d587bda3ae0f60b12963e9680002f0e5d42167731a3d082de6f7,,00 40 43 47 4d 68 69 ff,48 100 150 1000 1074 7000 7400,Static source audit; unresolved timing/behavior unless described in review notes
m2int_m3stat/scx/late_scx4_1_dmg08_cgb04c_out3.gbc,FAILED,FAILED,FAILED,3,https://github.com/pokemon-speedrunning/gambatte-core/blob/d819bad196/test/hwtests/m2int_m3stat/scx/late_scx4_1_dmg08_cgb04c_out3.asm,1e6c980bbc5bc6a51eef5370503523de6515f910e248770b8c754192237172b6,,0f 40 43 47 68 69 ff,48 100 150 1000 1035 7000 7400,Static source audit; unresolved timing/behavior unless described in review notes
m2int_m3stat/scx/late_scx4_ds_1_cgb04c_out3.gbc,FAILED,FAILED,FAILED,3,https://github.com/pokemon-speedrunning/gambatte-core/blob/d819bad196/test/hwtests/m2int_m3stat/scx/late_scx4_ds_1_cgb04c_out3.asm,43186f348bf873e941a490231ed1d6c8f30cb0977c423290c697f3aacedbd631,,00 40 43 47 4d 68 69 ff,48 100 150 1000 101e 1075 7000 7400,Static source audit; unresolved timing/behavior unless described in review notes
m2int_m3stat/scx/m2int_scx1_m3stat_ds_1_cgb04c_out3.gbc,FAILED,FAILED,FAILED,3,https://github.com/pokemon-speedrunning/gambatte-core/blob/d819bad196/test/hwtests/m2int_m3stat/scx/m2int_scx1_m3stat_ds_1_cgb04c_out3.asm,7258eb6bc69bff3e9707bbf1a483801c5e4cebe995123398b30b6f8855b85c65,,00 40 43 47 4d 68 69 ff,48 100 150 1000 1075 7000 7400,Static source audit; unresolved timing/behavior unless described in review notes
m2int_m3stat/scx/m2int_scx2_m3stat_ds_1_cgb04c_out3.gbc,FAILED,FAILED,FAILED,3,https://github.com/pokemon-speedrunning/gambatte-core/blob/d819bad196/test/hwtests/m2int_m3stat/scx/m2int_scx2_m3stat_ds_1_cgb04c_out3.asm,a1cee30c374e75f8face7e6fb72c2609b49f1c22e84e635de04dfc1308113145,,00 40 43 47 4d 68 69 ff,48 100 150 1000 1075 7000 7400,Static source audit; unresolved timing/behavior unless described in review notes
m2int_m3stat/scx/m2int_scx3_m3stat_ds_1_cgb04c_out3.gbc,FAILED,FAILED,FAILED,3,https://github.com/pokemon-speedrunning/gambatte-core/blob/d819bad196/test/hwtests/m2int_m3stat/scx/m2int_scx3_m3stat_ds_1_cgb04c_out3.asm,5f741450a6a03ffb381c45cb64d958086b3e078206cd58f4fd8f9afb4835d002,,00 40 43 47 4d 68 69 ff,48 100 150 1000 1076 7000 7400,Static source audit; unresolved timing/behavior unless described in review notes
m2int_m3stat/scx/m2int_scx4_m3stat_ds_1_cgb04c_out3.gbc,FAILED,FAILED,FAILED,3,https://github.com/pokemon-speedrunning/gambatte-core/blob/d819bad196/test/hwtests/m2int_m3stat/scx/m2int_scx4_m3stat_ds_1_cgb04c_out3.asm,c8e27d55105e87113e8d22f7088e7ebae462273051e050ddfb02ca2edc760b13,,00 40 43 47 4d 68 69 ff,48 100 150 1000 1076 7000 7400,Static source audit; unresolved timing/behavior unless described in review notes
m2int_m3stat/scx/m2int_scx5_m3stat_ds_1_cgb04c_out3.gbc,FAILED,FAILED,FAILED,3,https://github.com/pokemon-speedrunning/gambatte-core/blob/d819bad196/test/hwtests/m2int_m3stat/scx/m2int_scx5_m3stat_ds_1_cgb04c_out3.asm,32ccf66042ee73e62dcaeb2522c7736386c90a455f3e638a12a45235b03416a7,,00 40 43 47 4d 68 69 ff,48 100 150 1000 1077 7000 7400,Static source audit; unresolved timing/behavior unless described in review notes
m2int_m3stat/scx/m2int_scx6_m3stat_ds_1_cgb04c_out3.gbc,FAILED,FAILED,FAILED,3,https://github.com/pokemon-speedrunning/gambatte-core/blob/d819bad196/test/hwtests/m2int_m3stat/scx/m2int_scx6_m3stat_ds_1_cgb04c_out3.asm,0737ecde29fb24c45bdbdb0f84d10d97763f83ec2d9fa5b357135ce7fe6a0c97,,00 40 43 47 4d 68 69 ff,48 100 150 1000 1077 7000 7400,Static source audit; unresolved timing/behavior unless described in review notes
m2int_m3stat/scx/m2int_scx7_m3stat_ds_1_cgb04c_out3.gbc,FAILED,FAILED,FAILED,3,https://github.com/pokemon-speedrunning/gambatte-core/blob/d819bad196/test/hwtests/m2int_m3stat/scx/m2int_scx7_m3stat_ds_1_cgb04c_out3.asm,1944d09e8d352151bf4977daaba3cdc0cce8794cdc7930c0d1e821ccd3dc93cf,,00 40 43 47 4d 68 69 ff,48 100 150 1000 1078 7000 7400,Static source audit; unresolved timing/behavior unless described in review notes
m2int_m3stat/scx/m2int_scx8_m3stat_ds_1_cgb04c_out3.gbc,FAILED,FAILED,FAILED,3,https://github.com/pokemon-speedrunning/gambatte-core/blob/d819bad196/test/hwtests/m2int_m3stat/scx/m2int_scx8_m3stat_ds_1_cgb04c_out3.asm,924cc7676b81eb082d6357d3b7778981df41c017f8cca0650d43039040e835f6,,00 40 43 47 4d 68 69 ff,48 100 150 1000 1074 7000 7400,Static source audit; unresolved timing/behavior unless described in review notes
miscmstatirq/lcdoff_statirqen_if_dmg08_cgb04c_outE0.gbc,FAILED,FAILED,FAILED,E0,https://github.com/pokemon-speedrunning/gambatte-core/blob/d819bad196/test/hwtests/miscmstatirq/lcdoff_statirqen_if_dmg08_cgb04c_outE0.asm,bf662014d0356520e868a2ad46cd6331442f53577f1234e19a83b26e98f0daa7,0f 44,0f 40 41 42 43 45 47 68 69,100 150 7000 7400,Static source audit; unresolved timing/behavior unless described in review notes
miscmstatirq/lycflag_statwirq_1_dmg08_out2.gb,FAILED,ok,ok,2,https://github.com/pokemon-speedrunning/gambatte-core/blob/d819bad196/test/hwtests/miscmstatirq/lycflag_statwirq_1_dmg08_out2.asm,f7abcf1c3237c69cd4ad20e40d2881f0407dc62b6e51116f919dd9dccf4a4d7e,0f,0f 40 41 43 45 47 68 69 ff,49 100 150 1000 1060 7000 7400,Resolved by runner contract or core changes documented in GAMBATTE_REVIEW.md
miscmstatirq/lycflag_statwirq_2_dmg08_out2.gb,FAILED,ok,ok,2,https://github.com/pokemon-speedrunning/gambatte-core/blob/d819bad196/test/hwtests/miscmstatirq/lycflag_statwirq_2_dmg08_out2.asm,968a056fd637d4986dc272d67b8d12e12bac23d2dea4f04391de677be0be2270,0f,0f 40 41 43 45 47 68 69 ff,49 100 150 1000 1061 7000 7400,Resolved by runner contract or core changes documented in GAMBATTE_REVIEW.md
miscmstatirq/lycflag_statwirq_3_dmg08_out2.gb,FAILED,ok,ok,2,https://github.com/pokemon-speedrunning/gambatte-core/blob/d819bad196/test/hwtests/miscmstatirq/lycflag_statwirq_3_dmg08_out2.asm,5df4696c7cb2dc55fc1e1b5cb006b31cd520fef5cd607bbe0c9b2eb8983df3ef,0f,0f 40 41 43 45 47 68 69 ff,4a 100 150 1000 1060 7000 7400,Resolved by runner contract or core changes documented in GAMBATTE_REVIEW.md
miscmstatirq/lycstatwirq_trigger_ly00_10_50_ds_lcdoffset1_2_cgb04c_outE2.gbc,FAILED,FAILED,FAILED,E2,https://github.com/pokemon-speedrunning/gambatte-core/blob/d819bad196/test/hwtests/miscmstatirq/lycstatwirq_trigger_ly00_10_50_ds_lcdoffset1_2_cgb04c_outE2.asm,62b3c9f558fc2e32e9e6d9948a1ced6169a741e7ffbf3ff1d7a29c127f49276c,0f,00 0f 40 41 43 45 47 4d 68 69 ff,48 100 150 1000 10d0 7000 7400,Static source audit; unresolved timing/behavior unless described in review notes
miscmstatirq/lycstatwirq_trigger_ly00_10_50_lcdoffset3_2_cgb04c_outE2.gbc,FAILED,FAILED,FAILED,E2,https://github.com/pokemon-speedrunning/gambatte-core/blob/d819bad196/test/hwtests/miscmstatirq/lycstatwirq_trigger_ly00_10_50_lcdoffset3_2_cgb04c_outE2.asm,baa8cce11fd19cbdfbf8b6f8e8dd287a827535b2ea8c3bed4131c614c0b6d5c0,0f,00 0f 40 41 43 45 47 4d 68 69 ff,48 100 150 1000 105e 7000 7400,Static source audit; unresolved timing/behavior unless described in review notes
miscmstatirq/lycstatwirq_trigger_m0_late_ly44_lyc44_08_40_ds_3_cgb04c_outE2.gbc,FAILED,FAILED,FAILED,E2,https://github.com/pokemon-speedrunning/gambatte-core/blob/d819bad196/test/hwtests/miscmstatirq/lycstatwirq_trigger_m0_late_ly44_lyc44_08_40_ds_3_cgb04c_outE2.asm,8e4799a6020dabaadd10919f67718d87790f328ef7984ef9dbeff077fb4a322e,,00 0f 40 41 43 45 47 4d 68 69 ff,48 100 150 1000 10d3 7000 7400,Static source audit; unresolved timing/behavior unless described in review notes
miscmstatirq/lycwirq_trigger_m0_late_ly44_lyc45_1_dmg08_cgb04c_outE2.gbc,FAILED,FAILED,FAILED,E2,https://github.com/pokemon-speedrunning/gambatte-core/blob/d819bad196/test/hwtests/miscmstatirq/lycwirq_trigger_m0_late_ly44_lyc45_1_dmg08_cgb04c_outE2.asm,6cf1414d48197149b76599ce16e1aeb99ccf354322ded30634894262f23a9305,,0f 40 41 43 45 47 68 69 ff,48 100 150 1000 105d 7000 7400,Static source audit; unresolved timing/behavior unless described in review notes
miscmstatirq/lycwirq_trigger_m0_late_ly44_lyc45_2_dmg08_cgb04c_outE2.gbc,FAILED,FAILED,FAILED,E2,https://github.com/pokemon-speedrunning/gambatte-core/blob/d819bad196/test/hwtests/miscmstatirq/lycwirq_trigger_m0_late_ly44_lyc45_2_dmg08_cgb04c_outE2.asm,527ca4ff223e343a4ee06ae375f0dda690cf81948bf83a9d361db6838c973048,,0f 40 41 43 45 47 68 69 ff,48 100 150 1000 105e 7000 7400,Static source audit; unresolved timing/behavior unless described in review notes
miscmstatirq/lycwirq_trigger_m0_late_ly44_lyc45_3_dmg08_cgb04c_outE2.gbc,FAILED,FAILED,FAILED,E2,https://github.com/pokemon-speedrunning/gambatte-core/blob/d819bad196/test/hwtests/miscmstatirq/lycwirq_trigger_m0_late_ly44_lyc45_3_dmg08_cgb04c_outE2.asm,dd6179777b3366eb189d59d2338ec457949284ea773ffcc0d2b3feda03258ecd,,0f 40 41 43 45 47 68 69 ff,48 100 150 1000 105f 7000 7400,Static source audit; unresolved timing/behavior unless described in review notes
miscmstatirq/lycwirq_trigger_m0_late_ly44_lyc45_4_dmg08_cgb04c_outE2.gbc,FAILED,FAILED,FAILED,E2,https://github.com/pokemon-speedrunning/gambatte-core/blob/d819bad196/test/hwtests/miscmstatirq/lycwirq_trigger_m0_late_ly44_lyc45_4_dmg08_cgb04c_outE2.asm,d908fbef9c22f39ca9a80eb9b57914b90c8c30dd755ce962de56690f84a922c2,,0f 40 41 43 45 47 68 69 ff,48 100 150 1000 1060 7000 7400,Static source audit; unresolved timing/behavior unless described in review notes
miscmstatirq/lycwirq_trigger_m0_late_ly44_lyc45_ds_1_cgb04c_outE2.gbc,FAILED,FAILED,FAILED,E2,https://github.com/pokemon-speedrunning/gambatte-core/blob/d819bad196/test/hwtests/miscmstatirq/lycwirq_trigger_m0_late_ly44_lyc45_ds_1_cgb04c_outE2.asm,c9d8a140753ff63a6a89b62f4d779ef9daf36372d0c88b6b91070845f70b6d28,,00 0f 40 41 43 45 47 4d 68 69 ff,48 100 150 1000 10d0 7000 7400,Static source audit; unresolved timing/behavior unless described in review notes
miscmstatirq/lycwirq_trigger_m0_late_ly44_lyc45_ds_2_cgb04c_outE2.gbc,FAILED,FAILED,FAILED,E2,https://github.com/pokemon-speedrunning/gambatte-core/blob/d819bad196/test/hwtests/miscmstatirq/lycwirq_trigger_m0_late_ly44_lyc45_ds_2_cgb04c_outE2.asm,89df18865cabf00fafbfff8d6c75c67a2e90b54379e9e2b87c274e17bdbc015a,,00 0f 40 41 43 45 47 4d 68 69 ff,48 100 150 1000 10d1 7000 7400,Static source audit; unresolved timing/behavior unless described in review notes
miscmstatirq/m0statwirq_1_dmg08_out2.gb,FAILED,ok,ok,2,https://github.com/pokemon-speedrunning/gambatte-core/blob/d819bad196/test/hwtests/miscmstatirq/m0statwirq_1_dmg08_out2.asm,4318468f8047663931eb2fc33b01c234ca260637c2652520b8478e0c07d6c5de,0f,0f 40 41 43 45 47 68 69 ff,48 100 150 1000 1060 7000 7400,Resolved by runner contract or core changes documented in GAMBATTE_REVIEW.md
miscmstatirq/m0statwirq_4_dmg08_out2.gb,FAILED,ok,ok,2,https://github.com/pokemon-speedrunning/gambatte-core/blob/d819bad196/test/hwtests/miscmstatirq/m0statwirq_4_dmg08_out2.asm,be31a58e4111b7890cf037a6a192ca21dae3e0e3f8843aa6f98afc470b11717e,0f,0f 40 41 43 45 47 68 69 ff,48 100 150 1000 10a0 7000 7400,Resolved by runner contract or core changes documented in GAMBATTE_REVIEW.md
miscmstatirq/m0statwirq_scx2_2_dmg08_out2.gb,FAILED,ok,ok,2,https://github.com/pokemon-speedrunning/gambatte-core/blob/d819bad196/test/hwtests/miscmstatirq/m0statwirq_scx2_2_dmg08_out2.asm,cd80ce711af9ad31b0e2f8a19243bcea5ee9a554e4cfef11ac294abedfca1dbe,0f,0f 40 41 43 45 47 68 69 ff,48 100 150 1000 10a0 7000 7400,Resolved by runner contract or core changes documented in GAMBATTE_REVIEW.md
miscmstatirq/m0statwirq_scx3_2_dmg08_out2.gb,FAILED,ok,ok,2,https://github.com/pokemon-speedrunning/gambatte-core/blob/d819bad196/test/hwtests/miscmstatirq/m0statwirq_scx3_2_dmg08_out2.asm,6384b9472598cfde25308fa6287e617efa0094e70f3a78d5ef968ff27c045ffb,0f,0f 40 41 43 45 47 68 69 ff,48 100 150 1000 10a1 7000 7400,Resolved by runner contract or core changes documented in GAMBATTE_REVIEW.md
miscmstatirq/m0statwirq_scx5_2_dmg08_out2.gb,FAILED,ok,ok,2,https://github.com/pokemon-speedrunning/gambatte-core/blob/d819bad196/test/hwtests/miscmstatirq/m0statwirq_scx5_2_dmg08_out2.asm,a5363be8738865e12aa11450baf39a713bb93882c8fee17ed9763c8e2c1c3bc8,0f,0f 40 41 43 45 47 68 69 ff,48 100 150 1000 10a1 7000 7400,Resolved by runner contract or core changes documented in GAMBATTE_REVIEW.md
miscmstatirq/m1statwirq_1_dmg08_out3.gb,FAILED,ok,ok,3,https://github.com/pokemon-speedrunning/gambatte-core/blob/d819bad196/test/hwtests/miscmstatirq/m1statwirq_1_dmg08_out3.asm,e184541f6fd1a01919b8f2e994887b243d5e66b0ef4a3f357c1f8b5797c99db2,0f,0f 40 41 43 45 47 68 69 ff,48 100 150 1000 1060 7000 7400,Resolved by runner contract or core changes documented in GAMBATTE_REVIEW.md
miscmstatirq/m1statwirq_2_dmg08_out3.gb,FAILED,ok,ok,3,https://github.com/pokemon-speedrunning/gambatte-core/blob/d819bad196/test/hwtests/miscmstatirq/m1statwirq_2_dmg08_out3.asm,45ee9faf796f06f13add702f2297dd0ad61f592cf5c62f36580d71effc257214,0f,0f 40 41 43 45 47 68 69 ff,48 100 150 1000 1061 7000 7400,Resolved by runner contract or core changes documented in GAMBATTE_REVIEW.md
miscmstatirq/m1statwirq_3_dmg08_out2.gb,FAILED,ok,ok,2,https://github.com/pokemon-speedrunning/gambatte-core/blob/d819bad196/test/hwtests/miscmstatirq/m1statwirq_3_dmg08_out2.asm,9590d56603e56938e7359ba31ecfb7188bab98da1ec5091cc8c614589116ab56,0f,0f 40 41 43 45 47 68 69 ff,48 100 150 1000 1060 7000 7400,Resolved by runner contract or core changes documented in GAMBATTE_REVIEW.md
miscmstatirq/m1statwirq_trigger_ly94_lyc94_40_50_2_dmg08_outE0_cgb04c_outE2.gbc,FAILED,FAILED,FAILED,E0 / E2,https://github.com/pokemon-speedrunning/gambatte-core/blob/d819bad196/test/hwtests/miscmstatirq/m1statwirq_trigger_ly94_lyc94_40_50_2_dmg08_outE0_cgb04c_outE2.asm,125fa09d0ca59ebee481ca98b0243839ffb8131625b3b0f9fd069105e6c3ab32,,0f 40 41 43 45 47 68 69 ff,48 100 150 1000 1064 7000 7400,Static source audit; unresolved timing/behavior unless described in review notes
oam_access/10spritesprline_postread_2_dmg08_cgb04c_out0.gbc,FAILED,ok,ok,0,https://github.com/pokemon-speedrunning/gambatte-core/blob/d819bad196/test/hwtests/oam_access/10spritesprline_postread_2_dmg08_cgb04c_out0.asm,1c5cbf47c76a0079d1ec60f9872bf90a9a1353365a2abe6c9956203b0b87df81,,0f 40 41 43 45 47 68 69 ff,48 100 150 1000 104d 7000 7400,Resolved by runner contract or core changes documented in GAMBATTE_REVIEW.md
oam_access/postread_scx3_2_dmg08_xout1_cgb04c_out0.gbc,FAILED,ok,ok,0,https://github.com/pokemon-speedrunning/gambatte-core/blob/d819bad196/test/hwtests/oam_access/postread_scx3_2_dmg08_xout1_cgb04c_out0.asm,b3237e5af6f48137713ebba7dd5da33218279ac97cfae6b26fb241d638462a68,,0f 40 43 47 68 69 ff,48 100 150 1000 1036 7000 7400,Resolved by runner contract or core changes documented in GAMBATTE_REVIEW.md
oam_access/postread_scx5_ds_1_cgb04c_out3.gbc,FAILED,FAILED,FAILED,3,https://github.com/pokemon-speedrunning/gambatte-core/blob/d819bad196/test/hwtests/oam_access/postread_scx5_ds_1_cgb04c_out3.asm,f86c3b1e8e9fa7ec4b9b07506e2d98c34edc5ee04745d6a81b3a54f1673ff487,,00 40 43 47 4d 68 69 ff,48 100 150 1000 1077 7000 7400,Static source audit; unresolved timing/behavior unless described in review notes
oam_access/postwrite_scx1_ds_1_cgb04c_out0.gbc,FAILED,FAILED,FAILED,0,https://github.com/pokemon-speedrunning/gambatte-core/blob/d819bad196/test/hwtests/oam_access/postwrite_scx1_ds_1_cgb04c_out0.asm,0e5d8f155b97d77744d58167e9c5fd19b768a793c3042329703d08560f88bdb9,,00 40 43 47 4d 68 69 ff,48 100 150 1000 1074 7000 7400,Static source audit; unresolved timing/behavior unless described in review notes
oam_access/preread_ds_1_cgb04c_out0.gbc,FAILED,ok,ok,0,https://github.com/pokemon-speedrunning/gambatte-core/blob/d819bad196/test/hwtests/oam_access/preread_ds_1_cgb04c_out0.asm,272be80ab9a5d243a21b51cac762d499bcab40d0695accfe245dcf94c0eaa724,,00 40 43 47 4d 68 69 ff,48 100 150 1000 10da 7000 7400,Resolved by runner contract or core changes documented in GAMBATTE_REVIEW.md
oam_access/preread_ds_lcdoffset1_2_cgb04c_out3.gbc,ok,FAILED,FAILED,3,https://github.com/pokemon-speedrunning/gambatte-core/blob/d819bad196/test/hwtests/oam_access/preread_ds_lcdoffset1_2_cgb04c_out3.asm,040f45e57dce918666d9f67a511cee3404714eccee5e437be2ef905b34ce9f82,,00 0f 40 41 43 45 47 4d 68 69 ff,48 100 150 1000 10d7 7000 7400,Newly exposed by corrected measurement; source analysis in GAMBATTE_REVIEW.md
oamdma/late_sp00x_1_dmg08_cgb04c_out0.gbc,FAILED,FAILED,FAILED,0,https://github.com/pokemon-speedrunning/gambatte-core/blob/d819bad196/test/hwtests/oamdma/late_sp00x_1_dmg08_cgb04c_out0.asm,021cb8e15a753aea6bf62c095a8f50a5b02816fae2e98436a9453516d2776bd0,41 80,0f 40 41 43 45 46 47 68 69 80 ff,48 100 150 1000 7000 7400,Static source audit; unresolved timing/behavior unless described in review notes
oamdma/late_sp00x_ds_2_cgb04c_out3.gbc,FAILED,FAILED,FAILED,3,https://github.com/pokemon-speedrunning/gambatte-core/blob/d819bad196/test/hwtests/oamdma/late_sp00x_ds_2_cgb04c_out3.asm,1da99f35b1e3ea7c201ec15cf6a6fc6fc1449fc251fac58b4c1fe61c4dc5f8c4,41,00 0f 40 41 43 45 46 47 4d 68 69 ff,48 100 150 1000 10d6 115b 7000 7400,Static source audit; unresolved timing/behavior unless described in review notes
oamdma/late_sp00y_2_dmg08_cgb04c_out0.gbc,FAILED,FAILED,FAILED,0,https://github.com/pokemon-speedrunning/gambatte-core/blob/d819bad196/test/hwtests/oamdma/late_sp00y_2_dmg08_cgb04c_out0.asm,001bd25579e8ed56e0010225f104b988535ed01896b300a3ffc681cf1822b0af,41,0f 40 41 43 45 46 47 68 69 ff,48 100 150 1000 7000 7400,Static source audit; unresolved timing/behavior unless described in review notes
oamdma/late_sp00y_ds_1_cgb04c_out3.gbc,FAILED,FAILED,FAILED,3,https://github.com/pokemon-speedrunning/gambatte-core/blob/d819bad196/test/hwtests/oamdma/late_sp00y_ds_1_cgb04c_out3.asm,91130afd0350d21b13d41c85e9efaba0ee0cd431aec735b8a2a726017c70961a,41,00 0f 40 41 43 45 46 47 4d 68 69 ff,48 100 150 1000 1035 115b 7000 7400,Static source audit; unresolved timing/behavior unless described in review notes
oamdma/late_sp01x_1_dmg08_cgb04c_out0.gbc,FAILED,FAILED,FAILED,0,https://github.com/pokemon-speedrunning/gambatte-core/blob/d819bad196/test/hwtests/oamdma/late_sp01x_1_dmg08_cgb04c_out0.asm,4d5c69834e12396b8899b09e8f1fae6e5a594f9fe40d8851e7b710722a3cd2a5,41 80,0f 40 41 43 45 46 47 68 69 80 ff,48 100 150 1000 7000 7400,Static source audit; unresolved timing/behavior unless described in review notes
oamdma/late_sp01x_ds_2_cgb04c_out3.gbc,FAILED,FAILED,FAILED,3,https://github.com/pokemon-speedrunning/gambatte-core/blob/d819bad196/test/hwtests/oamdma/late_sp01x_ds_2_cgb04c_out3.asm,41335d3c20072b51167aa8483fa4eff5b9e0c81c9bb7ae32a62c1519f8dbdc9c,41,00 0f 40 41 43 45 46 47 4d 68 69 ff,48 100 150 1000 10d7 115b 7000 7400,Static source audit; unresolved timing/behavior unless described in review notes
oamdma/late_sp01y_2_dmg08_cgb04c_out0.gbc,FAILED,FAILED,FAILED,0,https://github.com/pokemon-speedrunning/gambatte-core/blob/d819bad196/test/hwtests/oamdma/late_sp01y_2_dmg08_cgb04c_out0.asm,a7bd8da436a3936344d0ea908901acffd46cf366130dd8efe584d1f7940aeff0,41,0f 40 41 43 45 46 47 68 69 ff,48 100 150 1000 7000 7400,Static source audit; unresolved timing/behavior unless described in review notes
oamdma/late_sp01y_ds_1_cgb04c_out3.gbc,FAILED,FAILED,FAILED,3,https://github.com/pokemon-speedrunning/gambatte-core/blob/d819bad196/test/hwtests/oamdma/late_sp01y_ds_1_cgb04c_out3.asm,e1b82eeef62fa1f0c473b51f9154faa2eed922c1717a30ec39f6a974f387ee5c,41,00 0f 40 41 43 45 46 47 4d 68 69 ff,48 100 150 1000 1036 115b 7000 7400,Static source audit; unresolved timing/behavior unless described in review notes
oamdma/late_sp02x_1_dmg08_cgb04c_out0.gbc,FAILED,FAILED,FAILED,0,https://github.com/pokemon-speedrunning/gambatte-core/blob/d819bad196/test/hwtests/oamdma/late_sp02x_1_dmg08_cgb04c_out0.asm,a6d701be510c829f04f37d635aa99bec2ee7c0673b2ae18a0fdcd2d79c16ff54,41 80,0f 40 41 43 45 46 47 68 69 80 ff,48 100 150 1000 7000 7400,Static source audit; unresolved timing/behavior unless described in review notes
oamdma/late_sp02y_2_dmg08_cgb04c_out0.gbc,FAILED,FAILED,FAILED,0,https://github.com/pokemon-speedrunning/gambatte-core/blob/d819bad196/test/hwtests/oamdma/late_sp02y_2_dmg08_cgb04c_out0.asm,00088cbc049bb9f8d3a51a51e60ec409637f615eb1d0577ae6316acb1538a2db,41,0f 40 41 43 45 46 47 68 69 ff,48 100 150 1000 7000 7400,Static source audit; unresolved timing/behavior unless described in review notes
oamdma/late_sp39x_1_dmg08_cgb04c_out0.gbc,FAILED,FAILED,FAILED,0,https://github.com/pokemon-speedrunning/gambatte-core/blob/d819bad196/test/hwtests/oamdma/late_sp39x_1_dmg08_cgb04c_out0.asm,6641bcbc7446c7c863f3568e5cb3f06d7d9cc29c47be85c15f71d5348dfb02e7,41 80,0f 40 41 43 45 46 47 68 69 80 ff,48 100 150 1000 7000 7400,Static source audit; unresolved timing/behavior unless described in review notes
oamdma/late_sp39x_4_cgb04c_out3.gbc,FAILED,FAILED,FAILED,3,https://github.com/pokemon-speedrunning/gambatte-core/blob/d819bad196/test/hwtests/oamdma/late_sp39x_4_cgb04c_out3.asm,87049da2b63db25917726048766b519efdbdb778c688cfe2d096bddb4f1650ee,41,0f 40 41 43 45 46 47 68 69 ff,48 100 150 1000 1077 10b4 7000 7400,Static source audit; unresolved timing/behavior unless described in review notes
oamdma/late_sp39x_ds_2_cgb04c_out3.gbc,FAILED,FAILED,FAILED,3,https://github.com/pokemon-speedrunning/gambatte-core/blob/d819bad196/test/hwtests/oamdma/late_sp39x_ds_2_cgb04c_out3.asm,7b1e86016d83ab27ee87feb0f52f2918a07b97b5b126df29238e15440112249a,41,00 0f 40 41 43 45 46 47 4d 68 69 ff,48 100 150 1000 10fd 115b 7000 7400,Static source audit; unresolved timing/behavior unless described in review notes
oamdma/late_sp39y_2_dmg08_cgb04c_out0.gbc,FAILED,FAILED,FAILED,0,https://github.com/pokemon-speedrunning/gambatte-core/blob/d819bad196/test/hwtests/oamdma/late_sp39y_2_dmg08_cgb04c_out0.asm,623db32475d92e049f5022a04da039c90afd7c93a08d9e74cd86cf5dda24aeea,41,0f 40 41 43 45 46 47 68 69 ff,48 100 150 1000 7000 7400,Static source audit; unresolved timing/behavior unless described in review notes
oamdma/late_sp39y_ds_1_cgb04c_out3.gbc,FAILED,FAILED,FAILED,3,https://github.com/pokemon-speedrunning/gambatte-core/blob/d819bad196/test/hwtests/oamdma/late_sp39y_ds_1_cgb04c_out3.asm,82a06c6b88a02c070a45e59d9cc587043043d84ece2d69f415f27b757804d238,41,00 0f 40 41 43 45 46 47 4d 68 69 ff,48 100 150 1000 105c 115b 7000 7400,Static source audit; unresolved timing/behavior unless described in review notes
oamdma/oamdma_late_halt_stat_1_dmg08_cgb04c_out0.gbc,FAILED,FAILED,FAILED,0,https://github.com/pokemon-speedrunning/gambatte-core/blob/d819bad196/test/hwtests/oamdma/oamdma_late_halt_stat_1_dmg08_cgb04c_out0.asm,08a80be2cfbf0612b560ca21257d5478587df536717a9ead26e285cd38d8290b,41,05 06 07 0f 40 43 46 47 68 69 ff,50 100 150 800 1000 1028 1063 7000 7400,Static source audit; unresolved timing/behavior unless described in review notes
oamdma/oamdma_late_speedchange_stat_2_cgb04c_out3.gbc,FAILED,FAILED,FAILED,3,https://github.com/pokemon-speedrunning/gambatte-core/blob/d819bad196/test/hwtests/oamdma/oamdma_late_speedchange_stat_2_cgb04c_out3.asm,0a8a2a2bbd381fbd34bf6588a5be97854828efd8485b03280f47138a71199b4c,41,00 0f 40 41 43 45 46 47 4d 68 69 ff,48 100 150 1000 1060 10df 7000 7400,Static source audit; unresolved timing/behavior unless described in review notes
oamdma/oamdma_src0000_busycallAFFF_dmg08_cgb04c_outFF8F.gbc,FAILED,FAILED,FAILED,FF8F,https://github.com/pokemon-speedrunning/gambatte-core/blob/d819bad196/test/hwtests/oamdma/oamdma_src0000_busycallAFFF_dmg08_cgb04c_outFF8F.asm,83803c4f63db0714cf4bd63cef1e607adb287aa952e5819faf4ad974164709c0,,0f 40 41 43 45 46 47 68 69 ff,48 100 200 150 7000 7400,Static source audit; unresolved timing/behavior unless described in review notes
oamdma/oamdma_src0000_busyint0002_dmg08_cgb04c_outFF941234.gbc,FAILED,FAILED,FAILED,FF941234,https://github.com/pokemon-speedrunning/gambatte-core/blob/d819bad196/test/hwtests/oamdma/oamdma_src0000_busyint0002_dmg08_cgb04c_outFF941234.asm,fe80b3957eeca2f081c6f0c4fb70da6f5e094c532668bc6b5c1b8f1042f4ba59,,0f 40 41 43 45 46 47 68 69 ff,48 50 100 200 150 7000 7400,Static source audit; unresolved timing/behavior unless described in review notes
oamdma/oamdma_src0000_busypop7FFF_dmg08_cgb04c_out657665AA.gbc,FAILED,FAILED,FAILED,657665AA,https://github.com/pokemon-speedrunning/gambatte-core/blob/d819bad196/test/hwtests/oamdma/oamdma_src0000_busypop7FFF_dmg08_cgb04c_out657665AA.asm,ce628c99f897076c7f29ffbc7ee43edec8a3f8cd01c6c4601cd83f4ae16c62b4,,0f 40 41 43 45 46 47 68 69 ff,48 100 200 150 7000 7400,Static source audit; unresolved timing/behavior unless described in review notes
oamdma/oamdma_src0000_busypop9FFF_2_dmg08_cgb04c_out65765576.gbc,FAILED,FAILED,FAILED,65765576,https://github.com/pokemon-speedrunning/gambatte-core/blob/d819bad196/test/hwtests/oamdma/oamdma_src0000_busypop9FFF_2_dmg08_cgb04c_out65765576.asm,ac27d22a80f2f1ee9fffa8d97e877de849ec2f694e91de199a40c417cca8b94d,,0f 40 41 43 45 46 47 68 69 ff,48 100 200 150 7000 7400,Static source audit; unresolved timing/behavior unless described in review notes
oamdma/oamdma_src0000_busypop9FFF_dmg08_cgb04c_out65765576.gbc,FAILED,FAILED,FAILED,65765576,https://github.com/pokemon-speedrunning/gambatte-core/blob/d819bad196/test/hwtests/oamdma/oamdma_src0000_busypop9FFF_dmg08_cgb04c_out65765576.asm,e05d5784d1eaa83040461980faafff231b80f360138842faf700eae07cc40288,,0f 40 41 43 45 46 47 68 69 ff,48 100 200 150 7000 7400,Static source audit; unresolved timing/behavior unless described in review notes
oamdma/oamdma_src0000_busypopBFFF_2_dmg08_out65766576_cgb04c_out657665AA.gbc,FAILED,FAILED,FAILED,65766576 / 657665AA,https://github.com/pokemon-speedrunning/gambatte-core/blob/d819bad196/test/hwtests/oamdma/oamdma_src0000_busypopBFFF_2_dmg08_out65766576_cgb04c_out657665AA.asm,3f68ec6c423c779945e26f3df7aa382e7411e20d3229e99b2ece9d5dad3fe9f8,,0f 40 41 43 45 46 47 68 69 ff,48 100 200 150 7000 7400,Static source audit; unresolved timing/behavior unless described in review notes
oamdma/oamdma_src0000_busypopBFFF_dmg08_out65766576_cgb04c_out657665AA.gbc,FAILED,FAILED,FAILED,65766576 / 657665AA,https://github.com/pokemon-speedrunning/gambatte-core/blob/d819bad196/test/hwtests/oamdma/oamdma_src0000_busypopBFFF_dmg08_out65766576_cgb04c_out657665AA.asm,bd78755b0044439f0a5743b8226c33dd1d2847eac1c08e6c881ef38d623fdf4a,,0f 40 41 43 45 46 47 68 69 ff,48 100 200 150 7000 7400,Static source audit; unresolved timing/behavior unless described in review notes
oamdma/oamdma_src0000_busypopDFFF_dmg08_out65766576_cgb04c_out657655AA.gbc,FAILED,FAILED,FAILED,65766576 / 657655AA,https://github.com/pokemon-speedrunning/gambatte-core/blob/d819bad196/test/hwtests/oamdma/oamdma_src0000_busypopDFFF_dmg08_out65766576_cgb04c_out657655AA.asm,7a6ad563ce4aefda8b394b2f0f8ae94b1ae8a634a775d650ac9c755fffc2b049,,0f 40 41 43 45 46 47 68 69 70 ff,48 100 200 150 7000 7400,Static source audit; unresolved timing/behavior unless described in review notes
oamdma/oamdma_src0000_busypopEFFF_dmg08_out65766576_cgb04c_out657655AA.gbc,FAILED,FAILED,FAILED,65766576 / 657655AA,https://github.com/pokemon-speedrunning/gambatte-core/blob/d819bad196/test/hwtests/oamdma/oamdma_src0000_busypopEFFF_dmg08_out65766576_cgb04c_out657655AA.asm,e6c762328a5d2d6b7dbff959c4001dfe45d8de863d3777bfb9f1a7c9726e2177,,0f 40 41 43 45 46 47 68 69 70 ff,48 100 200 150 7000 7400,Static source audit; unresolved timing/behavior unless described in review notes
oamdma/oamdma_src0000_busypopFDFF_dmg08_out657665FF_cgb04c_out657655FF.gbc,FAILED,FAILED,FAILED,657665FF / 657655FF,https://github.com/pokemon-speedrunning/gambatte-core/blob/d819bad196/test/hwtests/oamdma/oamdma_src0000_busypopFDFF_dmg08_out657665FF_cgb04c_out657655FF.asm,e2b83399c899cbf25b719f8d84f1afbeb873b2eadfa265e6e7a79eb0575c6ab8,,0f 40 41 43 45 46 47 68 69 ff,48 100 200 150 7000 7400,Static source audit; unresolved timing/behavior unless described in review notes
oamdma/oamdma_src0000_busypush0001_dmg08_cgb04c_out5576AA34.gbc,FAILED,FAILED,FAILED,5576AA34,https://github.com/pokemon-speedrunning/gambatte-core/blob/d819bad196/test/hwtests/oamdma/oamdma_src0000_busypush0001_dmg08_cgb04c_out5576AA34.asm,ba8ad22c0ff1357117247fb8caba9d653f09f8e205eb832bd41ecb8c0fb74a7a,,0f 40 41 43 45 46 47 68 69 ff,48 100 200 150 7000 7400,Static source audit; unresolved timing/behavior unless described in review notes
oamdma/oamdma_src0000_busypush8001_dmg08_cgb04c_out65AA1255.gbc,FAILED,FAILED,FAILED,65AA1255,https://github.com/pokemon-speedrunning/gambatte-core/blob/d819bad196/test/hwtests/oamdma/oamdma_src0000_busypush8001_dmg08_cgb04c_out65AA1255.asm,85fc09e2b8133ca4bdfbd47be7884837ccdda462ac940f8e7becb0ef748f90bf,,0f 40 41 43 45 46 47 68 69 ff,48 100 200 150 7000 7400,Static source audit; unresolved timing/behavior unless described in review notes
oamdma/oamdma_src0000_busypushA001_2_dmg08_cgb04c_out5576AAFF.gbc,FAILED,FAILED,FAILED,5576AAFF,https://github.com/pokemon-speedrunning/gambatte-core/blob/d819bad196/test/hwtests/oamdma/oamdma_src0000_busypushA001_2_dmg08_cgb04c_out5576AAFF.asm,c06001eadb53762ba9168b2e6a00c121ef92508727b3f163d9e10c0a74a2da23,,0f 40 41 43 45 46 47 68 69 ff,48 100 200 150 7000 7400,Static source audit; unresolved timing/behavior unless described in review notes
oamdma/oamdma_src0000_busypushA001_dmg08_cgb04c_out5576AA34.gbc,FAILED,FAILED,FAILED,5576AA34,https://github.com/pokemon-speedrunning/gambatte-core/blob/d819bad196/test/hwtests/oamdma/oamdma_src0000_busypushA001_dmg08_cgb04c_out5576AA34.asm,afb4aa3909bd37aae46dd439a0ff1c438ca765e60664b94e0ce02219b7a3a341,,0f 40 41 43 45 46 47 68 69 ff,48 100 200 150 7000 7400,Static source audit; unresolved timing/behavior unless described in review notes
oamdma/oamdma_src0000_busypushC001_2_dmg08_out55AAFF34_cgb04c_out65AAFF55.gbc,FAILED,FAILED,FAILED,55AAFF34 / 65AAFF55,https://github.com/pokemon-speedrunning/gambatte-core/blob/d819bad196/test/hwtests/oamdma/oamdma_src0000_busypushC001_2_dmg08_out55AAFF34_cgb04c_out65AAFF55.asm,3623332218ad986e6e2335e8f42ff07fd99f3d9a23697afd4ae8717e87dc85aa,,0f 40 41 43 45 46 47 68 69 ff,48 100 200 150 7000 7400,Static source audit; unresolved timing/behavior unless described in review notes
oamdma/oamdma_src0000_busypushC001_dmg08_out55AA1234_cgb04c_out65AA1255.gbc,FAILED,FAILED,FAILED,55AA1234 / 65AA1255,https://github.com/pokemon-speedrunning/gambatte-core/blob/d819bad196/test/hwtests/oamdma/oamdma_src0000_busypushC001_dmg08_out55AA1234_cgb04c_out65AA1255.asm,929dfaf0efa322921fc985c6970a497928aff93151be05c3bba425aa998ee9e2,,0f 40 41 43 45 46 47 68 69 ff,48 100 200 150 7000 7400,Static source audit; unresolved timing/behavior unless described in review notes
oamdma/oamdma_src0000_busypushE001_dmg08_out55AA1234_cgb04c_out6576AA55.gbc,FAILED,FAILED,FAILED,55AA1234 / 6576AA55,https://github.com/pokemon-speedrunning/gambatte-core/blob/d819bad196/test/hwtests/oamdma/oamdma_src0000_busypushE001_dmg08_out55AA1234_cgb04c_out6576AA55.asm,e6f8620d6e823825e8ccb4bc703289b265f7c64591415980b56a7380658f47db,,0f 40 41 43 45 46 47 68 69 70 ff,48 100 200 150 7000 7400,Static source audit; unresolved timing/behavior unless described in review notes
oamdma/oamdma_src0000_busypushF001_dmg08_out55AA1234_cgb04c_out6576AA55.gbc,FAILED,FAILED,FAILED,55AA1234 / 6576AA55,https://github.com/pokemon-speedrunning/gambatte-core/blob/d819bad196/test/hwtests/oamdma/oamdma_src0000_busypushF001_dmg08_out55AA1234_cgb04c_out6576AA55.asm,3f95ca58e0498bcab931c4208fee0658d7373928b8929049d28c0babe1de27b5,,0f 40 41 43 45 46 47 68 69 70 ff,48 100 200 150 7000 7400,Static source audit; unresolved timing/behavior unless described in review notes
oamdma/oamdma_src0000_busypushFE01_dmg08_out65AA1298_cgb04c_out6576AA98.gbc,FAILED,FAILED,FAILED,65AA1298 / 6576AA98,https://github.com/pokemon-speedrunning/gambatte-core/blob/d819bad196/test/hwtests/oamdma/oamdma_src0000_busypushFE01_dmg08_out65AA1298_cgb04c_out6576AA98.asm,aa42f69375cd11e4f3f9d701a2b1129081bfe40442dd2620c3c4dea388a30f5c,,0f 40 41 43 45 46 47 68 69 70 ff,48 100 200 150 7000 7400,Static source audit; unresolved timing/behavior unless described in review notes
oamdma/oamdma_src0000_busypushFEA1_dmg08_out65768700_cgb04c_out65768734.gbc,FAILED,FAILED,FAILED,65768700 / 65768734,https://github.com/pokemon-speedrunning/gambatte-core/blob/d819bad196/test/hwtests/oamdma/oamdma_src0000_busypushFEA1_dmg08_out65768700_cgb04c_out65768734.asm,9cae79565e4ab7f5d605493be238d143ac2266d576b1bcf191d3bce6aac48e39,,0f 40 41 43 45 46 47 68 69 ff,48 100 200 150 7000 7400,Static source audit; unresolved timing/behavior unless described in review notes
oamdma/oamdma_src0000_busypushFF01_dmg08_out657600DF_cgb04c_out657612DF.gbc,FAILED,FAILED,FAILED,657600DF / 657612DF,https://github.com/pokemon-speedrunning/gambatte-core/blob/d819bad196/test/hwtests/oamdma/oamdma_src0000_busypushFF01_dmg08_out657600DF_cgb04c_out657612DF.asm,4548f676e9ad1b2ec777384e2293ff9b3071de6f103daca1b45d30c0c3060b8a,,0f 40 41 43 45 46 47 68 69 ff,48 100 200 150 7000 7400,Static source audit; unresolved timing/behavior unless described in review notes
oamdma/oamdma_src0000_busyread8000_dmg08_cgb04c_out1.gbc,FAILED,FAILED,FAILED,1,https://github.com/pokemon-speedrunning/gambatte-core/blob/d819bad196/test/hwtests/oamdma/oamdma_src0000_busyread8000_dmg08_cgb04c_out1.asm,853876cd0613117fc09a0b18d5033b5ded8ce0ff0a2cf3d2548a9b625dc45c83,80,0f 40 41 43 45 47 68 69 ff,48 100 150 7000 7400,Static source audit; unresolved timing/behavior unless described in review notes
oamdma/oamdma_src0000_busyreadA000_1_dmg08_cgb04c_out5.gbc,FAILED,FAILED,FAILED,5,https://github.com/pokemon-speedrunning/gambatte-core/blob/d819bad196/test/hwtests/oamdma/oamdma_src0000_busyreadA000_1_dmg08_cgb04c_out5.asm,c8967f1b454a025c1d8ad12530b7c08dc84d6355c000acf8a81e8b267d9d408a,80,0f 40 41 43 45 47 68 69 ff,48 100 150 7000 7400,Static source audit; unresolved timing/behavior unless described in review notes
oamdma/oamdma_src0000_busyreadC000_1_dmg08_out5_cgb04c_out1.gbc,FAILED,FAILED,FAILED,5 / 1,https://github.com/pokemon-speedrunning/gambatte-core/blob/d819bad196/test/hwtests/oamdma/oamdma_src0000_busyreadC000_1_dmg08_out5_cgb04c_out1.asm,ab1402927c76bd5526b1bc240b255805cad03073278db8253bbe09a5f6f68c33,80,0f 40 41 43 45 47 68 69 ff,48 100 150 7000 7400,Static source audit; unresolved timing/behavior unless described in review notes
oamdma/oamdma_src0000_busyrst0002_dmg08_cgb04c_outFF8DFA9E.gbc,FAILED,FAILED,FAILED,FF8DFA9E,https://github.com/pokemon-speedrunning/gambatte-core/blob/d819bad196/test/hwtests/oamdma/oamdma_src0000_busyrst0002_dmg08_cgb04c_outFF8DFA9E.asm,b21204b31c46b4c966d9564d2184adb438e626aec0a2d4ccc57d59ab15479cbb,,0f 40 41 43 45 46 47 68 69 ff,00 48 100 200 150 7000 7400,Static source audit; unresolved timing/behavior unless described in review notes
oamdma/oamdma_src0000_rombankchange_1_dmg08_cgb04c_out4.gbc,FAILED,FAILED,FAILED,4,https://github.com/pokemon-speedrunning/gambatte-core/blob/d819bad196/test/hwtests/oamdma/oamdma_src0000_rombankchange_1_dmg08_cgb04c_out4.asm,191436dca4c67e285afe72c45afd7cdfce7000d1f47bdd4c1d9e06ab220f8edf,80,0f 40 41 45 47 68 69 ff,48 100 150 7000 7400 ff81,Static source audit; unresolved timing/behavior unless described in review notes
oamdma/oamdma_src0000_srambankchange_1_dmg08_cgb04c_out4.gbc,FAILED,FAILED,FAILED,4,https://github.com/pokemon-speedrunning/gambatte-core/blob/d819bad196/test/hwtests/oamdma/oamdma_src0000_srambankchange_1_dmg08_cgb04c_out4.asm,293fe8d1abae14d1dec9010163f26c90ea45276ea3e891f5c2757ac8bf3a77c0,80,0f 40 41 43 45 47 68 69 ff,48 100 150 7000 7400,Static source audit; unresolved timing/behavior unless described in review notes
oamdma/oamdma_src7F00_busypop7FFF_dmg08_cgb04c_out657665AA.gbc,FAILED,FAILED,FAILED,657665AA,https://github.com/pokemon-speedrunning/gambatte-core/blob/d819bad196/test/hwtests/oamdma/oamdma_src7F00_busypop7FFF_dmg08_cgb04c_out657665AA.asm,ec20f823bf398d6d2a446527ff541d26bb118a8972248513cdf1fe9d4fadb50d,,0f 40 41 43 45 46 47 68 69 ff,48 100 200 150 7000 7400,Static source audit; unresolved timing/behavior unless described in review notes
oamdma/oamdma_src7F00_busypop9FFF_2_dmg08_cgb04c_out65765576.gbc,FAILED,FAILED,FAILED,65765576,https://github.com/pokemon-speedrunning/gambatte-core/blob/d819bad196/test/hwtests/oamdma/oamdma_src7F00_busypop9FFF_2_dmg08_cgb04c_out65765576.asm,9829fef5ba606b2425778aaffc4e41c18975f8330f2f31020afa841f5dfd6483,,0f 40 41 43 45 46 47 68 69 ff,48 100 200 150 7000 7400,Static source audit; unresolved timing/behavior unless described in review notes
oamdma/oamdma_src7F00_busypop9FFF_dmg08_cgb04c_out65765576.gbc,FAILED,FAILED,FAILED,65765576,https://github.com/pokemon-speedrunning/gambatte-core/blob/d819bad196/test/hwtests/oamdma/oamdma_src7F00_busypop9FFF_dmg08_cgb04c_out65765576.asm,986a06193797895c41c696ad3169bd9255b461e04f4ec77a29b121665f0ea93a,,0f 40 41 43 45 46 47 68 69 ff,48 100 200 150 7000 7400,Static source audit; unresolved timing/behavior unless described in review notes
oamdma/oamdma_src7F00_busypopBFFF_2_dmg08_out65766576_cgb04c_out657665AA.gbc,FAILED,FAILED,FAILED,65766576 / 657665AA,https://github.com/pokemon-speedrunning/gambatte-core/blob/d819bad196/test/hwtests/oamdma/oamdma_src7F00_busypopBFFF_2_dmg08_out65766576_cgb04c_out657665AA.asm,d027416be3cce4f31522dfc95bc4857e1f828b132d43af95819b87ecf11cda63,,0f 40 41 43 45 46 47 68 69 ff,48 100 200 150 7000 7400,Static source audit; unresolved timing/behavior unless described in review notes
oamdma/oamdma_src7F00_busypopBFFF_dmg08_out65766576_cgb04c_out657665AA.gbc,FAILED,FAILED,FAILED,65766576 / 657665AA,https://github.com/pokemon-speedrunning/gambatte-core/blob/d819bad196/test/hwtests/oamdma/oamdma_src7F00_busypopBFFF_dmg08_out65766576_cgb04c_out657665AA.asm,e6f6c5e8534bcb4e5601cb885c01f3e076b1b9323e5088941778328cd680774d,,0f 40 41 43 45 46 47 68 69 ff,48 100 200 150 7000 7400,Static source audit; unresolved timing/behavior unless described in review notes
oamdma/oamdma_src7F00_busypopDFFF_dmg08_out65766576_cgb04c_out657655AA.gbc,FAILED,FAILED,FAILED,65766576 / 657655AA,https://github.com/pokemon-speedrunning/gambatte-core/blob/d819bad196/test/hwtests/oamdma/oamdma_src7F00_busypopDFFF_dmg08_out65766576_cgb04c_out657655AA.asm,d8b1737b14514e7c368948c914b55d868648da57196ef7489d38b7b2a84ffeb6,,0f 40 41 43 45 46 47 68 69 70 ff,48 100 200 150 7000 7400,Static source audit; unresolved timing/behavior unless described in review notes
oamdma/oamdma_src7F00_busypopEFFF_dmg08_out65766576_cgb04c_out657655AA.gbc,FAILED,FAILED,FAILED,65766576 / 657655AA,https://github.com/pokemon-speedrunning/gambatte-core/blob/d819bad196/test/hwtests/oamdma/oamdma_src7F00_busypopEFFF_dmg08_out65766576_cgb04c_out657655AA.asm,d3789fc8e5fffec77690e7cddf792c19e8f7fa06e857e248518b30f1cdf007f8,,0f 40 41 43 45 46 47 68 69 70 ff,48 100 200 150 7000 7400,Static source audit; unresolved timing/behavior unless described in review notes
oamdma/oamdma_src7F00_busypopFDFF_dmg08_out657665FF_cgb04c_out657655FF.gbc,FAILED,FAILED,FAILED,657665FF / 657655FF,https://github.com/pokemon-speedrunning/gambatte-core/blob/d819bad196/test/hwtests/oamdma/oamdma_src7F00_busypopFDFF_dmg08_out657665FF_cgb04c_out657655FF.asm,ded0bc10feb075f6c7fc63cc8e6bfe2ae384097c3884fc94195df412432c8b5a,,0f 40 41 43 45 46 47 68 69 ff,48 100 200 150 7000 7400,Static source audit; unresolved timing/behavior unless described in review notes
oamdma/oamdma_src7F00_busypush0001_dmg08_cgb04c_out5576AA34.gbc,FAILED,FAILED,FAILED,5576AA34,https://github.com/pokemon-speedrunning/gambatte-core/blob/d819bad196/test/hwtests/oamdma/oamdma_src7F00_busypush0001_dmg08_cgb04c_out5576AA34.asm,95140a27f923adf729e05c51929b7b63cda6cc2349bf447ef49b613297243f3e,,0f 40 41 43 45 46 47 68 69 ff,48 100 200 150 7000 7400,Static source audit; unresolved timing/behavior unless described in review notes
oamdma/oamdma_src7F00_busypush8001_dmg08_cgb04c_out65AA1255.gbc,FAILED,FAILED,FAILED,65AA1255,https://github.com/pokemon-speedrunning/gambatte-core/blob/d819bad196/test/hwtests/oamdma/oamdma_src7F00_busypush8001_dmg08_cgb04c_out65AA1255.asm,941f4489db807f2616ce9b862508cd43b96475bbdc43088c9858b43061f5d801,,0f 40 41 43 45 46 47 68 69 ff,48 100 200 150 7000 7400,Static source audit; unresolved timing/behavior unless described in review notes
oamdma/oamdma_src7F00_busypushA001_2_dmg08_cgb04c_out5576AAFF.gbc,FAILED,FAILED,FAILED,5576AAFF,https://github.com/pokemon-speedrunning/gambatte-core/blob/d819bad196/test/hwtests/oamdma/oamdma_src7F00_busypushA001_2_dmg08_cgb04c_out5576AAFF.asm,d50647895be298fdd4fe68bbdeef8d4f036b9dad47559d090692bf32eb1c2b95,,0f 40 41 43 45 46 47 68 69 ff,48 100 200 150 7000 7400,Static source audit; unresolved timing/behavior unless described in review notes
oamdma/oamdma_src7F00_busypushA001_dmg08_cgb04c_out5576AA34.gbc,FAILED,FAILED,FAILED,5576AA34,https://github.com/pokemon-speedrunning/gambatte-core/blob/d819bad196/test/hwtests/oamdma/oamdma_src7F00_busypushA001_dmg08_cgb04c_out5576AA34.asm,5f29720ad5aa11d5e8fbac74a7fb2a8e3e0eb84670a93310e3d7271fb151aeff,,0f 40 41 43 45 46 47 68 69 ff,48 100 200 150 7000 7400,Static source audit; unresolved timing/behavior unless described in review notes
oamdma/oamdma_src7F00_busypushC001_2_dmg08_out55AAFF34_cgb04c_out65AAFF55.gbc,FAILED,FAILED,FAILED,55AAFF34 / 65AAFF55,https://github.com/pokemon-speedrunning/gambatte-core/blob/d819bad196/test/hwtests/oamdma/oamdma_src7F00_busypushC001_2_dmg08_out55AAFF34_cgb04c_out65AAFF55.asm,1ff76066cf873b31796eb5e9106e62acbe5e7bdc072232de80e9e7b5e6bbb1bd,,0f 40 41 43 45 46 47 68 69 70 ff,48 100 200 150 7000 7400,Static source audit; unresolved timing/behavior unless described in review notes
oamdma/oamdma_src7F00_busypushC001_dmg08_out55AA1234_cgb04c_out65AA1255.gbc,FAILED,FAILED,FAILED,55AA1234 / 65AA1255,https://github.com/pokemon-speedrunning/gambatte-core/blob/d819bad196/test/hwtests/oamdma/oamdma_src7F00_busypushC001_dmg08_out55AA1234_cgb04c_out65AA1255.asm,92b8a2a011e5ea077c61a804ee0856c8deaf2889110b3b597db64ba6c1c1a0d9,,0f 40 41 43 45 46 47 68 69 70 ff,48 100 200 150 7000 7400,Static source audit; unresolved timing/behavior unless described in review notes
oamdma/oamdma_src7F00_busypushE001_dmg08_out55AA1234_cgb04c_out6576AA55.gbc,FAILED,FAILED,FAILED,55AA1234 / 6576AA55,https://github.com/pokemon-speedrunning/gambatte-core/blob/d819bad196/test/hwtests/oamdma/oamdma_src7F00_busypushE001_dmg08_out55AA1234_cgb04c_out6576AA55.asm,356e54c3c1cd40c2a3cbabb7b52160b037b5d586e10b154f9c18f3a1843003eb,,0f 40 41 43 45 46 47 68 69 70 ff,48 100 200 150 7000 7400,Static source audit; unresolved timing/behavior unless described in review notes
oamdma/oamdma_src7F00_busypushF001_dmg08_out55AA1234_cgb04c_out6576AA55.gbc,FAILED,FAILED,FAILED,55AA1234 / 6576AA55,https://github.com/pokemon-speedrunning/gambatte-core/blob/d819bad196/test/hwtests/oamdma/oamdma_src7F00_busypushF001_dmg08_out55AA1234_cgb04c_out6576AA55.asm,66760a8530bb24fe17b0eb10e1ab49bbeb9de0a2d35cbdf2431a524c579be60b,,0f 40 41 43 45 46 47 68 69 70 ff,48 100 200 150 7000 7400,Static source audit; unresolved timing/behavior unless described in review notes
oamdma/oamdma_src7F00_busypushFE01_dmg08_out65AA1298_cgb04c_out6576AA98.gbc,FAILED,FAILED,FAILED,65AA1298 / 6576AA98,https://github.com/pokemon-speedrunning/gambatte-core/blob/d819bad196/test/hwtests/oamdma/oamdma_src7F00_busypushFE01_dmg08_out65AA1298_cgb04c_out6576AA98.asm,ce3cf678cf57ef65c053c092ce651dd687711317a794811ec7341753750c3abe,,0f 40 41 43 45 46 47 68 69 ff,48 100 200 150 7000 7400,Static source audit; unresolved timing/behavior unless described in review notes
oamdma/oamdma_src7F00_busypushFEA1_dmg08_out65768700_cgb04c_out65768734.gbc,FAILED,FAILED,FAILED,65768700 / 65768734,https://github.com/pokemon-speedrunning/gambatte-core/blob/d819bad196/test/hwtests/oamdma/oamdma_src7F00_busypushFEA1_dmg08_out65768700_cgb04c_out65768734.asm,d5b8f8ccecec48615dd1d413f0d6b5e43765d46b607cb99deb658a169e781703,,0f 40 41 43 45 46 47 68 69 ff,48 100 200 150 7000 7400,Static source audit; unresolved timing/behavior unless described in review notes
oamdma/oamdma_src7F00_busypushFF01_dmg08_out657600DF_cgb04c_out657612DF.gbc,FAILED,FAILED,FAILED,657600DF / 657612DF,https://github.com/pokemon-speedrunning/gambatte-core/blob/d819bad196/test/hwtests/oamdma/oamdma_src7F00_busypushFF01_dmg08_out657600DF_cgb04c_out657612DF.asm,696536c744a0f6bbb7eb38b4d26b3764f18fb7bef0d0bdcf0e9ee9866f06660f,,0f 40 41 43 45 46 47 68 69 ff,48 100 200 150 7000 7400,Static source audit; unresolved timing/behavior unless described in review notes
oamdma/oamdma_src8000_busypop7FFF_dmg08_out65765576_cgb04c_out65005576.gbc,FAILED,FAILED,FAILED,65765576 / 65005576,https://github.com/pokemon-speedrunning/gambatte-core/blob/d819bad196/test/hwtests/oamdma/oamdma_src8000_busypop7FFF_dmg08_out65765576_cgb04c_out65005576.asm,d78d5d9694061e72b05518d94e36085f200f5086394ee63399d1caafb882bfe2,,0f 40 41 43 45 46 47 68 69 ff,48 100 200 150 7000 7400,Static source audit; unresolved timing/behavior unless described in review notes
oamdma/oamdma_src8000_busypop9FFF_2_dmg08_out657665FF_cgb04c_out007665FF.gbc,FAILED,FAILED,FAILED,657665FF / 007665FF,https://github.com/pokemon-speedrunning/gambatte-core/blob/d819bad196/test/hwtests/oamdma/oamdma_src8000_busypop9FFF_2_dmg08_out657665FF_cgb04c_out007665FF.asm,7d876c63e1ec9cb7751e93f2e8f7c7a686d0dd0f5ae4313478f5fe28358f556a,,0f 40 41 43 45 46 47 68 69 ff,48 100 200 150 7000 7400,Static source audit; unresolved timing/behavior unless described in review notes
oamdma/oamdma_src8000_busypop9FFF_dmg08_out657665AA_cgb04c_out007665AA.gbc,FAILED,FAILED,FAILED,657665AA / 007665AA,https://github.com/pokemon-speedrunning/gambatte-core/blob/d819bad196/test/hwtests/oamdma/oamdma_src8000_busypop9FFF_dmg08_out657665AA_cgb04c_out007665AA.asm,0dd79a8f3e590cb85b69b28daba36ad7b3e4e93efd284956d7e54ef5942d053c,,0f 40 41 43 45 46 47 68 69 ff,48 100 200 150 7000 7400,Static source audit; unresolved timing/behavior unless described in review notes
oamdma/oamdma_src8000_busypopBFFF_dmg08_cgb04c_out657655AA.gbc,FAILED,FAILED,FAILED,657655AA,https://github.com/pokemon-speedrunning/gambatte-core/blob/d819bad196/test/hwtests/oamdma/oamdma_src8000_busypopBFFF_dmg08_cgb04c_out657655AA.asm,7f2e8f0467556563cb75d727fe3f61469647b29572706302beef62936dc7b3d7,,0f 40 41 43 45 46 47 68 69 ff,48 100 200 150 7000 7400,Static source audit; unresolved timing/behavior unless described in review notes
oamdma/oamdma_src8000_busypush8001_dmg08_out55761234_cgb04c_out00761234.gbc,FAILED,FAILED,FAILED,55761234 / 00761234,https://github.com/pokemon-speedrunning/gambatte-core/blob/d819bad196/test/hwtests/oamdma/oamdma_src8000_busypush8001_dmg08_out55761234_cgb04c_out00761234.asm,4b614a41fac192b072606e5f5fc510f71805c2d556545bdd01692aeea581de87,,0f 40 41 43 45 46 47 68 69 ff,48 100 200 150 7000 7400,Static source audit; unresolved timing/behavior unless described in review notes
oamdma/oamdma_src8000_busypushA001_2_dmg08_out65AA12FF_cgb04c_out650012FF.gbc,FAILED,FAILED,FAILED,65AA12FF / 650012FF,https://github.com/pokemon-speedrunning/gambatte-core/blob/d819bad196/test/hwtests/oamdma/oamdma_src8000_busypushA001_2_dmg08_out65AA12FF_cgb04c_out650012FF.asm,b370acc5d90925c20a8453a47ff82b97557b974aee81810c12a0ef3484b28992,,0f 40 41 43 45 46 47 68 69 ff,48 100 200 150 7000 7400,Static source audit; unresolved timing/behavior unless described in review notes
oamdma/oamdma_src8000_busypushA001_dmg08_out65AA1255_cgb04c_out65001255.gbc,FAILED,FAILED,FAILED,65AA1255 / 65001255,https://github.com/pokemon-speedrunning/gambatte-core/blob/d819bad196/test/hwtests/oamdma/oamdma_src8000_busypushA001_dmg08_out65AA1255_cgb04c_out65001255.asm,7073bed6186a74a3a02f1786e587c9b7365e2985fd67fb9dadfad0baf91370a6,,0f 40 41 43 45 46 47 68 69 ff,48 100 200 150 7000 7400,Static source audit; unresolved timing/behavior unless described in review notes
oamdma/oamdma_src8000_busypushC001_dmg08_cgb04c_out6576AA55.gbc,FAILED,FAILED,FAILED,6576AA55,https://github.com/pokemon-speedrunning/gambatte-core/blob/d819bad196/test/hwtests/oamdma/oamdma_src8000_busypushC001_dmg08_cgb04c_out6576AA55.asm,5120a32224b1cd35034d24969eddc693be6cdccb55ef5b497f059d7c3585cbb0,,0f 40 41 43 45 46 47 68 69 ff,48 100 200 150 7000 7400,Static source audit; unresolved timing/behavior unless described in review notes
oamdma/oamdma_src8000_busypushFEA1_dmg08_out65768700_cgb04c_out65768734.gbc,FAILED,FAILED,FAILED,65768700 / 65768734,https://github.com/pokemon-speedrunning/gambatte-core/blob/d819bad196/test/hwtests/oamdma/oamdma_src8000_busypushFEA1_dmg08_out65768700_cgb04c_out65768734.asm,2b258eba6cab8ffa50b9f3e582a89a81930f7ff0c45b40a88036a4d5300c1415,,0f 40 41 43 45 46 47 68 69 ff,48 100 200 150 7000 7400,Static source audit; unresolved timing/behavior unless described in review notes
oamdma/oamdma_src8000_busypushFF01_dmg08_out657600DF_cgb04c_out657612DF.gbc,FAILED,FAILED,FAILED,657600DF / 657612DF,https://github.com/pokemon-speedrunning/gambatte-core/blob/d819bad196/test/hwtests/oamdma/oamdma_src8000_busypushFF01_dmg08_out657600DF_cgb04c_out657612DF.asm,bdf6a87c02fe77039e225138d16c26897cad11a8834cfc8b6bd757e64efe8854,,0f 40 41 43 45 46 47 68 69 ff,48 100 200 150 7000 7400,Static source audit; unresolved timing/behavior unless described in review notes
oamdma/oamdma_src8000_busyread8000_1_dmg08_cgb04c_out5.gbc,FAILED,FAILED,FAILED,5,https://github.com/pokemon-speedrunning/gambatte-core/blob/d819bad196/test/hwtests/oamdma/oamdma_src8000_busyread8000_1_dmg08_cgb04c_out5.asm,4a8a7fd8d61483daeec65102680d9393815023ba20c6fa91f1423527704d3102,80,0f 40 41 43 45 47 68 69 ff,48 100 150 7000 7400,Static source audit; unresolved timing/behavior unless described in review notes
oamdma/oamdma_src8000_busyreadA000_dmg08_cgb04c_out1.gbc,FAILED,FAILED,FAILED,1,https://github.com/pokemon-speedrunning/gambatte-core/blob/d819bad196/test/hwtests/oamdma/oamdma_src8000_busyreadA000_dmg08_cgb04c_out1.asm,487247fef22f2abf7720e3bdd258328574be7415bd35e693267ae3de756cb847,80,0f 40 41 43 45 47 68 69 ff,48 100 150 7000 7400,Static source audit; unresolved timing/behavior unless described in review notes
oamdma/oamdma_src8000_busywrite8000_dmg08_cgb04c_out0.gbc,FAILED,FAILED,FAILED,0,https://github.com/pokemon-speedrunning/gambatte-core/blob/d819bad196/test/hwtests/oamdma/oamdma_src8000_busywrite8000_dmg08_cgb04c_out0.asm,1c1aa666291cff968366e4365f24c2f95ff673587103aa536decfeae43c5bc19,80,0f 40 41 43 45 47 68 69 ff,48 100 150 7000 7400,Static source audit; unresolved timing/behavior unless described in review notes
oamdma/oamdma_src8000_srcchange0000_busyinc_dmg08_cgb04c_out0.gbc,FAILED,FAILED,FAILED,0,https://github.com/pokemon-speedrunning/gambatte-core/blob/d819bad196/test/hwtests/oamdma/oamdma_src8000_srcchange0000_busyinc_dmg08_cgb04c_out0.asm,b1e0f5d958c6dcfe432fe44c17e2870fd433d4016780683cb873a7e9e39f450e,,40 43 46 47 68 69,100 150 250 7000 7400,Static source audit; unresolved timing/behavior unless described in review notes
oamdma/oamdma_src8000_srcchangeC000_busyread8000_dmg08_cgb04c_out1.gbc,FAILED,FAILED,FAILED,1,https://github.com/pokemon-speedrunning/gambatte-core/blob/d819bad196/test/hwtests/oamdma/oamdma_src8000_srcchangeC000_busyread8000_dmg08_cgb04c_out1.asm,4af4e82f659ad8413ba2f1c69fdb7bfc18ff0776b6bdc8f39673962f5577ebce,80,0f 40 41 43 45 47 68 69 ff,48 100 150 7000 7400,Static source audit; unresolved timing/behavior unless described in review notes
oamdma/oamdma_src9F00_busypop7FFF_dmg08_out65765576_cgb04c_out65005576.gbc,FAILED,FAILED,FAILED,65765576 / 65005576,https://github.com/pokemon-speedrunning/gambatte-core/blob/d819bad196/test/hwtests/oamdma/oamdma_src9F00_busypop7FFF_dmg08_out65765576_cgb04c_out65005576.asm,b29548341cac67d96190f0317c21487699f7f03f0cf061f338a8cdef5d913b11,,0f 40 41 43 45 46 47 68 69 ff,48 100 200 150 7000 7400,Static source audit; unresolved timing/behavior unless described in review notes
oamdma/oamdma_src9F00_busypop9FFF_2_dmg08_out657665FF_cgb04c_out007665FF.gbc,FAILED,FAILED,FAILED,657665FF / 007665FF,https://github.com/pokemon-speedrunning/gambatte-core/blob/d819bad196/test/hwtests/oamdma/oamdma_src9F00_busypop9FFF_2_dmg08_out657665FF_cgb04c_out007665FF.asm,49436c32c606ed186ec9d889ccda7e2aed0b54e868a82aae1676fe99cab15639,,0f 40 41 43 45 46 47 68 69 ff,48 100 200 150 7000 7400,Static source audit; unresolved timing/behavior unless described in review notes
oamdma/oamdma_src9F00_busypop9FFF_dmg08_out657665AA_cgb04c_out007665AA.gbc,FAILED,FAILED,FAILED,657665AA / 007665AA,https://github.com/pokemon-speedrunning/gambatte-core/blob/d819bad196/test/hwtests/oamdma/oamdma_src9F00_busypop9FFF_dmg08_out657665AA_cgb04c_out007665AA.asm,16e5dab368d2969af877973b81d164528fff367b7180b347c5daabaafcc27b31,,0f 40 41 43 45 46 47 68 69 ff,48 100 200 150 7000 7400,Static source audit; unresolved timing/behavior unless described in review notes
oamdma/oamdma_src9F00_busypopBFFF_dmg08_cgb04c_out657655AA.gbc,FAILED,FAILED,FAILED,657655AA,https://github.com/pokemon-speedrunning/gambatte-core/blob/d819bad196/test/hwtests/oamdma/oamdma_src9F00_busypopBFFF_dmg08_cgb04c_out657655AA.asm,d64ca38c00c02ee350883d884bf864064129d295b4f858de8bf431828a44904b,,0f 40 41 43 45 46 47 68 69 ff,48 100 200 150 7000 7400,Static source audit; unresolved timing/behavior unless described in review notes
oamdma/oamdma_src9F00_busypush8001_dmg08_out55761234_cgb04c_out00761234.gbc,FAILED,FAILED,FAILED,55761234 / 00761234,https://github.com/pokemon-speedrunning/gambatte-core/blob/d819bad196/test/hwtests/oamdma/oamdma_src9F00_busypush8001_dmg08_out55761234_cgb04c_out00761234.asm,373abcefc9f2ceb4b02884104b41df54013750d4cb4ff19f024ccf7219269c88,,0f 40 41 43 45 46 47 68 69 ff,48 100 200 150 7000 7400,Static source audit; unresolved timing/behavior unless described in review notes
oamdma/oamdma_src9F00_busypushA001_2_dmg08_out65AA12FF_cgb04c_out650012FF.gbc,FAILED,FAILED,FAILED,65AA12FF / 650012FF,https://github.com/pokemon-speedrunning/gambatte-core/blob/d819bad196/test/hwtests/oamdma/oamdma_src9F00_busypushA001_2_dmg08_out65AA12FF_cgb04c_out650012FF.asm,b6592f8277c94f5d64abc00c6b5da625c625a985353b838d7853718203ec163d,,0f 40 41 43 45 46 47 68 69 ff,48 100 200 150 7000 7400,Static source audit; unresolved timing/behavior unless described in review notes
oamdma/oamdma_src9F00_busypushA001_dmg08_out65AA1255_cgb04c_out65001255.gbc,FAILED,FAILED,FAILED,65AA1255 / 65001255,https://github.com/pokemon-speedrunning/gambatte-core/blob/d819bad196/test/hwtests/oamdma/oamdma_src9F00_busypushA001_dmg08_out65AA1255_cgb04c_out65001255.asm,45dd4daae99b4421200b3d2e31f9c67f47741ff59800f5764f7b88fdd06f776a,,0f 40 41 43 45 46 47 68 69 ff,48 100 200 150 7000 7400,Static source audit; unresolved timing/behavior unless described in review notes
oamdma/oamdma_src9F00_busypushC001_dmg08_cgb04c_out6576AA55.gbc,FAILED,FAILED,FAILED,6576AA55,https://github.com/pokemon-speedrunning/gambatte-core/blob/d819bad196/test/hwtests/oamdma/oamdma_src9F00_busypushC001_dmg08_cgb04c_out6576AA55.asm,d0601b661e0dbd1ae6e1050f79aec26de8a27d3e6beb0c5ed2b2e30ec107a709,,0f 40 41 43 45 46 47 68 69 ff,48 100 200 150 7000 7400,Static source audit; unresolved timing/behavior unless described in review notes
oamdma/oamdma_src9F00_busypushFEA1_dmg08_out65768700_cgb04c_out65768734.gbc,FAILED,FAILED,FAILED,65768700 / 65768734,https://github.com/pokemon-speedrunning/gambatte-core/blob/d819bad196/test/hwtests/oamdma/oamdma_src9F00_busypushFEA1_dmg08_out65768700_cgb04c_out65768734.asm,aabda6d96a5893ae3b078d182410e8e788eb46236bc05ded43e7c788e993ab38,,0f 40 41 43 45 46 47 68 69 ff,48 100 200 150 7000 7400,Static source audit; unresolved timing/behavior unless described in review notes
oamdma/oamdma_src9F00_busypushFF01_dmg08_out657600DF_cgb04c_out657612DF.gbc,FAILED,FAILED,FAILED,657600DF / 657612DF,https://github.com/pokemon-speedrunning/gambatte-core/blob/d819bad196/test/hwtests/oamdma/oamdma_src9F00_busypushFF01_dmg08_out657600DF_cgb04c_out657612DF.asm,e70a6e5a4a3d68bbc79b5592c93ae5c03f026a070476e5b28ae6f42198435e3b,,0f 40 41 43 45 46 47 68 69 ff,48 100 200 150 7000 7400,Static source audit; unresolved timing/behavior unless described in review notes
oamdma/oamdma_srcA000_busypop7FFF_dmg08_cgb04c_out657665AA.gbc,FAILED,FAILED,FAILED,657665AA,https://github.com/pokemon-speedrunning/gambatte-core/blob/d819bad196/test/hwtests/oamdma/oamdma_srcA000_busypop7FFF_dmg08_cgb04c_out657665AA.asm,ad700899ec13cdd3a7689793bab2aceeed3264e2fe7f20b1f67aa360b534e924,,0f 40 41 43 45 46 47 68 69 ff,48 100 200 150 7000 7400,Static source audit; unresolved timing/behavior unless described in review notes
oamdma/oamdma_srcA000_busypop9FFF_2_dmg08_cgb04c_outFFFF55FF.gbc,FAILED,FAILED,FAILED,FFFF55FF,https://github.com/pokemon-speedrunning/gambatte-core/blob/d819bad196/test/hwtests/oamdma/oamdma_srcA000_busypop9FFF_2_dmg08_cgb04c_outFFFF55FF.asm,81751e888be733162c2e879340d8280e3c7bf4be8de0aa8352a1a1ed74946fac,,0f 40 41 43 45 46 47 68 69 ff,48 100 200 150 7000 7400,Static source audit; unresolved timing/behavior unless described in review notes
oamdma/oamdma_srcA000_busypop9FFF_dmg08_cgb04c_out65765576.gbc,FAILED,FAILED,FAILED,65765576,https://github.com/pokemon-speedrunning/gambatte-core/blob/d819bad196/test/hwtests/oamdma/oamdma_srcA000_busypop9FFF_dmg08_cgb04c_out65765576.asm,d42168a5b66746e75f1353fa2dc881592ef609731527013bceb16bce16267521,,0f 40 41 43 45 46 47 68 69 ff,48 100 200 150 7000 7400,Static source audit; unresolved timing/behavior unless described in review notes
oamdma/oamdma_srcA000_busypopBFFF_2_dmg08_outFFFFFFFF_cgb04c_outFFFFFFAA.gbc,FAILED,FAILED,FAILED,FFFFFFFF / FFFFFFAA,https://github.com/pokemon-speedrunning/gambatte-core/blob/d819bad196/test/hwtests/oamdma/oamdma_srcA000_busypopBFFF_2_dmg08_outFFFFFFFF_cgb04c_outFFFFFFAA.asm,87b4490c5b3e3f32c461e68f8519a4927a276b3a2ece1fdc8f282fc1bbc7bbd9,,0f 40 41 43 45 46 47 68 69 ff,48 100 200 150 7000 7400,Static source audit; unresolved timing/behavior unless described in review notes
oamdma/oamdma_srcA000_busypopBFFF_dmg08_out65766576_cgb04c_out657665AA.gbc,FAILED,FAILED,FAILED,65766576 / 657665AA,https://github.com/pokemon-speedrunning/gambatte-core/blob/d819bad196/test/hwtests/oamdma/oamdma_srcA000_busypopBFFF_dmg08_out65766576_cgb04c_out657665AA.asm,121ee8463a4d1ea039192d14a66701ce107b8681cadfe84201878f9bc3e6444a,,0f 40 41 43 45 46 47 68 69 ff,48 100 200 150 7000 7400,Static source audit; unresolved timing/behavior unless described in review notes
oamdma/oamdma_srcA000_busypopDFFF_dmg08_out65766576_cgb04c_out657655AA.gbc,FAILED,FAILED,FAILED,65766576 / 657655AA,https://github.com/pokemon-speedrunning/gambatte-core/blob/d819bad196/test/hwtests/oamdma/oamdma_srcA000_busypopDFFF_dmg08_out65766576_cgb04c_out657655AA.asm,331d20df2dd6342338ed852a6ca9bcd547adac49bada4a9596c3fde0ca3e4977,,0f 40 41 43 45 46 47 68 69 ff,48 100 200 150 7000 7400,Static source audit; unresolved timing/behavior unless described in review notes
oamdma/oamdma_srcA000_busypopEFFF_dmg08_out65766576_cgb04c_out657655AA.gbc,FAILED,FAILED,FAILED,65766576 / 657655AA,https://github.com/pokemon-speedrunning/gambatte-core/blob/d819bad196/test/hwtests/oamdma/oamdma_srcA000_busypopEFFF_dmg08_out65766576_cgb04c_out657655AA.asm,147126d51d2581bd6005dca6b6c06e37421aedb5cf1c0fd793821df6eea676fc,,0f 40 41 43 45 46 47 68 69 ff,48 100 200 150 7000 7400,Static source audit; unresolved timing/behavior unless described in review notes
oamdma/oamdma_srcA000_busypopFDFF_dmg08_out657665FF_cgb04c_out657655FF.gbc,FAILED,FAILED,FAILED,657665FF / 657655FF,https://github.com/pokemon-speedrunning/gambatte-core/blob/d819bad196/test/hwtests/oamdma/oamdma_srcA000_busypopFDFF_dmg08_out657665FF_cgb04c_out657655FF.asm,20a7218659049de3179a2ff6eaa168fcfe03fb84a9aa5e98041715cfa7302ed4,,0f 40 41 43 45 46 47 68 69 ff,48 100 200 150 7000 7400,Static source audit; unresolved timing/behavior unless described in review notes
oamdma/oamdma_srcA000_busypopFFFF_dmg08_cgb04c_out65765576.gbc,FAILED,FAILED,FAILED,65765576,https://github.com/pokemon-speedrunning/gambatte-core/blob/d819bad196/test/hwtests/oamdma/oamdma_srcA000_busypopFFFF_dmg08_cgb04c_out65765576.asm,a0c0a54d22a50c312871e0322d3a2c0be2a1dd02e04b0fd941ec4471043badc0,,0f 40 41 43 45 46 47 68 69 ff,48 100 200 150 7000 7400,Static source audit; unresolved timing/behavior unless described in review notes
oamdma/oamdma_srcA000_busypush0001_dmg08_cgb04c_out5576AA34.gbc,FAILED,FAILED,FAILED,5576AA34,https://github.com/pokemon-speedrunning/gambatte-core/blob/d819bad196/test/hwtests/oamdma/oamdma_srcA000_busypush0001_dmg08_cgb04c_out5576AA34.asm,5972a50cd6b9a6d15b2db14fbf58c710220aa2adb68d79255e6bd8f7643caf9f,,0f 40 41 43 45 46 47 68 69 ff,48 100 200 150 7000 7400,Static source audit; unresolved timing/behavior unless described in review notes
oamdma/oamdma_srcA000_busypush8001_dmg08_cgb04c_out65AA1255.gbc,FAILED,FAILED,FAILED,65AA1255,https://github.com/pokemon-speedrunning/gambatte-core/blob/d819bad196/test/hwtests/oamdma/oamdma_srcA000_busypush8001_dmg08_cgb04c_out65AA1255.asm,234157e813fb15bc673c4021afc3ca5fbf8c61b895283b0e7c49b761e21c7949,,0f 40 41 43 45 46 47 68 69 ff,48 100 200 150 7000 7400,Static source audit; unresolved timing/behavior unless described in review notes
oamdma/oamdma_srcA000_busypushA001_2_dmg08_cgb04c_out55FFAAFF.gbc,FAILED,FAILED,FAILED,55FFAAFF,https://github.com/pokemon-speedrunning/gambatte-core/blob/d819bad196/test/hwtests/oamdma/oamdma_srcA000_busypushA001_2_dmg08_cgb04c_out55FFAAFF.asm,47034ca7cc8c92ad5f65bfedf304969ec7550948ab2d10ab53282915e8d36425,,0f 40 41 43 45 46 47 68 69 ff,48 100 200 150 7000 7400,Static source audit; unresolved timing/behavior unless described in review notes
oamdma/oamdma_srcA000_busypushA001_dmg08_cgb04c_out5576AA34.gbc,FAILED,FAILED,FAILED,5576AA34,https://github.com/pokemon-speedrunning/gambatte-core/blob/d819bad196/test/hwtests/oamdma/oamdma_srcA000_busypushA001_dmg08_cgb04c_out5576AA34.asm,861bf948ad24f6eb447d846c0106f2afeefd878663dfa1e034514a176b2a7c00,,0f 40 41 43 45 46 47 68 69 ff,48 100 200 150 7000 7400,Static source audit; unresolved timing/behavior unless described in review notes
oamdma/oamdma_srcA000_busypushC001_2_dmg08_out55AAFF34_cgb04c_outFFAAFF55.gbc,FAILED,FAILED,FAILED,55AAFF34 / FFAAFF55,https://github.com/pokemon-speedrunning/gambatte-core/blob/d819bad196/test/hwtests/oamdma/oamdma_srcA000_busypushC001_2_dmg08_out55AAFF34_cgb04c_outFFAAFF55.asm,e36e24eec913cd0bb11f89762d5f09d95ce1528e81a207d286ee4caf41a43856,,0f 40 41 43 45 46 47 68 69 ff,48 100 200 150 7000 7400,Static source audit; unresolved timing/behavior unless described in review notes
oamdma/oamdma_srcA000_busypushC001_dmg08_out55AA1234_cgb04c_out65AA1255.gbc,FAILED,FAILED,FAILED,55AA1234 / 65AA1255,https://github.com/pokemon-speedrunning/gambatte-core/blob/d819bad196/test/hwtests/oamdma/oamdma_srcA000_busypushC001_dmg08_out55AA1234_cgb04c_out65AA1255.asm,5a29b12532c42f605539d90226c7944adc6d7763837e1c0081e1026032c3faa0,,0f 40 41 43 45 46 47 68 69 ff,48 100 200 150 7000 7400,Static source audit; unresolved timing/behavior unless described in review notes
oamdma/oamdma_srcA000_busypushE001_dmg08_out55AA1234_cgb04c_out6576AA55.gbc,FAILED,FAILED,FAILED,55AA1234 / 6576AA55,https://github.com/pokemon-speedrunning/gambatte-core/blob/d819bad196/test/hwtests/oamdma/oamdma_srcA000_busypushE001_dmg08_out55AA1234_cgb04c_out6576AA55.asm,e510eaac7043907e5d55d9c20ace009944a5d374086de9f84b737709cbfc5e9e,,0f 40 41 43 45 46 47 68 69 70 ff,48 100 200 150 7000 7400,Static source audit; unresolved timing/behavior unless described in review notes
oamdma/oamdma_srcA000_busypushF001_dmg08_out55AA1234_cgb04c_out6576AA55.gbc,FAILED,FAILED,FAILED,55AA1234 / 6576AA55,https://github.com/pokemon-speedrunning/gambatte-core/blob/d819bad196/test/hwtests/oamdma/oamdma_srcA000_busypushF001_dmg08_out55AA1234_cgb04c_out6576AA55.asm,f2aa9bcdad2b949c9eecd157a09ba1cfb0466946df6b6f0aa620ecd9497dbf19,,0f 40 41 43 45 46 47 68 69 70 ff,48 100 200 150 7000 7400,Static source audit; unresolved timing/behavior unless described in review notes
oamdma/oamdma_srcA000_busypushFE01_dmg08_out65AA1298_cgb04c_out6576AA98.gbc,FAILED,FAILED,FAILED,65AA1298 / 6576AA98,https://github.com/pokemon-speedrunning/gambatte-core/blob/d819bad196/test/hwtests/oamdma/oamdma_srcA000_busypushFE01_dmg08_out65AA1298_cgb04c_out6576AA98.asm,cd32f29f65ceea2029de50049667f7ab75a4155299f3511d329b133f929c4ce6,,0f 40 41 43 45 46 47 68 69 70 ff,48 100 200 150 7000 7400,Static source audit; unresolved timing/behavior unless described in review notes
oamdma/oamdma_srcA000_busypushFEA1_dmg08_out65768700_cgb04c_out65768734.gbc,FAILED,FAILED,FAILED,65768700 / 65768734,https://github.com/pokemon-speedrunning/gambatte-core/blob/d819bad196/test/hwtests/oamdma/oamdma_srcA000_busypushFEA1_dmg08_out65768700_cgb04c_out65768734.asm,a78be110bd7818f164be00718875faee1faf25b8ce953f45b7b795a1664e57d0,,0f 40 41 43 45 46 47 68 69 ff,48 100 200 150 7000 7400,Static source audit; unresolved timing/behavior unless described in review notes
oamdma/oamdma_srcA000_busypushFF01_dmg08_out657600DF_cgb04c_out657612DF.gbc,FAILED,FAILED,FAILED,657600DF / 657612DF,https://github.com/pokemon-speedrunning/gambatte-core/blob/d819bad196/test/hwtests/oamdma/oamdma_srcA000_busypushFF01_dmg08_out657600DF_cgb04c_out657612DF.asm,ffc8d7e33e3980fd8a97c733cfbaaafb6cac8cacad0d7fd5ef004befeeab345b,,0f 40 41 43 45 46 47 68 69 ff,48 100 200 150 7000 7400,Static source audit; unresolved timing/behavior unless described in review notes
oamdma/oamdma_srcA000_busyread0000_1_dmg08_cgb04c_out5.gbc,FAILED,FAILED,FAILED,5,https://github.com/pokemon-speedrunning/gambatte-core/blob/d819bad196/test/hwtests/oamdma/oamdma_srcA000_busyread0000_1_dmg08_cgb04c_out5.asm,3307b690fa1991173794e198179882e06fef73abc97fc795fc0b51da38567fab,80,0f 40 41 43 45 47 68 69 ff,48 100 150 7000 7400,Static source audit; unresolved timing/behavior unless described in review notes
oamdma/oamdma_srcA000_busyreadC000_1_dmg08_out5_cgb04c_out1.gbc,FAILED,FAILED,FAILED,5 / 1,https://github.com/pokemon-speedrunning/gambatte-core/blob/d819bad196/test/hwtests/oamdma/oamdma_srcA000_busyreadC000_1_dmg08_out5_cgb04c_out1.asm,ac3cf459eb77428fd0397807a4c55ba1f05549b7fc8ad0df97c259160f99a0fa,80,0f 40 41 43 45 47 68 69 ff,48 100 150 7000 7400,Static source audit; unresolved timing/behavior unless described in review notes
oamdma/oamdma_srcA000_busywrite4000_dmg08_cgb04c_out2.gbc,FAILED,FAILED,FAILED,2,https://github.com/pokemon-speedrunning/gambatte-core/blob/d819bad196/test/hwtests/oamdma/oamdma_srcA000_busywrite4000_dmg08_cgb04c_out2.asm,09f1e3d431e714d2fdc76292668f3212c12a3a451014d8742910ae545add3a93,80,0f 40 41 43 45 47 68 69 ff,48 100 150 7000 7400,Static source audit; unresolved timing/behavior unless described in review notes
oamdma/oamdma_srcA000_srambankchange_1_dmg08_cgb04c_out4.gbc,FAILED,FAILED,FAILED,4,https://github.com/pokemon-speedrunning/gambatte-core/blob/d819bad196/test/hwtests/oamdma/oamdma_srcA000_srambankchange_1_dmg08_cgb04c_out4.asm,b1d48a0991ecd464429dd8ad5af3a41ceccbef4fa491a9a1b47cb6f04b78739e,80,0f 40 41 43 45 47 68 69 ff,48 100 150 7000 7400,Static source audit; unresolved timing/behavior unless described in review notes
oamdma/oamdma_srcBF00_busypop7FFF_dmg08_cgb04c_out657665AA.gbc,FAILED,FAILED,FAILED,657665AA,https://github.com/pokemon-speedrunning/gambatte-core/blob/d819bad196/test/hwtests/oamdma/oamdma_srcBF00_busypop7FFF_dmg08_cgb04c_out657665AA.asm,544cd8a0873b5d6d5e7662089b1f6205b9e8588794d69ce33c9cb00fba253763,,0f 40 41 43 45 46 47 68 69 ff,48 100 200 150 7000 7400,Static source audit; unresolved timing/behavior unless described in review notes
oamdma/oamdma_srcBF00_busypop9FFF_2_dmg08_cgb04c_outFFFF55FF.gbc,FAILED,FAILED,FAILED,FFFF55FF,https://github.com/pokemon-speedrunning/gambatte-core/blob/d819bad196/test/hwtests/oamdma/oamdma_srcBF00_busypop9FFF_2_dmg08_cgb04c_outFFFF55FF.asm,c16bdb4065f743c31cd4dba264db1c2f3c53a3ff4359adf000da870801078025,,0f 40 41 43 45 46 47 68 69 ff,48 100 200 150 7000 7400,Static source audit; unresolved timing/behavior unless described in review notes
oamdma/oamdma_srcBF00_busypop9FFF_dmg08_cgb04c_out65765576.gbc,FAILED,FAILED,FAILED,65765576,https://github.com/pokemon-speedrunning/gambatte-core/blob/d819bad196/test/hwtests/oamdma/oamdma_srcBF00_busypop9FFF_dmg08_cgb04c_out65765576.asm,15649c157cc68ae13d758565c97a5de39e1ea5b51fee606ca7e440e87de4a102,,0f 40 41 43 45 46 47 68 69 ff,48 100 200 150 7000 7400,Static source audit; unresolved timing/behavior unless described in review notes
oamdma/oamdma_srcBF00_busypopBFFF_2_dmg08_outFFFFFFFF_cgb04c_outFFFFFFAA.gbc,FAILED,FAILED,FAILED,FFFFFFFF / FFFFFFAA,https://github.com/pokemon-speedrunning/gambatte-core/blob/d819bad196/test/hwtests/oamdma/oamdma_srcBF00_busypopBFFF_2_dmg08_outFFFFFFFF_cgb04c_outFFFFFFAA.asm,e5fdd6a6c47964cb73778a9636e66994f0b1ad0f50e7e09d76775a4c0dc1bc1f,,0f 40 41 43 45 46 47 68 69 ff,48 100 200 150 7000 7400,Static source audit; unresolved timing/behavior unless described in review notes
oamdma/oamdma_srcBF00_busypopBFFF_dmg08_out65766576_cgb04c_out657665AA.gbc,FAILED,FAILED,FAILED,65766576 / 657665AA,https://github.com/pokemon-speedrunning/gambatte-core/blob/d819bad196/test/hwtests/oamdma/oamdma_srcBF00_busypopBFFF_dmg08_out65766576_cgb04c_out657665AA.asm,2761f2d02cd94a8da7eba15ec560030c8b7923d051e652076f4de2dc438522a3,,0f 40 41 43 45 46 47 68 69 ff,48 100 200 150 7000 7400,Static source audit; unresolved timing/behavior unless described in review notes
oamdma/oamdma_srcBF00_busypopDFFF_dmg08_out65766576_cgb04c_out657655AA.gbc,FAILED,FAILED,FAILED,65766576 / 657655AA,https://github.com/pokemon-speedrunning/gambatte-core/blob/d819bad196/test/hwtests/oamdma/oamdma_srcBF00_busypopDFFF_dmg08_out65766576_cgb04c_out657655AA.asm,813c962b6ebf70d8193e29b84d0f8c5f55f48badc8c60ec0e0aeaf85e9c31629,,0f 40 41 43 45 46 47 68 69 ff,48 100 200 150 7000 7400,Static source audit; unresolved timing/behavior unless described in review notes
oamdma/oamdma_srcBF00_busypopEFFF_dmg08_out65766576_cgb04c_out657655AA.gbc,FAILED,FAILED,FAILED,65766576 / 657655AA,https://github.com/pokemon-speedrunning/gambatte-core/blob/d819bad196/test/hwtests/oamdma/oamdma_srcBF00_busypopEFFF_dmg08_out65766576_cgb04c_out657655AA.asm,dfa9bac7aef18621a19817e29ab6831d709550e90bdeb4eee47538761d6d8a3f,,0f 40 41 43 45 46 47 68 69 ff,48 100 200 150 7000 7400,Static source audit; unresolved timing/behavior unless described in review notes
oamdma/oamdma_srcBF00_busypopFDFF_dmg08_out657665FF_cgb04c_out657655FF.gbc,FAILED,FAILED,FAILED,657665FF / 657655FF,https://github.com/pokemon-speedrunning/gambatte-core/blob/d819bad196/test/hwtests/oamdma/oamdma_srcBF00_busypopFDFF_dmg08_out657665FF_cgb04c_out657655FF.asm,a0f405f97d109f362ec6947dfa700d423d2cf8670336a4d25f84f260a6a7b62a,,0f 40 41 43 45 46 47 68 69 ff,48 100 200 150 7000 7400,Static source audit; unresolved timing/behavior unless described in review notes
oamdma/oamdma_srcBF00_busypopFFFF_dmg08_cgb04c_out65765576.gbc,FAILED,FAILED,FAILED,65765576,https://github.com/pokemon-speedrunning/gambatte-core/blob/d819bad196/test/hwtests/oamdma/oamdma_srcBF00_busypopFFFF_dmg08_cgb04c_out65765576.asm,28011915e74fe5d5031b907340486c32cf6ed53523a90ed97b967d7618bdd255,,0f 40 41 43 45 46 47 68 69 ff,48 100 200 150 7000 7400,Static source audit; unresolved timing/behavior unless described in review notes
oamdma/oamdma_srcBF00_busypush0001_dmg08_cgb04c_out5576AA34.gbc,FAILED,FAILED,FAILED,5576AA34,https://github.com/pokemon-speedrunning/gambatte-core/blob/d819bad196/test/hwtests/oamdma/oamdma_srcBF00_busypush0001_dmg08_cgb04c_out5576AA34.asm,e7368ee65c1ff8be33ca2d78aaf5b1031b984af7f9cb4feb64c5fee57539c6e5,,0f 40 41 43 45 46 47 68 69 ff,48 100 200 150 7000 7400,Static source audit; unresolved timing/behavior unless described in review notes
oamdma/oamdma_srcBF00_busypush8001_dmg08_cgb04c_out65AA1255.gbc,FAILED,FAILED,FAILED,65AA1255,https://github.com/pokemon-speedrunning/gambatte-core/blob/d819bad196/test/hwtests/oamdma/oamdma_srcBF00_busypush8001_dmg08_cgb04c_out65AA1255.asm,45c51fa34a0b32016ec90e9b848fb0833f1f739c26b05d44b4112ca8de5c3b0d,,0f 40 41 43 45 46 47 68 69 ff,48 100 200 150 7000 7400,Static source audit; unresolved timing/behavior unless described in review notes
oamdma/oamdma_srcBF00_busypushA001_2_dmg08_cgb04c_out55FFAAFF.gbc,FAILED,FAILED,FAILED,55FFAAFF,https://github.com/pokemon-speedrunning/gambatte-core/blob/d819bad196/test/hwtests/oamdma/oamdma_srcBF00_busypushA001_2_dmg08_cgb04c_out55FFAAFF.asm,0661a28d335ed3f3738a045181a4fd023c2a4dbf877696ec28faefffb9e90747,,0f 40 41 43 45 46 47 68 69 ff,48 100 200 150 7000 7400,Static source audit; unresolved timing/behavior unless described in review notes
oamdma/oamdma_srcBF00_busypushA001_dmg08_cgb04c_out5576AA34.gbc,FAILED,FAILED,FAILED,5576AA34,https://github.com/pokemon-speedrunning/gambatte-core/blob/d819bad196/test/hwtests/oamdma/oamdma_srcBF00_busypushA001_dmg08_cgb04c_out5576AA34.asm,686d581eb02293d28f32507a891c989dda756f523b5dd6765e35a3138f1d95c0,,0f 40 41 43 45 46 47 68 69 ff,48 100 200 150 7000 7400,Static source audit; unresolved timing/behavior unless described in review notes
oamdma/oamdma_srcBF00_busypushC001_2_dmg08_out55AAFF34_cgb04c_outFFAAFF55.gbc,FAILED,FAILED,FAILED,55AAFF34 / FFAAFF55,https://github.com/pokemon-speedrunning/gambatte-core/blob/d819bad196/test/hwtests/oamdma/oamdma_srcBF00_busypushC001_2_dmg08_out55AAFF34_cgb04c_outFFAAFF55.asm,42daa7c0d8d9d4131f5f9f6c1c114510796f7a4d77dd3ff9efc373dab9fa33c0,,0f 40 41 43 45 46 47 68 69 70 ff,48 100 200 150 7000 7400,Static source audit; unresolved timing/behavior unless described in review notes
oamdma/oamdma_srcBF00_busypushC001_dmg08_out55AA1234_cgb04c_out65AA1255.gbc,FAILED,FAILED,FAILED,55AA1234 / 65AA1255,https://github.com/pokemon-speedrunning/gambatte-core/blob/d819bad196/test/hwtests/oamdma/oamdma_srcBF00_busypushC001_dmg08_out55AA1234_cgb04c_out65AA1255.asm,b86eebc0e7ff2e938094e807ffd4f54c880b6c9c0b554a3caf74544fb99d7a56,,0f 40 41 43 45 46 47 68 69 70 ff,48 100 200 150 7000 7400,Static source audit; unresolved timing/behavior unless described in review notes
oamdma/oamdma_srcBF00_busypushE001_dmg08_out55AA1234_cgb04c_out6576AA55.gbc,FAILED,FAILED,FAILED,55AA1234 / 6576AA55,https://github.com/pokemon-speedrunning/gambatte-core/blob/d819bad196/test/hwtests/oamdma/oamdma_srcBF00_busypushE001_dmg08_out55AA1234_cgb04c_out6576AA55.asm,40713b22b3bc5c39ac4f4db66a34ae568e62df0dd7f2b2e6ea6f7a9db6c76321,,0f 40 41 43 45 46 47 68 69 70 ff,48 100 200 150 7000 7400,Static source audit; unresolved timing/behavior unless described in review notes
oamdma/oamdma_srcBF00_busypushF001_dmg08_out55AA1234_cgb04c_out6576AA55.gbc,FAILED,FAILED,FAILED,55AA1234 / 6576AA55,https://github.com/pokemon-speedrunning/gambatte-core/blob/d819bad196/test/hwtests/oamdma/oamdma_srcBF00_busypushF001_dmg08_out55AA1234_cgb04c_out6576AA55.asm,9caab724fc003f52c59035ac10d94ab2d759b8e1745c8da8df77f42fe9dac149,,0f 40 41 43 45 46 47 68 69 70 ff,48 100 200 150 7000 7400,Static source audit; unresolved timing/behavior unless described in review notes
oamdma/oamdma_srcBF00_busypushFE01_dmg08_out65AA1298_cgb04c_out6576AA98.gbc,FAILED,FAILED,FAILED,65AA1298 / 6576AA98,https://github.com/pokemon-speedrunning/gambatte-core/blob/d819bad196/test/hwtests/oamdma/oamdma_srcBF00_busypushFE01_dmg08_out65AA1298_cgb04c_out6576AA98.asm,6790f1ba6061b13953197fc628e46401ee7e4456e36b43f4e6d1b691e0be7972,,0f 40 41 43 45 46 47 68 69 ff,48 100 200 150 7000 7400,Static source audit; unresolved timing/behavior unless described in review notes
oamdma/oamdma_srcBF00_busypushFEA1_dmg08_out65768700_cgb04c_out65768734.gbc,FAILED,FAILED,FAILED,65768700 / 65768734,https://github.com/pokemon-speedrunning/gambatte-core/blob/d819bad196/test/hwtests/oamdma/oamdma_srcBF00_busypushFEA1_dmg08_out65768700_cgb04c_out65768734.asm,41ac975224cc8a2b272ec7d571dda0e5ae10ae2e90d3c5e68f455d2f766b18ba,,0f 40 41 43 45 46 47 68 69 ff,48 100 200 150 7000 7400,Static source audit; unresolved timing/behavior unless described in review notes
oamdma/oamdma_srcBF00_busypushFF01_dmg08_out657600DF_cgb04c_out657612DF.gbc,FAILED,FAILED,FAILED,657600DF / 657612DF,https://github.com/pokemon-speedrunning/gambatte-core/blob/d819bad196/test/hwtests/oamdma/oamdma_srcBF00_busypushFF01_dmg08_out657600DF_cgb04c_out657612DF.asm,30a8ef0b4be7a2250f189f67f7f3961299b24d52c77cdb077b2daf2c15bb36ef,,0f 40 41 43 45 46 47 68 69 ff,48 100 200 150 7000 7400,Static source audit; unresolved timing/behavior unless described in review notes
oamdma/oamdma_srcC000_busypop7FFF_dmg08_out657665AA_cgb04c_out657655AA.gbc,FAILED,FAILED,FAILED,657665AA / 657655AA,https://github.com/pokemon-speedrunning/gambatte-core/blob/d819bad196/test/hwtests/oamdma/oamdma_srcC000_busypop7FFF_dmg08_out657665AA_cgb04c_out657655AA.asm,a02e0e1d2be9b9404300c8d992424d16f953353dcb7e01a794a7a12a07277b01,,0f 40 41 43 45 46 47 68 69 ff,48 100 200 150 7000 7400,Static source audit; unresolved timing/behavior unless described in review notes
oamdma/oamdma_srcC000_busypop9FFF_2_dmg08_out65765576_cgb04c_out657655FF.gbc,FAILED,FAILED,FAILED,65765576 / 657655FF,https://github.com/pokemon-speedrunning/gambatte-core/blob/d819bad196/test/hwtests/oamdma/oamdma_srcC000_busypop9FFF_2_dmg08_out65765576_cgb04c_out657655FF.asm,ea664582041706b2561ddab441cf483391fe564d5db57f39523d175c41faf34e,,0f 40 41 43 45 46 47 68 69 ff,48 100 200 150 7000 7400,Static source audit; unresolved timing/behavior unless described in review notes
oamdma/oamdma_srcC000_busypop9FFF_dmg08_out65765576_cgb04c_out657655AA.gbc,FAILED,FAILED,FAILED,65765576 / 657655AA,https://github.com/pokemon-speedrunning/gambatte-core/blob/d819bad196/test/hwtests/oamdma/oamdma_srcC000_busypop9FFF_dmg08_out65765576_cgb04c_out657655AA.asm,92d1b5a55df52b6e7a92db3c9d39cdd5a4b8af7f36f55811014bbb4c291eb37b,,0f 40 41 43 45 46 47 68 69 ff,48 100 200 150 7000 7400,Static source audit; unresolved timing/behavior unless described in review notes
oamdma/oamdma_srcC000_busypopBFFF_2_dmg08_out65766576_cgb04c_out6576FF76.gbc,FAILED,FAILED,FAILED,65766576 / 6576FF76,https://github.com/pokemon-speedrunning/gambatte-core/blob/d819bad196/test/hwtests/oamdma/oamdma_srcC000_busypopBFFF_2_dmg08_out65766576_cgb04c_out6576FF76.asm,943d81c8403ce29fa99e1e97a580032b0815e920d625cb08e387691145288e13,,0f 40 41 43 45 46 47 68 69 ff,48 100 200 150 7000 7400,Static source audit; unresolved timing/behavior unless described in review notes
oamdma/oamdma_srcC000_busypopBFFF_dmg08_out65766576_cgb04c_out65765576.gbc,FAILED,FAILED,FAILED,65766576 / 65765576,https://github.com/pokemon-speedrunning/gambatte-core/blob/d819bad196/test/hwtests/oamdma/oamdma_srcC000_busypopBFFF_dmg08_out65766576_cgb04c_out65765576.asm,5b3e3db2a1e399dd61003224959c47576bd84f95c983c9470a2b90ba18230b2e,,0f 40 41 43 45 46 47 68 69 ff,48 100 200 150 7000 7400,Static source audit; unresolved timing/behavior unless described in review notes
oamdma/oamdma_srcC000_busypopDFFF_dmg08_cgb04c_out65766576.gbc,FAILED,FAILED,FAILED,65766576,https://github.com/pokemon-speedrunning/gambatte-core/blob/d819bad196/test/hwtests/oamdma/oamdma_srcC000_busypopDFFF_dmg08_cgb04c_out65766576.asm,569cbf946625955c3bb22dd79e0eb73d28ba23e03ee5c3742e1bb33df720a251,,0f 40 41 43 45 46 47 68 69 ff,48 100 200 150 7000 7400,Static source audit; unresolved timing/behavior unless described in review notes
oamdma/oamdma_srcC000_busypopEFFF_dmg08_cgb04c_out65766576.gbc,FAILED,FAILED,FAILED,65766576,https://github.com/pokemon-speedrunning/gambatte-core/blob/d819bad196/test/hwtests/oamdma/oamdma_srcC000_busypopEFFF_dmg08_cgb04c_out65766576.asm,6170d015a2c6649164cb94e9484491371320da36655b7dbf95df4aceb62d6d70,,0f 40 41 43 45 46 47 68 69 ff,48 100 200 150 7000 7400,Static source audit; unresolved timing/behavior unless described in review notes
oamdma/oamdma_srcC000_busypopFDFF_dmg08_cgb04c_out657665FF.gbc,FAILED,FAILED,FAILED,657665FF,https://github.com/pokemon-speedrunning/gambatte-core/blob/d819bad196/test/hwtests/oamdma/oamdma_srcC000_busypopFDFF_dmg08_cgb04c_out657665FF.asm,e5465f9f36004918bd17f834b4fbe43b6475da90fd97978bfea7eccf73eb405c,,0f 40 41 43 45 46 47 68 69 ff,48 100 200 150 7000 7400,Static source audit; unresolved timing/behavior unless described in review notes
oamdma/oamdma_srcC000_busypopFFFF_dmg08_out65765576_cgb04c_out657655AA.gbc,FAILED,FAILED,FAILED,65765576 / 657655AA,https://github.com/pokemon-speedrunning/gambatte-core/blob/d819bad196/test/hwtests/oamdma/oamdma_srcC000_busypopFFFF_dmg08_out65765576_cgb04c_out657655AA.asm,a3fa7f67071b0ecb603a871b7c171dd5fcb477b4528cdf54128ba0543e4a8602,,0f 40 41 43 45 46 47 68 69 ff,48 100 200 150 7000 7400,Static source audit; unresolved timing/behavior unless described in review notes
oamdma/oamdma_srcC000_busypush0001_dmg08_out4576AA34_cgb04c_out6576AA34.gbc,FAILED,FAILED,FAILED,4576AA34 / 6576AA34,https://github.com/pokemon-speedrunning/gambatte-core/blob/d819bad196/test/hwtests/oamdma/oamdma_srcC000_busypush0001_dmg08_out4576AA34_cgb04c_out6576AA34.asm,80d0f515f672368b7b3b44864340a23f13e326554e93bac999d47dca474da459,,0f 40 41 43 45 46 47 68 69 ff,48 100 200 150 7000 7400,Static source audit; unresolved timing/behavior unless described in review notes
oamdma/oamdma_srcC000_busypush8001_dmg08_out65221255_cgb04c_out65761255.gbc,FAILED,FAILED,FAILED,65221255 / 65761255,https://github.com/pokemon-speedrunning/gambatte-core/blob/d819bad196/test/hwtests/oamdma/oamdma_srcC000_busypush8001_dmg08_out65221255_cgb04c_out65761255.asm,a53c5dd49f4fc116977f68bf4eabbc897140a66cf9d87a386a9d4e22575f54dd,,0f 40 41 43 45 46 47 68 69 ff,48 100 200 150 7000 7400,Static source audit; unresolved timing/behavior unless described in review notes
oamdma/oamdma_srcC000_busypushA001_2_dmg08_out4576AAFF_cgb04c_out6576AAFF.gbc,FAILED,FAILED,FAILED,4576AAFF / 6576AAFF,https://github.com/pokemon-speedrunning/gambatte-core/blob/d819bad196/test/hwtests/oamdma/oamdma_srcC000_busypushA001_2_dmg08_out4576AAFF_cgb04c_out6576AAFF.asm,92f5166b5e3d5b1eddf0dc000b0bb8d093e9630b32cf35378811ba0042d6ed74,,0f 40 41 43 45 46 47 68 69 ff,48 100 200 150 7000 7400,Static source audit; unresolved timing/behavior unless described in review notes
oamdma/oamdma_srcC000_busypushA001_dmg08_out4576AA34_cgb04c_out6576AA55.gbc,FAILED,FAILED,FAILED,4576AA34 / 6576AA55,https://github.com/pokemon-speedrunning/gambatte-core/blob/d819bad196/test/hwtests/oamdma/oamdma_srcC000_busypushA001_dmg08_out4576AA34_cgb04c_out6576AA55.asm,05822096e2c757c1ce13d843e1861c23821ae583b22e82aa7f36900effe81e90,,0f 40 41 43 45 46 47 68 69 ff,48 100 200 150 7000 7400,Static source audit; unresolved timing/behavior unless described in review notes
oamdma/oamdma_srcC000_busypushC001_2_dmg08_out4522FF34_cgb04c_out6576FF34.gbc,FAILED,FAILED,FAILED,4522FF34 / 6576FF34,https://github.com/pokemon-speedrunning/gambatte-core/blob/d819bad196/test/hwtests/oamdma/oamdma_srcC000_busypushC001_2_dmg08_out4522FF34_cgb04c_out6576FF34.asm,1e6f9f97d72de88368fe750a6ed9ac2a5909e9a060e193d4eff7d476ca8afdd3,,0f 40 41 43 45 46 47 68 69 ff,48 100 200 150 7000 7400,Static source audit; unresolved timing/behavior unless described in review notes
oamdma/oamdma_srcC000_busypushC001_dmg08_out45221234_cgb04c_out6576AA34.gbc,FAILED,FAILED,FAILED,45221234 / 6576AA34,https://github.com/pokemon-speedrunning/gambatte-core/blob/d819bad196/test/hwtests/oamdma/oamdma_srcC000_busypushC001_dmg08_out45221234_cgb04c_out6576AA34.asm,17262f6692b71db02b7851ce6e46c10bbd001d2f5eab436eff6a222d0eaab360,,0f 40 41 43 45 46 47 68 69 ff,48 100 200 150 7000 7400,Static source audit; unresolved timing/behavior unless described in review notes
oamdma/oamdma_srcC000_busypushE001_dmg08_out45221234_cgb04c_out65761234.gbc,FAILED,FAILED,FAILED,45221234 / 65761234,https://github.com/pokemon-speedrunning/gambatte-core/blob/d819bad196/test/hwtests/oamdma/oamdma_srcC000_busypushE001_dmg08_out45221234_cgb04c_out65761234.asm,5531b9e65bb981b925669cfba56ea92da0613c3d1496847ed774e74c6cc8ea94,,0f 40 41 43 45 46 47 68 69 ff,48 100 200 150 7000 7400,Static source audit; unresolved timing/behavior unless described in review notes
oamdma/oamdma_srcC000_busypushF001_dmg08_out45221234_cgb04c_out65761234.gbc,FAILED,FAILED,FAILED,45221234 / 65761234,https://github.com/pokemon-speedrunning/gambatte-core/blob/d819bad196/test/hwtests/oamdma/oamdma_srcC000_busypushF001_dmg08_out45221234_cgb04c_out65761234.asm,62881a733b920823a94432b1b095c5787c94af3d52240227384119f794458811,,0f 40 41 43 45 46 47 68 69 ff,48 100 200 150 7000 7400,Static source audit; unresolved timing/behavior unless described in review notes
oamdma/oamdma_srcC000_busypushFE01_dmg08_out65221298_cgb04c_out65761298.gbc,FAILED,FAILED,FAILED,65221298 / 65761298,https://github.com/pokemon-speedrunning/gambatte-core/blob/d819bad196/test/hwtests/oamdma/oamdma_srcC000_busypushFE01_dmg08_out65221298_cgb04c_out65761298.asm,bd97f0cdb7297731be202d22c9ee08470ebfcc2c2a126060752216a6cf02d72f,,0f 40 41 43 45 46 47 68 69 ff,48 100 200 150 7000 7400,Static source audit; unresolved timing/behavior unless described in review notes
oamdma/oamdma_srcC000_busypushFEA1_dmg08_out65768700_cgb04c_out65768734.gbc,FAILED,FAILED,FAILED,65768700 / 65768734,https://github.com/pokemon-speedrunning/gambatte-core/blob/d819bad196/test/hwtests/oamdma/oamdma_srcC000_busypushFEA1_dmg08_out65768700_cgb04c_out65768734.asm,368d9ce8db65343bd816d7f0d1cd4e538d02652c9f9692235a4f91c894120e37,,0f 40 41 43 45 46 47 68 69 ff,48 100 200 150 7000 7400,Static source audit; unresolved timing/behavior unless described in review notes
oamdma/oamdma_srcC000_busypushFF01_dmg08_out657600DF_cgb04c_out657612DF.gbc,FAILED,FAILED,FAILED,657600DF / 657612DF,https://github.com/pokemon-speedrunning/gambatte-core/blob/d819bad196/test/hwtests/oamdma/oamdma_srcC000_busypushFF01_dmg08_out657600DF_cgb04c_out657612DF.asm,815f2624f04747187fb5e24b32e90763ce46edcc83905af8829b2c94fdaa1733,,0f 40 41 43 45 46 47 68 69 ff,48 100 200 150 7000 7400,Static source audit; unresolved timing/behavior unless described in review notes
oamdma/oamdma_srcC000_busyreadA000_1_dmg08_out5_cgb04c_out1.gbc,FAILED,FAILED,FAILED,5 / 1,https://github.com/pokemon-speedrunning/gambatte-core/blob/d819bad196/test/hwtests/oamdma/oamdma_srcC000_busyreadA000_1_dmg08_out5_cgb04c_out1.asm,49dcbbc518afa1404cff8798e5b68e6a990d8ba6558417421278e1a9805ae4a9,80,0f 40 41 43 45 47 68 69 ff,48 100 150 7000 7400,Static source audit; unresolved timing/behavior unless described in review notes
oamdma/oamdma_srcC000_srambankchange_1_dmg08_out4_cgb04c_out0.gbc,FAILED,FAILED,FAILED,4 / 0,https://github.com/pokemon-speedrunning/gambatte-core/blob/d819bad196/test/hwtests/oamdma/oamdma_srcC000_srambankchange_1_dmg08_out4_cgb04c_out0.asm,73ad847389fe3a9ca42478550a53ac6f95d2b2fb8bd3d2554e6bb7ef247ba488,80,0f 40 41 43 45 47 68 69 ff,48 100 150 7000 7400,Static source audit; unresolved timing/behavior unless described in review notes
oamdma/oamdma_srcDF00_busypop7FFF_dmg08_out657665AA_cgb04c_out657655AA.gbc,FAILED,FAILED,FAILED,657665AA / 657655AA,https://github.com/pokemon-speedrunning/gambatte-core/blob/d819bad196/test/hwtests/oamdma/oamdma_srcDF00_busypop7FFF_dmg08_out657665AA_cgb04c_out657655AA.asm,45675afd32ca4977a0f7e712fc85bd245ec578ad3f9ced64f2dae193306c7573,,0f 40 41 43 45 46 47 68 69 ff,48 100 200 150 7000 7400,Static source audit; unresolved timing/behavior unless described in review notes
oamdma/oamdma_srcDF00_busypop9FFF_2_dmg08_out65765576_cgb04c_out657655FF.gbc,FAILED,FAILED,FAILED,65765576 / 657655FF,https://github.com/pokemon-speedrunning/gambatte-core/blob/d819bad196/test/hwtests/oamdma/oamdma_srcDF00_busypop9FFF_2_dmg08_out65765576_cgb04c_out657655FF.asm,a02eb942fa22a0dd223ae091dd832d571eee5c85a76ba5abbb033de760b2d42d,,0f 40 41 43 45 46 47 68 69 ff,48 100 200 150 7000 7400,Static source audit; unresolved timing/behavior unless described in review notes
oamdma/oamdma_srcDF00_busypop9FFF_dmg08_out65765576_cgb04c_out657655AA.gbc,FAILED,FAILED,FAILED,65765576 / 657655AA,https://github.com/pokemon-speedrunning/gambatte-core/blob/d819bad196/test/hwtests/oamdma/oamdma_srcDF00_busypop9FFF_dmg08_out65765576_cgb04c_out657655AA.asm,f1d32836f9c34ca089a58a34be4ca9f9221c995f765683cdcdf1f3bc7d2f320f,,0f 40 41 43 45 46 47 68 69 ff,48 100 200 150 7000 7400,Static source audit; unresolved timing/behavior unless described in review notes
oamdma/oamdma_srcDF00_busypopBFFF_2_dmg08_out65766576_cgb04c_out6576FF76.gbc,FAILED,FAILED,FAILED,65766576 / 6576FF76,https://github.com/pokemon-speedrunning/gambatte-core/blob/d819bad196/test/hwtests/oamdma/oamdma_srcDF00_busypopBFFF_2_dmg08_out65766576_cgb04c_out6576FF76.asm,c103c0a734f46adccb8185251e9b9c383b8fb099874d059fad016a08cccb3a96,,0f 40 41 43 45 46 47 68 69 ff,48 100 200 150 7000 7400,Static source audit; unresolved timing/behavior unless described in review notes
oamdma/oamdma_srcDF00_busypopBFFF_dmg08_out65766576_cgb04c_out65765576.gbc,FAILED,FAILED,FAILED,65766576 / 65765576,https://github.com/pokemon-speedrunning/gambatte-core/blob/d819bad196/test/hwtests/oamdma/oamdma_srcDF00_busypopBFFF_dmg08_out65766576_cgb04c_out65765576.asm,eb836d17100750e637f40b17183ce1f0f138250bf312283eeb6e43a91b921590,,0f 40 41 43 45 46 47 68 69 ff,48 100 200 150 7000 7400,Static source audit; unresolved timing/behavior unless described in review notes
oamdma/oamdma_srcDF00_busypopDFFF_dmg08_cgb04c_out65766576.gbc,FAILED,FAILED,FAILED,65766576,https://github.com/pokemon-speedrunning/gambatte-core/blob/d819bad196/test/hwtests/oamdma/oamdma_srcDF00_busypopDFFF_dmg08_cgb04c_out65766576.asm,e84a562a30cfd5e9ea19b083ea6f38a0e8ffd7ec65ef1a6c65790640e1a79dee,,0f 40 41 43 45 46 47 68 69 70 ff,48 100 200 150 7000 7400,Static source audit; unresolved timing/behavior unless described in review notes
oamdma/oamdma_srcDF00_busypopEFFF_dmg08_cgb04c_out65766576.gbc,FAILED,FAILED,FAILED,65766576,https://github.com/pokemon-speedrunning/gambatte-core/blob/d819bad196/test/hwtests/oamdma/oamdma_srcDF00_busypopEFFF_dmg08_cgb04c_out65766576.asm,e366f587866054b3695f4d9f13530e317b3353c4cc3c480547b2bafeb711f186,,0f 40 41 43 45 46 47 68 69 70 ff,48 100 200 150 7000 7400,Static source audit; unresolved timing/behavior unless described in review notes
oamdma/oamdma_srcDF00_busypopFDFF_dmg08_cgb04c_out657665FF.gbc,FAILED,FAILED,FAILED,657665FF,https://github.com/pokemon-speedrunning/gambatte-core/blob/d819bad196/test/hwtests/oamdma/oamdma_srcDF00_busypopFDFF_dmg08_cgb04c_out657665FF.asm,0ea5bad440ac9a3e2bf415528c6481419dd11799a8aa13485ce622abe8bc258c,,0f 40 41 43 45 46 47 68 69 ff,48 100 200 150 7000 7400,Static source audit; unresolved timing/behavior unless described in review notes
oamdma/oamdma_srcDF00_busypopFFFF_dmg08_out65765576_cgb04c_out657655AA.gbc,FAILED,FAILED,FAILED,65765576 / 657655AA,https://github.com/pokemon-speedrunning/gambatte-core/blob/d819bad196/test/hwtests/oamdma/oamdma_srcDF00_busypopFFFF_dmg08_out65765576_cgb04c_out657655AA.asm,de555efe0043aa8ded4a339cbc7fe675aeb70660db138b77052c45d8ccae270f,,0f 40 41 43 45 46 47 68 69 ff,48 100 200 150 7000 7400,Static source audit; unresolved timing/behavior unless described in review notes
oamdma/oamdma_srcDF00_busypush0001_dmg08_out4576AA34_cgb04c_out6576AA34.gbc,FAILED,FAILED,FAILED,4576AA34 / 6576AA34,https://github.com/pokemon-speedrunning/gambatte-core/blob/d819bad196/test/hwtests/oamdma/oamdma_srcDF00_busypush0001_dmg08_out4576AA34_cgb04c_out6576AA34.asm,8146cb0894a0985e7434f0eaabec4384669b635e3f62bb5d6c03156f8181aca9,,0f 40 41 43 45 46 47 68 69 ff,48 100 200 150 7000 7400,Static source audit; unresolved timing/behavior unless described in review notes
oamdma/oamdma_srcDF00_busypush8001_dmg08_out65221255_cgb04c_out65761255.gbc,FAILED,FAILED,FAILED,65221255 / 65761255,https://github.com/pokemon-speedrunning/gambatte-core/blob/d819bad196/test/hwtests/oamdma/oamdma_srcDF00_busypush8001_dmg08_out65221255_cgb04c_out65761255.asm,65bb0ed162dc4d7f97adaaaff02f3d73e5f287d8c28ddee7ca133458367e0d25,,0f 40 41 43 45 46 47 68 69 ff,48 100 200 150 7000 7400,Static source audit; unresolved timing/behavior unless described in review notes
oamdma/oamdma_srcDF00_busypushA001_2_dmg08_out4576AAFF_cgb04c_out6576AAFF.gbc,FAILED,FAILED,FAILED,4576AAFF / 6576AAFF,https://github.com/pokemon-speedrunning/gambatte-core/blob/d819bad196/test/hwtests/oamdma/oamdma_srcDF00_busypushA001_2_dmg08_out4576AAFF_cgb04c_out6576AAFF.asm,03a94081a003e39bc39e5df3cd350671f690b46a1c787584299830a19a488058,,0f 40 41 43 45 46 47 68 69 ff,48 100 200 150 7000 7400,Static source audit; unresolved timing/behavior unless described in review notes
oamdma/oamdma_srcDF00_busypushA001_dmg08_out4576AA34_cgb04c_out6576AA55.gbc,FAILED,FAILED,FAILED,4576AA34 / 6576AA55,https://github.com/pokemon-speedrunning/gambatte-core/blob/d819bad196/test/hwtests/oamdma/oamdma_srcDF00_busypushA001_dmg08_out4576AA34_cgb04c_out6576AA55.asm,8999dad27ff41cd58204f9f957598dc90fe3cf5013f674034bf6478dd2f8779c,,0f 40 41 43 45 46 47 68 69 ff,48 100 200 150 7000 7400,Static source audit; unresolved timing/behavior unless described in review notes
oamdma/oamdma_srcDF00_busypushC001_2_dmg08_out4522FF34_cgb04c_out6576FF34.gbc,FAILED,FAILED,FAILED,4522FF34 / 6576FF34,https://github.com/pokemon-speedrunning/gambatte-core/blob/d819bad196/test/hwtests/oamdma/oamdma_srcDF00_busypushC001_2_dmg08_out4522FF34_cgb04c_out6576FF34.asm,dd874745c4afcda330bd041d3fb311af7251d5924d3b5ec8a550f5e650265301,,0f 40 41 43 45 46 47 68 69 ff,48 100 200 150 7000 7400,Static source audit; unresolved timing/behavior unless described in review notes
oamdma/oamdma_srcDF00_busypushC001_dmg08_out45221234_cgb04c_out6576AA34.gbc,FAILED,FAILED,FAILED,45221234 / 6576AA34,https://github.com/pokemon-speedrunning/gambatte-core/blob/d819bad196/test/hwtests/oamdma/oamdma_srcDF00_busypushC001_dmg08_out45221234_cgb04c_out6576AA34.asm,01555a36fc09b648f30505251a517e973316bd30ece57db175f786e842b5756e,,0f 40 41 43 45 46 47 68 69 ff,48 100 200 150 7000 7400,Static source audit; unresolved timing/behavior unless described in review notes
oamdma/oamdma_srcDF00_busypushE001_dmg08_out45221234_cgb04c_out65761234.gbc,FAILED,FAILED,FAILED,45221234 / 65761234,https://github.com/pokemon-speedrunning/gambatte-core/blob/d819bad196/test/hwtests/oamdma/oamdma_srcDF00_busypushE001_dmg08_out45221234_cgb04c_out65761234.asm,ac8ac2b13f37d868bd33515d1e254937cf8d93ee8c3423f93eb2cad1fa9886a9,,0f 40 41 43 45 46 47 68 69 70 ff,48 100 200 150 7000 7400,Static source audit; unresolved timing/behavior unless described in review notes
oamdma/oamdma_srcDF00_busypushF001_dmg08_out45221234_cgb04c_out65761234.gbc,FAILED,FAILED,FAILED,45221234 / 65761234,https://github.com/pokemon-speedrunning/gambatte-core/blob/d819bad196/test/hwtests/oamdma/oamdma_srcDF00_busypushF001_dmg08_out45221234_cgb04c_out65761234.asm,ad4c19016c5c22cc67b70158623ba6f54946cbea658558fb324d72f5170a96ef,,0f 40 41 43 45 46 47 68 69 70 ff,48 100 200 150 7000 7400,Static source audit; unresolved timing/behavior unless described in review notes
oamdma/oamdma_srcDF00_busypushFE01_dmg08_out65221298_cgb04c_out65761298.gbc,FAILED,FAILED,FAILED,65221298 / 65761298,https://github.com/pokemon-speedrunning/gambatte-core/blob/d819bad196/test/hwtests/oamdma/oamdma_srcDF00_busypushFE01_dmg08_out65221298_cgb04c_out65761298.asm,efb1bd9733134207b990442e247ca7b6eaaa851c31342b9ee5a272faf219d7b8,,0f 40 41 43 45 46 47 68 69 ff,48 100 200 150 7000 7400,Static source audit; unresolved timing/behavior unless described in review notes
oamdma/oamdma_srcDF00_busypushFEA1_dmg08_out65768700_cgb04c_out65768734.gbc,FAILED,FAILED,FAILED,65768700 / 65768734,https://github.com/pokemon-speedrunning/gambatte-core/blob/d819bad196/test/hwtests/oamdma/oamdma_srcDF00_busypushFEA1_dmg08_out65768700_cgb04c_out65768734.asm,ef6a5cc8b9d5514bfb59620352bfbf6f6e4a158c6f2d47db8237084b1875460e,,0f 40 41 43 45 46 47 68 69 ff,48 100 200 150 7000 7400,Static source audit; unresolved timing/behavior unless described in review notes
oamdma/oamdma_srcDF00_busypushFF01_dmg08_out657600DF_cgb04c_out657612DF.gbc,FAILED,FAILED,FAILED,657600DF / 657612DF,https://github.com/pokemon-speedrunning/gambatte-core/blob/d819bad196/test/hwtests/oamdma/oamdma_srcDF00_busypushFF01_dmg08_out657600DF_cgb04c_out657612DF.asm,6b90c97884894efb97d4c63b40aaa414b9d5077d619390cced9ab88a563d0b69,,0f 40 41 43 45 46 47 68 69 ff,48 100 200 150 7000 7400,Static source audit; unresolved timing/behavior unless described in review notes
oamdma/oamdma_srcE000_busypop7FFF_dmg08_out657665AA_cgb04c_outFFFFFFAA.gbc,FAILED,FAILED,FAILED,657665AA / FFFFFFAA,https://github.com/pokemon-speedrunning/gambatte-core/blob/d819bad196/test/hwtests/oamdma/oamdma_srcE000_busypop7FFF_dmg08_out657665AA_cgb04c_outFFFFFFAA.asm,f45c051fafe5767a6b21831078b8148678b83e3df0cfd4c1fd48dc12e36aac6a,,0f 40 41 43 45 46 47 68 69 ff,48 100 200 150 7000 7400,Static source audit; unresolved timing/behavior unless described in review notes
oamdma/oamdma_srcE000_busypop9FFF_2_dmg08_out65765576_cgb04c_outFFFF55FF.gbc,FAILED,FAILED,FAILED,65765576 / FFFF55FF,https://github.com/pokemon-speedrunning/gambatte-core/blob/d819bad196/test/hwtests/oamdma/oamdma_srcE000_busypop9FFF_2_dmg08_out65765576_cgb04c_outFFFF55FF.asm,908d8fc3c23c950c7a4e51bd43559b5ffe60a6c90c6f6727728a9eef2ff22e4b,,0f 40 41 43 45 46 47 68 69 ff,48 100 200 150 7000 7400,Static source audit; unresolved timing/behavior unless described in review notes
oamdma/oamdma_srcE000_busypop9FFF_dmg08_out65765576_cgb04c_outFFFF55FF.gbc,FAILED,FAILED,FAILED,65765576 / FFFF55FF,https://github.com/pokemon-speedrunning/gambatte-core/blob/d819bad196/test/hwtests/oamdma/oamdma_srcE000_busypop9FFF_dmg08_out65765576_cgb04c_outFFFF55FF.asm,4472829264134e67266b28442fe33c108752e4074634e653c27681d315324b96,,0f 40 41 43 45 46 47 68 69 ff,48 100 200 150 7000 7400,Static source audit; unresolved timing/behavior unless described in review notes
oamdma/oamdma_srcE000_busypopBFFF_2_dmg08_out65766576_cgb04c_outFFFFFFAA.gbc,FAILED,FAILED,FAILED,65766576 / FFFFFFAA,https://github.com/pokemon-speedrunning/gambatte-core/blob/d819bad196/test/hwtests/oamdma/oamdma_srcE000_busypopBFFF_2_dmg08_out65766576_cgb04c_outFFFFFFAA.asm,0c2971cba94a3ff18cd9fefe5bd74ea89a3557fe3a0914b4f5f325f9abed7208,,0f 40 41 43 45 46 47 68 69 ff,48 100 200 150 7000 7400,Static source audit; unresolved timing/behavior unless described in review notes
oamdma/oamdma_srcE000_busypopBFFF_dmg08_out65766576_cgb04c_outFFFFFFAA.gbc,FAILED,FAILED,FAILED,65766576 / FFFFFFAA,https://github.com/pokemon-speedrunning/gambatte-core/blob/d819bad196/test/hwtests/oamdma/oamdma_srcE000_busypopBFFF_dmg08_out65766576_cgb04c_outFFFFFFAA.asm,9beefcc7ebc14339713eaf89d2f6d4400cb772cc160d9a4266fc8009731dd45f,,0f 40 41 43 45 46 47 68 69 ff,48 100 200 150 7000 7400,Static source audit; unresolved timing/behavior unless described in review notes
oamdma/oamdma_srcE000_busypopDFFF_dmg08_out65766576_cgb04c_outFFFF55AA.gbc,FAILED,FAILED,FAILED,65766576 / FFFF55AA,https://github.com/pokemon-speedrunning/gambatte-core/blob/d819bad196/test/hwtests/oamdma/oamdma_srcE000_busypopDFFF_dmg08_out65766576_cgb04c_outFFFF55AA.asm,58520dc05b9aa9621588c1fdf72cb2c2a120c76ad8d2fffa08cb22df68bc9575,,0f 40 41 43 45 46 47 68 69 70 ff,48 100 200 150 7000 7400,Static source audit; unresolved timing/behavior unless described in review notes
oamdma/oamdma_srcE000_busypopEFFF_dmg08_out65766576_cgb04c_outFFFF55AA.gbc,FAILED,FAILED,FAILED,65766576 / FFFF55AA,https://github.com/pokemon-speedrunning/gambatte-core/blob/d819bad196/test/hwtests/oamdma/oamdma_srcE000_busypopEFFF_dmg08_out65766576_cgb04c_outFFFF55AA.asm,904be9661b46e9e7ac9b1585b5b139e4e62de8e865a515366aa8b37d6cc5ae63,,0f 40 41 43 45 46 47 68 69 70 ff,48 100 200 150 7000 7400,Static source audit; unresolved timing/behavior unless described in review notes
oamdma/oamdma_srcE000_busypopFDFF_dmg08_out657665FF_cgb04c_outFFFF55FF.gbc,FAILED,FAILED,FAILED,657665FF / FFFF55FF,https://github.com/pokemon-speedrunning/gambatte-core/blob/d819bad196/test/hwtests/oamdma/oamdma_srcE000_busypopFDFF_dmg08_out657665FF_cgb04c_outFFFF55FF.asm,0b1bca58b29cc135035b444782d439eef942abbf32f031a1b04161ceb4ca9f22,,0f 40 41 43 45 46 47 68 69 ff,48 100 200 150 7000 7400,Static source audit; unresolved timing/behavior unless described in review notes
oamdma/oamdma_srcE000_busypopFE9F_dmg08_out6576FFFF_cgb04c_outFFFFFFFF.gbc,FAILED,FAILED,FAILED,6576FFFF / FFFFFFFF,https://github.com/pokemon-speedrunning/gambatte-core/blob/d819bad196/test/hwtests/oamdma/oamdma_srcE000_busypopFE9F_dmg08_out6576FFFF_cgb04c_outFFFFFFFF.asm,b8a210cb680246572598871fe6f40cad402e5008bf445bc700f46fdb7df1215a,,0f 40 41 43 45 46 47 68 69 ff,48 100 200 150 7000 7400,Static source audit; unresolved timing/behavior unless described in review notes
oamdma/oamdma_srcE000_busypopFEFF_dmg08_out6576FFEF_cgb04c_outFFFFFFEF.gbc,FAILED,FAILED,FAILED,6576FFEF / FFFFFFEF,https://github.com/pokemon-speedrunning/gambatte-core/blob/d819bad196/test/hwtests/oamdma/oamdma_srcE000_busypopFEFF_dmg08_out6576FFEF_cgb04c_outFFFFFFEF.asm,c7de976c27ec8bc1551c840b8c9824b739c53e84ab6582246acdc839ce45dc0d,,0f 40 41 43 45 46 47 68 69 ff,48 100 200 150 7000 7400,Static source audit; unresolved timing/behavior unless described in review notes
oamdma/oamdma_srcE000_busypopFF7F_dmg08_out6576FFAA_cgb04c_outFFFFFFAA.gbc,FAILED,FAILED,FAILED,6576FFAA / FFFFFFAA,https://github.com/pokemon-speedrunning/gambatte-core/blob/d819bad196/test/hwtests/oamdma/oamdma_srcE000_busypopFF7F_dmg08_out6576FFAA_cgb04c_outFFFFFFAA.asm,f7d01f72d382f7bfb75d09c0c67504addc75ae21d6d03d0c99a02d9fa57c5756,,0f 40 41 43 45 46 47 68 69 ff,48 100 200 150 7000 7400,Static source audit; unresolved timing/behavior unless described in review notes
oamdma/oamdma_srcE000_busypopFFFF_dmg08_out65765576_cgb04c_outFFFF55FF.gbc,FAILED,FAILED,FAILED,65765576 / FFFF55FF,https://github.com/pokemon-speedrunning/gambatte-core/blob/d819bad196/test/hwtests/oamdma/oamdma_srcE000_busypopFFFF_dmg08_out65765576_cgb04c_outFFFF55FF.asm,5ef725d9400b3f4097d30bf303a816f089451796c1d2f6096c608c914c33ca26,,0f 40 41 43 45 46 47 68 69 ff,48 100 200 150 7000 7400,Static source audit; unresolved timing/behavior unless described in review notes
oamdma/oamdma_srcE000_busypush0001_dmg08_out4576AA34_cgb04c_out55FFAA34.gbc,FAILED,FAILED,FAILED,4576AA34 / 55FFAA34,https://github.com/pokemon-speedrunning/gambatte-core/blob/d819bad196/test/hwtests/oamdma/oamdma_srcE000_busypush0001_dmg08_out4576AA34_cgb04c_out55FFAA34.asm,cf87b69b61d1b61ca5e6ad94be765749a941b65189dd965c2aded7c39cddfbe1,,0f 40 41 43 45 46 47 68 69 ff,48 100 200 150 7000 7400,Static source audit; unresolved timing/behavior unless described in review notes
oamdma/oamdma_srcE000_busypush8001_dmg08_out65221255_cgb04c_outFFAA1255.gbc,FAILED,FAILED,FAILED,65221255 / FFAA1255,https://github.com/pokemon-speedrunning/gambatte-core/blob/d819bad196/test/hwtests/oamdma/oamdma_srcE000_busypush8001_dmg08_out65221255_cgb04c_outFFAA1255.asm,7456f1c55e9d7f0bb6481d16acfd594b8098016704e79f67831e7089cabe0fe4,,0f 40 41 43 45 46 47 68 69 ff,48 100 200 150 7000 7400,Static source audit; unresolved timing/behavior unless described in review notes
oamdma/oamdma_srcE000_busypushA001_2_dmg08_out4576AAFF_cgb04c_out55FFAAFF.gbc,FAILED,FAILED,FAILED,4576AAFF / 55FFAAFF,https://github.com/pokemon-speedrunning/gambatte-core/blob/d819bad196/test/hwtests/oamdma/oamdma_srcE000_busypushA001_2_dmg08_out4576AAFF_cgb04c_out55FFAAFF.asm,b79fc120d3018fab8bc7248cc69b8fc7a1b7a2fa4b6ba93ecdae689b6acbec20,,0f 40 41 43 45 46 47 68 69 ff,48 100 200 150 7000 7400,Static source audit; unresolved timing/behavior unless described in review notes
oamdma/oamdma_srcE000_busypushA001_dmg08_out4576AA34_cgb04c_out55FFAA34.gbc,FAILED,FAILED,FAILED,4576AA34 / 55FFAA34,https://github.com/pokemon-speedrunning/gambatte-core/blob/d819bad196/test/hwtests/oamdma/oamdma_srcE000_busypushA001_dmg08_out4576AA34_cgb04c_out55FFAA34.asm,355e8699b5d756451671fe68685b9256909309c9996e60dadc95686f38f99d78,,0f 40 41 43 45 46 47 68 69 ff,48 100 200 150 7000 7400,Static source audit; unresolved timing/behavior unless described in review notes
oamdma/oamdma_srcE000_busypushC001_2_dmg08_out4522FF34_cgb04c_outFFAAFF55.gbc,FAILED,FAILED,FAILED,4522FF34 / FFAAFF55,https://github.com/pokemon-speedrunning/gambatte-core/blob/d819bad196/test/hwtests/oamdma/oamdma_srcE000_busypushC001_2_dmg08_out4522FF34_cgb04c_outFFAAFF55.asm,9764cccf2086095676a3b1e018e9784e7e846a958dcc5d2e6f26fddf0e684888,,0f 40 41 43 45 46 47 68 69 ff,48 100 200 150 7000 7400,Static source audit; unresolved timing/behavior unless described in review notes
oamdma/oamdma_srcE000_busypushC001_dmg08_out45221234_cgb04c_outFFAA1255.gbc,FAILED,FAILED,FAILED,45221234 / FFAA1255,https://github.com/pokemon-speedrunning/gambatte-core/blob/d819bad196/test/hwtests/oamdma/oamdma_srcE000_busypushC001_dmg08_out45221234_cgb04c_outFFAA1255.asm,a782418ab413f3635b1bce3891be3ef2646203f118eff9d34e92f23a6fa2e0dc,,0f 40 41 43 45 46 47 68 69 ff,48 100 200 150 7000 7400,Static source audit; unresolved timing/behavior unless described in review notes
oamdma/oamdma_srcE000_busypushE001_dmg08_out45221234_cgb04c_outFFFFAA55.gbc,FAILED,FAILED,FAILED,45221234 / FFFFAA55,https://github.com/pokemon-speedrunning/gambatte-core/blob/d819bad196/test/hwtests/oamdma/oamdma_srcE000_busypushE001_dmg08_out45221234_cgb04c_outFFFFAA55.asm,056f2daf2e859f5dd8e677e5b22ed30bd0fc1ab179ecd59d2398ee31a8cf9da3,,0f 40 41 43 45 46 47 68 69 70 ff,48 100 200 150 7000 7400,Static source audit; unresolved timing/behavior unless described in review notes
oamdma/oamdma_srcE000_busypushF001_dmg08_out45221234_cgb04c_outFFFFAA55.gbc,FAILED,FAILED,FAILED,45221234 / FFFFAA55,https://github.com/pokemon-speedrunning/gambatte-core/blob/d819bad196/test/hwtests/oamdma/oamdma_srcE000_busypushF001_dmg08_out45221234_cgb04c_outFFFFAA55.asm,4856f241a674c9bd464d914a4ba9eadffd8c807fdc2b38bbadf1ab0a3f13ed81,,0f 40 41 43 45 46 47 68 69 70 ff,48 100 200 150 7000 7400,Static source audit; unresolved timing/behavior unless described in review notes
oamdma/oamdma_srcE000_busypushFE01_dmg08_out65221298_cgb04c_outFFFFAAFF.gbc,FAILED,FAILED,FAILED,65221298 / FFFFAAFF,https://github.com/pokemon-speedrunning/gambatte-core/blob/d819bad196/test/hwtests/oamdma/oamdma_srcE000_busypushFE01_dmg08_out65221298_cgb04c_outFFFFAAFF.asm,242ec9162b509e15149ca9c5dd78600a4665aff0314f7173d9b95045df5c678c,,0f 40 41 43 45 46 47 68 69 70 ff,48 100 200 150 7000 7400,Static source audit; unresolved timing/behavior unless described in review notes
oamdma/oamdma_srcE000_busypushFEA1_dmg08_out65768700_cgb04c_outFFFFFF34.gbc,FAILED,FAILED,FAILED,65768700 / FFFFFF34,https://github.com/pokemon-speedrunning/gambatte-core/blob/d819bad196/test/hwtests/oamdma/oamdma_srcE000_busypushFEA1_dmg08_out65768700_cgb04c_outFFFFFF34.asm,350bcb7c5e4a768309bb1a32e5b3885508181e084300530535d0f5802a44d4f1,,0f 40 41 43 45 46 47 68 69 ff,48 100 200 150 7000 7400,Static source audit; unresolved timing/behavior unless described in review notes
oamdma/oamdma_srcE000_busypushFF01_dmg08_out657600DF_cgb04c_outFFFF12DF.gbc,FAILED,FAILED,FAILED,657600DF / FFFF12DF,https://github.com/pokemon-speedrunning/gambatte-core/blob/d819bad196/test/hwtests/oamdma/oamdma_srcE000_busypushFF01_dmg08_out657600DF_cgb04c_outFFFF12DF.asm,b3d584b1df474456c0bdab2aa76cebda901564ce3776587852d64c24e5b8c80e,,0f 40 41 43 45 46 47 68 69 ff,48 100 200 150 7000 7400,Static source audit; unresolved timing/behavior unless described in review notes
oamdma/oamdma_srcE000_busypushFF81_dmg08_out6576FF55_cgb04c_outFFFFFF55.gbc,FAILED,FAILED,FAILED,6576FF55 / FFFFFF55,https://github.com/pokemon-speedrunning/gambatte-core/blob/d819bad196/test/hwtests/oamdma/oamdma_srcE000_busypushFF81_dmg08_out6576FF55_cgb04c_outFFFFFF55.asm,2c1d2eda0a474a5dc1b3e02f614a07923c0427b10494f7aec2fc3985b2ec24e2,,0f 40 41 43 45 46 47 68 69 ff,48 100 200 150 7000 7400,Static source audit; unresolved timing/behavior unless described in review notes
oamdma/oamdma_srcE000_readFE00_dmg08_out2_cgb04c_out0.gbc,FAILED,FAILED,FAILED,2 / 0,https://github.com/pokemon-speedrunning/gambatte-core/blob/d819bad196/test/hwtests/oamdma/oamdma_srcE000_readFE00_dmg08_out2_cgb04c_out0.asm,3c729e62e0d7d5216b1957dcb0d61c80acac9722fc11140654199d31ef0b17e9,80,0f 40 41 43 45 47 68 69 ff,48 100 150 7000 7400,Static source audit; unresolved timing/behavior unless described in review notes
oamdma/oamdma_srcEF00_busypop7FFF_dmg08_out657665AA_cgb04c_outFFFFFFAA.gbc,FAILED,FAILED,FAILED,657665AA / FFFFFFAA,https://github.com/pokemon-speedrunning/gambatte-core/blob/d819bad196/test/hwtests/oamdma/oamdma_srcEF00_busypop7FFF_dmg08_out657665AA_cgb04c_outFFFFFFAA.asm,29041f012a90f8e96c33c5398e795c7944e273de3249ef819575688d110d8285,,0f 40 41 43 45 46 47 68 69 ff,48 100 200 150 7000 7400,Static source audit; unresolved timing/behavior unless described in review notes
oamdma/oamdma_srcEF00_busypop9FFF_2_dmg08_out65765576_cgb04c_outFFFF55FF.gbc,FAILED,FAILED,FAILED,65765576 / FFFF55FF,https://github.com/pokemon-speedrunning/gambatte-core/blob/d819bad196/test/hwtests/oamdma/oamdma_srcEF00_busypop9FFF_2_dmg08_out65765576_cgb04c_outFFFF55FF.asm,d0b8659ae7bd23bbbc9369efe02f2a8799a561342f57b3027f710703010c2754,,0f 40 41 43 45 46 47 68 69 ff,48 100 200 150 7000 7400,Static source audit; unresolved timing/behavior unless described in review notes
oamdma/oamdma_srcEF00_busypop9FFF_dmg08_out65765576_cgb04c_outFFFF55FF.gbc,FAILED,FAILED,FAILED,65765576 / FFFF55FF,https://github.com/pokemon-speedrunning/gambatte-core/blob/d819bad196/test/hwtests/oamdma/oamdma_srcEF00_busypop9FFF_dmg08_out65765576_cgb04c_outFFFF55FF.asm,cf81253e023cda969e05a1701d4be08ad00af72aa6e841066ee5f1486de54c3b,,0f 40 41 43 45 46 47 68 69 ff,48 100 200 150 7000 7400,Static source audit; unresolved timing/behavior unless described in review notes
oamdma/oamdma_srcEF00_busypopBFFF_2_dmg08_out65766576_cgb04c_outFFFFFFAA.gbc,FAILED,FAILED,FAILED,65766576 / FFFFFFAA,https://github.com/pokemon-speedrunning/gambatte-core/blob/d819bad196/test/hwtests/oamdma/oamdma_srcEF00_busypopBFFF_2_dmg08_out65766576_cgb04c_outFFFFFFAA.asm,61e938a1ee8fb5091b5eaf8d0ff8d27a412ae124d3699801d1811ef9da1ca033,,0f 40 41 43 45 46 47 68 69 ff,48 100 200 150 7000 7400,Static source audit; unresolved timing/behavior unless described in review notes
oamdma/oamdma_srcEF00_busypopBFFF_dmg08_out65766576_cgb04c_outFFFFFFAA.gbc,FAILED,FAILED,FAILED,65766576 / FFFFFFAA,https://github.com/pokemon-speedrunning/gambatte-core/blob/d819bad196/test/hwtests/oamdma/oamdma_srcEF00_busypopBFFF_dmg08_out65766576_cgb04c_outFFFFFFAA.asm,f4ad34b392aa438edfab07923aa9df4940ddedcff1eab77de535b02d7ff68b25,,0f 40 41 43 45 46 47 68 69 ff,48 100 200 150 7000 7400,Static source audit; unresolved timing/behavior unless described in review notes
oamdma/oamdma_srcEF00_busypopDFFF_dmg08_out65766576_cgb04c_outFFFF55AA.gbc,FAILED,FAILED,FAILED,65766576 / FFFF55AA,https://github.com/pokemon-speedrunning/gambatte-core/blob/d819bad196/test/hwtests/oamdma/oamdma_srcEF00_busypopDFFF_dmg08_out65766576_cgb04c_outFFFF55AA.asm,8ab430913fdd61e9386499f7f7f8fd335d59f4b3625f918d54cb1cd7d6bd3948,,0f 40 41 43 45 46 47 68 69 70 ff,48 100 200 150 7000 7400,Static source audit; unresolved timing/behavior unless described in review notes
oamdma/oamdma_srcEF00_busypopEFFF_dmg08_out65766576_cgb04c_outFFFF55AA.gbc,FAILED,FAILED,FAILED,65766576 / FFFF55AA,https://github.com/pokemon-speedrunning/gambatte-core/blob/d819bad196/test/hwtests/oamdma/oamdma_srcEF00_busypopEFFF_dmg08_out65766576_cgb04c_outFFFF55AA.asm,4d3fcb48f94b0bd32ce366048aa4160a3cfb05c12460944eefe233a9801d3bd9,,0f 40 41 43 45 46 47 68 69 70 ff,48 100 200 150 7000 7400,Static source audit; unresolved timing/behavior unless described in review notes
oamdma/oamdma_srcEF00_busypopFDFF_dmg08_out657665FF_cgb04c_outFFFF55FF.gbc,FAILED,FAILED,FAILED,657665FF / FFFF55FF,https://github.com/pokemon-speedrunning/gambatte-core/blob/d819bad196/test/hwtests/oamdma/oamdma_srcEF00_busypopFDFF_dmg08_out657665FF_cgb04c_outFFFF55FF.asm,a06cf80226d443ce2e7e4aa485a97473b02ea962f5be5703349a9d6a24cf9452,,0f 40 41 43 45 46 47 68 69 ff,48 100 200 150 7000 7400,Static source audit; unresolved timing/behavior unless described in review notes
oamdma/oamdma_srcEF00_busypopFE9F_dmg08_out6576FFFF_cgb04c_outFFFFFFFF.gbc,FAILED,FAILED,FAILED,6576FFFF / FFFFFFFF,https://github.com/pokemon-speedrunning/gambatte-core/blob/d819bad196/test/hwtests/oamdma/oamdma_srcEF00_busypopFE9F_dmg08_out6576FFFF_cgb04c_outFFFFFFFF.asm,2477a064397d67139711abc8c0ece52cb2836f225f7d01955f1dd750f31986f9,,0f 40 41 43 45 46 47 68 69 ff,48 100 200 150 7000 7400,Static source audit; unresolved timing/behavior unless described in review notes
oamdma/oamdma_srcEF00_busypopFEFF_dmg08_out6576FFEF_cgb04c_outFFFFFFEF.gbc,FAILED,FAILED,FAILED,6576FFEF / FFFFFFEF,https://github.com/pokemon-speedrunning/gambatte-core/blob/d819bad196/test/hwtests/oamdma/oamdma_srcEF00_busypopFEFF_dmg08_out6576FFEF_cgb04c_outFFFFFFEF.asm,5b26a6cfa9578f2a0f13c97f1661f568320c7e8c49882b4464c9c9bb34db6003,,0f 40 41 43 45 46 47 68 69 ff,48 100 200 150 7000 7400,Static source audit; unresolved timing/behavior unless described in review notes
oamdma/oamdma_srcEF00_busypopFF7F_dmg08_out6576FFAA_cgb04c_outFFFFFFAA.gbc,FAILED,FAILED,FAILED,6576FFAA / FFFFFFAA,https://github.com/pokemon-speedrunning/gambatte-core/blob/d819bad196/test/hwtests/oamdma/oamdma_srcEF00_busypopFF7F_dmg08_out6576FFAA_cgb04c_outFFFFFFAA.asm,153ff30562e025ebe8915c92dc8bab13702cacf58c3e55ee368174e0691d2d2f,,0f 40 41 43 45 46 47 68 69 ff,48 100 200 150 7000 7400,Static source audit; unresolved timing/behavior unless described in review notes
oamdma/oamdma_srcEF00_busypopFFFF_dmg08_out65765576_cgb04c_outFFFF55FF.gbc,FAILED,FAILED,FAILED,65765576 / FFFF55FF,https://github.com/pokemon-speedrunning/gambatte-core/blob/d819bad196/test/hwtests/oamdma/oamdma_srcEF00_busypopFFFF_dmg08_out65765576_cgb04c_outFFFF55FF.asm,ffa4dbce702678e85740fc509f4d4e82d6958fdb2c977ee4f30a7b5effb25738,,0f 40 41 43 45 46 47 68 69 ff,48 100 200 150 7000 7400,Static source audit; unresolved timing/behavior unless described in review notes
oamdma/oamdma_srcEF00_busypush0001_dmg08_out4576AA34_cgb04c_out55FFAA34.gbc,FAILED,FAILED,FAILED,4576AA34 / 55FFAA34,https://github.com/pokemon-speedrunning/gambatte-core/blob/d819bad196/test/hwtests/oamdma/oamdma_srcEF00_busypush0001_dmg08_out4576AA34_cgb04c_out55FFAA34.asm,b45fb2adfe6fe65a6720b8532fb01d3c1bd07899ba553e58778186633d9e3e82,,0f 40 41 43 45 46 47 68 69 ff,48 100 200 150 7000 7400,Static source audit; unresolved timing/behavior unless described in review notes
oamdma/oamdma_srcEF00_busypush8001_dmg08_out65221255_cgb04c_outFFAA1255.gbc,FAILED,FAILED,FAILED,65221255 / FFAA1255,https://github.com/pokemon-speedrunning/gambatte-core/blob/d819bad196/test/hwtests/oamdma/oamdma_srcEF00_busypush8001_dmg08_out65221255_cgb04c_outFFAA1255.asm,564c1eac0c64d01a442be2c68e7240650bf957b35813fb9a7d28e2e534fa010a,,0f 40 41 43 45 46 47 68 69 ff,48 100 200 150 7000 7400,Static source audit; unresolved timing/behavior unless described in review notes
oamdma/oamdma_srcEF00_busypushA001_2_dmg08_out4576AAFF_cgb04c_out55FFAAFF.gbc,FAILED,FAILED,FAILED,4576AAFF / 55FFAAFF,https://github.com/pokemon-speedrunning/gambatte-core/blob/d819bad196/test/hwtests/oamdma/oamdma_srcEF00_busypushA001_2_dmg08_out4576AAFF_cgb04c_out55FFAAFF.asm,e2704a479fbb14b12a2897c1df2ee0a260a59d478dd8e82db70bba62b58621d3,,0f 40 41 43 45 46 47 68 69 ff,48 100 200 150 7000 7400,Static source audit; unresolved timing/behavior unless described in review notes
oamdma/oamdma_srcEF00_busypushA001_dmg08_out4576AA34_cgb04c_out55FFAA34.gbc,FAILED,FAILED,FAILED,4576AA34 / 55FFAA34,https://github.com/pokemon-speedrunning/gambatte-core/blob/d819bad196/test/hwtests/oamdma/oamdma_srcEF00_busypushA001_dmg08_out4576AA34_cgb04c_out55FFAA34.asm,026149763ed53e04833ad9193bd8fad8729c9bac40b2e8b7e81f8f5d76ceb08b,,0f 40 41 43 45 46 47 68 69 ff,48 100 200 150 7000 7400,Static source audit; unresolved timing/behavior unless described in review notes
oamdma/oamdma_srcEF00_busypushC001_2_dmg08_out4522FF34_cgb04c_outFFAAFF55.gbc,FAILED,FAILED,FAILED,4522FF34 / FFAAFF55,https://github.com/pokemon-speedrunning/gambatte-core/blob/d819bad196/test/hwtests/oamdma/oamdma_srcEF00_busypushC001_2_dmg08_out4522FF34_cgb04c_outFFAAFF55.asm,1e3186ee837316ebbef0eaba4f0526a16a69455f6835f9905d58956bc402929c,,0f 40 41 43 45 46 47 68 69 ff,48 100 200 150 7000 7400,Static source audit; unresolved timing/behavior unless described in review notes
oamdma/oamdma_srcEF00_busypushC001_dmg08_out45221234_cgb04c_outFFAA1255.gbc,FAILED,FAILED,FAILED,45221234 / FFAA1255,https://github.com/pokemon-speedrunning/gambatte-core/blob/d819bad196/test/hwtests/oamdma/oamdma_srcEF00_busypushC001_dmg08_out45221234_cgb04c_outFFAA1255.asm,7c5bb2f760ae08ac625bcaffcc6820b637cfcf82bc0f1ae7991d225a4c7d9a03,,0f 40 41 43 45 46 47 68 69 ff,48 100 200 150 7000 7400,Static source audit; unresolved timing/behavior unless described in review notes
oamdma/oamdma_srcEF00_busypushE001_dmg08_out45221234_cgb04c_outFFFFAA55.gbc,FAILED,FAILED,FAILED,45221234 / FFFFAA55,https://github.com/pokemon-speedrunning/gambatte-core/blob/d819bad196/test/hwtests/oamdma/oamdma_srcEF00_busypushE001_dmg08_out45221234_cgb04c_outFFFFAA55.asm,160c20da2d8ac7b804a4a5ebcfed4ecd73d9d219e2e2fa77e340d378a8c9d3c0,,0f 40 41 43 45 46 47 68 69 70 ff,48 100 200 150 7000 7400,Static source audit; unresolved timing/behavior unless described in review notes
oamdma/oamdma_srcEF00_busypushF001_dmg08_out45221234_cgb04c_outFFFFAA55.gbc,FAILED,FAILED,FAILED,45221234 / FFFFAA55,https://github.com/pokemon-speedrunning/gambatte-core/blob/d819bad196/test/hwtests/oamdma/oamdma_srcEF00_busypushF001_dmg08_out45221234_cgb04c_outFFFFAA55.asm,1422b9ac940434e04d39893fb09ad0c56dafef877d8b781e1713d0825daafc3b,,0f 40 41 43 45 46 47 68 69 70 ff,48 100 200 150 7000 7400,Static source audit; unresolved timing/behavior unless described in review notes
oamdma/oamdma_srcEF00_busypushFE01_dmg08_out65221298_cgb04c_outFFFFAAFF.gbc,FAILED,FAILED,FAILED,65221298 / FFFFAAFF,https://github.com/pokemon-speedrunning/gambatte-core/blob/d819bad196/test/hwtests/oamdma/oamdma_srcEF00_busypushFE01_dmg08_out65221298_cgb04c_outFFFFAAFF.asm,94b7afa97eeb1909de5b0c8de08192367f6a1bbd1772b2d14a4bd66f5b33b918,,0f 40 41 43 45 46 47 68 69 70 ff,48 100 200 150 7000 7400,Static source audit; unresolved timing/behavior unless described in review notes
oamdma/oamdma_srcEF00_busypushFEA1_dmg08_out65768700_cgb04c_outFFFFFF34.gbc,FAILED,FAILED,FAILED,65768700 / FFFFFF34,https://github.com/pokemon-speedrunning/gambatte-core/blob/d819bad196/test/hwtests/oamdma/oamdma_srcEF00_busypushFEA1_dmg08_out65768700_cgb04c_outFFFFFF34.asm,0c7b13ca661d1752ef2c0c84d000463ce2234ce163b027574d8714d3f74d05c5,,0f 40 41 43 45 46 47 68 69 ff,48 100 200 150 7000 7400,Static source audit; unresolved timing/behavior unless described in review notes
oamdma/oamdma_srcEF00_busypushFF01_dmg08_out657600DF_cgb04c_outFFFF12DF.gbc,FAILED,FAILED,FAILED,657600DF / FFFF12DF,https://github.com/pokemon-speedrunning/gambatte-core/blob/d819bad196/test/hwtests/oamdma/oamdma_srcEF00_busypushFF01_dmg08_out657600DF_cgb04c_outFFFF12DF.asm,9343a11a546a16d6372374d62d82aa43fd602f4d3729bf7b44c1c10cef3f71ca,,0f 40 41 43 45 46 47 68 69 ff,48 100 200 150 7000 7400,Static source audit; unresolved timing/behavior unless described in review notes
oamdma/oamdma_srcEF00_busypushFF81_dmg08_out6576FF55_cgb04c_outFFFFFF55.gbc,FAILED,FAILED,FAILED,6576FF55 / FFFFFF55,https://github.com/pokemon-speedrunning/gambatte-core/blob/d819bad196/test/hwtests/oamdma/oamdma_srcEF00_busypushFF81_dmg08_out6576FF55_cgb04c_outFFFFFF55.asm,c852bda13a02a7b237b6095bee55a90cdcfa3222f0b01f9db4d6480433879d94,,0f 40 41 43 45 46 47 68 69 ff,48 100 200 150 7000 7400,Static source audit; unresolved timing/behavior unless described in review notes
oamdma/oamdma_srcF000_busypop7FFF_dmg08_out657665AA_cgb04c_outFFFFFFAA.gbc,FAILED,FAILED,FAILED,657665AA / FFFFFFAA,https://github.com/pokemon-speedrunning/gambatte-core/blob/d819bad196/test/hwtests/oamdma/oamdma_srcF000_busypop7FFF_dmg08_out657665AA_cgb04c_outFFFFFFAA.asm,5a13b1ccbd2ae9f0e0921a0e1c28e8d528963592e017a524f9966334ce2ab15f,,0f 40 41 43 45 46 47 68 69 ff,48 100 200 150 7000 7400,Static source audit; unresolved timing/behavior unless described in review notes
oamdma/oamdma_srcF000_busypop9FFF_2_dmg08_out65765576_cgb04c_outFFFF55FF.gbc,FAILED,FAILED,FAILED,65765576 / FFFF55FF,https://github.com/pokemon-speedrunning/gambatte-core/blob/d819bad196/test/hwtests/oamdma/oamdma_srcF000_busypop9FFF_2_dmg08_out65765576_cgb04c_outFFFF55FF.asm,e9a583dd2abe5adce9ae8ac2ccde84ec465dca5b27f68df27eefc691c11604a4,,0f 40 41 43 45 46 47 68 69 ff,48 100 200 150 7000 7400,Static source audit; unresolved timing/behavior unless described in review notes
oamdma/oamdma_srcF000_busypop9FFF_dmg08_out65765576_cgb04c_outFFFF55FF.gbc,FAILED,FAILED,FAILED,65765576 / FFFF55FF,https://github.com/pokemon-speedrunning/gambatte-core/blob/d819bad196/test/hwtests/oamdma/oamdma_srcF000_busypop9FFF_dmg08_out65765576_cgb04c_outFFFF55FF.asm,f30149531b87225a8b5071444c2b5d66e2ced2114bb465ec634c3e239d6a9f97,,0f 40 41 43 45 46 47 68 69 ff,48 100 200 150 7000 7400,Static source audit; unresolved timing/behavior unless described in review notes
oamdma/oamdma_srcF000_busypopBFFF_2_dmg08_out65766576_cgb04c_outFFFFFFAA.gbc,FAILED,FAILED,FAILED,65766576 / FFFFFFAA,https://github.com/pokemon-speedrunning/gambatte-core/blob/d819bad196/test/hwtests/oamdma/oamdma_srcF000_busypopBFFF_2_dmg08_out65766576_cgb04c_outFFFFFFAA.asm,1483b50001bff19367e2d26019d49c3e248af7ace4272a4155f78c1ac35b8420,,0f 40 41 43 45 46 47 68 69 ff,48 100 200 150 7000 7400,Static source audit; unresolved timing/behavior unless described in review notes
oamdma/oamdma_srcF000_busypopBFFF_dmg08_out65766576_cgb04c_outFFFFFFAA.gbc,FAILED,FAILED,FAILED,65766576 / FFFFFFAA,https://github.com/pokemon-speedrunning/gambatte-core/blob/d819bad196/test/hwtests/oamdma/oamdma_srcF000_busypopBFFF_dmg08_out65766576_cgb04c_outFFFFFFAA.asm,b0139e6e15b21de40a467efbe91c38e09af9cb751fc69623f845e173090acdce,,0f 40 41 43 45 46 47 68 69 ff,48 100 200 150 7000 7400,Static source audit; unresolved timing/behavior unless described in review notes
oamdma/oamdma_srcF000_busypopDFFF_dmg08_out65766576_cgb04c_outFFFF55AA.gbc,FAILED,FAILED,FAILED,65766576 / FFFF55AA,https://github.com/pokemon-speedrunning/gambatte-core/blob/d819bad196/test/hwtests/oamdma/oamdma_srcF000_busypopDFFF_dmg08_out65766576_cgb04c_outFFFF55AA.asm,8b965281871f53dd2cb89de3b1892a97c9018ea6ac4918c5f88749a988749d6e,,0f 40 41 43 45 46 47 68 69 70 ff,48 100 200 150 7000 7400,Static source audit; unresolved timing/behavior unless described in review notes
oamdma/oamdma_srcF000_busypopEFFF_dmg08_out65766576_cgb04c_outFFFF55AA.gbc,FAILED,FAILED,FAILED,65766576 / FFFF55AA,https://github.com/pokemon-speedrunning/gambatte-core/blob/d819bad196/test/hwtests/oamdma/oamdma_srcF000_busypopEFFF_dmg08_out65766576_cgb04c_outFFFF55AA.asm,0b051d8c3144f9aa6eb0ee5ee35a13028b67b90ceadc1a7f1484b967b1a2a882,,0f 40 41 43 45 46 47 68 69 70 ff,48 100 200 150 7000 7400,Static source audit; unresolved timing/behavior unless described in review notes
oamdma/oamdma_srcF000_busypopFDFF_dmg08_out657665FF_cgb04c_outFFFF55FF.gbc,FAILED,FAILED,FAILED,657665FF / FFFF55FF,https://github.com/pokemon-speedrunning/gambatte-core/blob/d819bad196/test/hwtests/oamdma/oamdma_srcF000_busypopFDFF_dmg08_out657665FF_cgb04c_outFFFF55FF.asm,8021d4eb2478838458f587c741372ebc4cf5557110d22671bb1d5a0c8797a9ca,,0f 40 41 43 45 46 47 68 69 ff,48 100 200 150 7000 7400,Static source audit; unresolved timing/behavior unless described in review notes
oamdma/oamdma_srcF000_busypopFE9F_dmg08_out6576FFFF_cgb04c_outFFFFFFFF.gbc,FAILED,FAILED,FAILED,6576FFFF / FFFFFFFF,https://github.com/pokemon-speedrunning/gambatte-core/blob/d819bad196/test/hwtests/oamdma/oamdma_srcF000_busypopFE9F_dmg08_out6576FFFF_cgb04c_outFFFFFFFF.asm,b4be43ffbc4b9926ef9cd8f2db57d7837b2a54f4900040ca0f9b2ac3e28ca26e,,0f 40 41 43 45 46 47 68 69 ff,48 100 200 150 7000 7400,Static source audit; unresolved timing/behavior unless described in review notes
oamdma/oamdma_srcF000_busypopFEFF_dmg08_out6576FFEF_cgb04c_outFFFFFFEF.gbc,FAILED,FAILED,FAILED,6576FFEF / FFFFFFEF,https://github.com/pokemon-speedrunning/gambatte-core/blob/d819bad196/test/hwtests/oamdma/oamdma_srcF000_busypopFEFF_dmg08_out6576FFEF_cgb04c_outFFFFFFEF.asm,cd687203e4b279da97e808644c4b3b05dd3f369c3ebe48463014b304f99f9563,,0f 40 41 43 45 46 47 68 69 ff,48 100 200 150 7000 7400,Static source audit; unresolved timing/behavior unless described in review notes
oamdma/oamdma_srcF000_busypopFF7F_dmg08_out6576FFAA_cgb04c_outFFFFFFAA.gbc,FAILED,FAILED,FAILED,6576FFAA / FFFFFFAA,https://github.com/pokemon-speedrunning/gambatte-core/blob/d819bad196/test/hwtests/oamdma/oamdma_srcF000_busypopFF7F_dmg08_out6576FFAA_cgb04c_outFFFFFFAA.asm,4ab763d8262f308d0016527f414acad587e44b0101dd52a436e0902118c671ad,,0f 40 41 43 45 46 47 68 69 ff,48 100 200 150 7000 7400,Static source audit; unresolved timing/behavior unless described in review notes
oamdma/oamdma_srcF000_busypopFFFF_dmg08_out65765576_cgb04c_outFFFF55FF.gbc,FAILED,FAILED,FAILED,65765576 / FFFF55FF,https://github.com/pokemon-speedrunning/gambatte-core/blob/d819bad196/test/hwtests/oamdma/oamdma_srcF000_busypopFFFF_dmg08_out65765576_cgb04c_outFFFF55FF.asm,d8812f121f8663cf1608ef536a14726572a638585c6da3c3832f716bd71e611e,,0f 40 41 43 45 46 47 68 69 ff,48 100 200 150 7000 7400,Static source audit; unresolved timing/behavior unless described in review notes
oamdma/oamdma_srcF000_busypush0001_dmg08_out4576AA34_cgb04c_out55FFAA34.gbc,FAILED,FAILED,FAILED,4576AA34 / 55FFAA34,https://github.com/pokemon-speedrunning/gambatte-core/blob/d819bad196/test/hwtests/oamdma/oamdma_srcF000_busypush0001_dmg08_out4576AA34_cgb04c_out55FFAA34.asm,38a3550a08a3c4354a4e6582725417b85d44356b56534be1d851906f367cbb62,,0f 40 41 43 45 46 47 68 69 ff,48 100 200 150 7000 7400,Static source audit; unresolved timing/behavior unless described in review notes
oamdma/oamdma_srcF000_busypush8001_dmg08_out65221255_cgb04c_outFFAA1255.gbc,FAILED,FAILED,FAILED,65221255 / FFAA1255,https://github.com/pokemon-speedrunning/gambatte-core/blob/d819bad196/test/hwtests/oamdma/oamdma_srcF000_busypush8001_dmg08_out65221255_cgb04c_outFFAA1255.asm,54d9b5d6620615e983ff68ddb2ebd829caedfe699fc74b292e9fb0dfb24c8ff8,,0f 40 41 43 45 46 47 68 69 ff,48 100 200 150 7000 7400,Static source audit; unresolved timing/behavior unless described in review notes
oamdma/oamdma_srcF000_busypushA001_2_dmg08_out4576AAFF_cgb04c_out55FFAAFF.gbc,FAILED,FAILED,FAILED,4576AAFF / 55FFAAFF,https://github.com/pokemon-speedrunning/gambatte-core/blob/d819bad196/test/hwtests/oamdma/oamdma_srcF000_busypushA001_2_dmg08_out4576AAFF_cgb04c_out55FFAAFF.asm,304cc06919d8659efa8042febd9fef844b0cb465bf699a5172ab9a414049ba4a,,0f 40 41 43 45 46 47 68 69 ff,48 100 200 150 7000 7400,Static source audit; unresolved timing/behavior unless described in review notes
oamdma/oamdma_srcF000_busypushA001_dmg08_out4576AA34_cgb04c_out55FFAA34.gbc,FAILED,FAILED,FAILED,4576AA34 / 55FFAA34,https://github.com/pokemon-speedrunning/gambatte-core/blob/d819bad196/test/hwtests/oamdma/oamdma_srcF000_busypushA001_dmg08_out4576AA34_cgb04c_out55FFAA34.asm,b17b96422d0ab7c925b8cf337e28d8779916b398b28a207eb9932f2ff8d6ed6e,,0f 40 41 43 45 46 47 68 69 ff,48 100 200 150 7000 7400,Static source audit; unresolved timing/behavior unless described in review notes
oamdma/oamdma_srcF000_busypushC001_2_dmg08_out4522FF34_cgb04c_outFFAAFF55.gbc,FAILED,FAILED,FAILED,4522FF34 / FFAAFF55,https://github.com/pokemon-speedrunning/gambatte-core/blob/d819bad196/test/hwtests/oamdma/oamdma_srcF000_busypushC001_2_dmg08_out4522FF34_cgb04c_outFFAAFF55.asm,16db5926083a9e5da876a8f5c31e35e225f66b5a07ed9539fa07f880c937746f,,0f 40 41 43 45 46 47 68 69 70 ff,48 100 200 150 7000 7400,Static source audit; unresolved timing/behavior unless described in review notes
oamdma/oamdma_srcF000_busypushC001_dmg08_out45221234_cgb04c_outFFAA1255.gbc,FAILED,FAILED,FAILED,45221234 / FFAA1255,https://github.com/pokemon-speedrunning/gambatte-core/blob/d819bad196/test/hwtests/oamdma/oamdma_srcF000_busypushC001_dmg08_out45221234_cgb04c_outFFAA1255.asm,1ca51d550b28fcaff47afd3f0409dd4193eb8ed53a70dddb084f864db70875bc,,0f 40 41 43 45 46 47 68 69 70 ff,48 100 200 150 7000 7400,Static source audit; unresolved timing/behavior unless described in review notes
oamdma/oamdma_srcF000_busypushE001_dmg08_out45221234_cgb04c_outFFFFAA55.gbc,FAILED,FAILED,FAILED,45221234 / FFFFAA55,https://github.com/pokemon-speedrunning/gambatte-core/blob/d819bad196/test/hwtests/oamdma/oamdma_srcF000_busypushE001_dmg08_out45221234_cgb04c_outFFFFAA55.asm,19899cfbcc324de33b622f5dad0ff9599a5d9653f822a10d62abe319b804c749,,0f 40 41 43 45 46 47 68 69 70 ff,48 100 200 150 7000 7400,Static source audit; unresolved timing/behavior unless described in review notes
oamdma/oamdma_srcF000_busypushF001_dmg08_out45221234_cgb04c_outFFFFAA55.gbc,FAILED,FAILED,FAILED,45221234 / FFFFAA55,https://github.com/pokemon-speedrunning/gambatte-core/blob/d819bad196/test/hwtests/oamdma/oamdma_srcF000_busypushF001_dmg08_out45221234_cgb04c_outFFFFAA55.asm,a09d0d06c9f7d051ba9f6f1382751d7e01cfba64763cb4bba9a20d26ae5d27ba,,0f 40 41 43 45 46 47 68 69 70 ff,48 100 200 150 7000 7400,Static source audit; unresolved timing/behavior unless described in review notes
oamdma/oamdma_srcF000_busypushFE01_dmg08_out65221298_cgb04c_outFFFFAAFF.gbc,FAILED,FAILED,FAILED,65221298 / FFFFAAFF,https://github.com/pokemon-speedrunning/gambatte-core/blob/d819bad196/test/hwtests/oamdma/oamdma_srcF000_busypushFE01_dmg08_out65221298_cgb04c_outFFFFAAFF.asm,d6f7bb85e894eb1ab60f7229ad963c267af3d865a8345ffffc2c10046a2daede,,0f 40 41 43 45 46 47 68 69 ff,48 100 200 150 7000 7400,Static source audit; unresolved timing/behavior unless described in review notes
oamdma/oamdma_srcF000_busypushFEA1_dmg08_out65768700_cgb04c_outFFFFFF34.gbc,FAILED,FAILED,FAILED,65768700 / FFFFFF34,https://github.com/pokemon-speedrunning/gambatte-core/blob/d819bad196/test/hwtests/oamdma/oamdma_srcF000_busypushFEA1_dmg08_out65768700_cgb04c_outFFFFFF34.asm,7276919aab8ad8fedecd272767217b3a71c76d300ffe0e0137d8cf91c399a09e,,0f 40 41 43 45 46 47 68 69 ff,48 100 200 150 7000 7400,Static source audit; unresolved timing/behavior unless described in review notes
oamdma/oamdma_srcF000_busypushFF01_dmg08_out657600DF_cgb04c_outFFFF12DF.gbc,FAILED,FAILED,FAILED,657600DF / FFFF12DF,https://github.com/pokemon-speedrunning/gambatte-core/blob/d819bad196/test/hwtests/oamdma/oamdma_srcF000_busypushFF01_dmg08_out657600DF_cgb04c_outFFFF12DF.asm,a9ccc96f85fcd7b642a384fcd6793961b3eaf8e0832f24a464b8831e9811077c,,0f 40 41 43 45 46 47 68 69 ff,48 100 200 150 7000 7400,Static source audit; unresolved timing/behavior unless described in review notes
oamdma/oamdma_srcF000_busypushFF81_dmg08_out6576FF55_cgb04c_outFFFFFF55.gbc,FAILED,FAILED,FAILED,6576FF55 / FFFFFF55,https://github.com/pokemon-speedrunning/gambatte-core/blob/d819bad196/test/hwtests/oamdma/oamdma_srcF000_busypushFF81_dmg08_out6576FF55_cgb04c_outFFFFFF55.asm,a6ee690fe69017ed142d1d39fb6b6529e4060ef0e2c1f9cd50465c73b6ff10bf,,0f 40 41 43 45 46 47 68 69 ff,48 100 200 150 7000 7400,Static source audit; unresolved timing/behavior unless described in review notes
oamdma/oamdma_srcF000_busyread0000_1_dmg08_out9_cgb04c_out0.gbc,FAILED,FAILED,FAILED,9 / 0,https://github.com/pokemon-speedrunning/gambatte-core/blob/d819bad196/test/hwtests/oamdma/oamdma_srcF000_busyread0000_1_dmg08_out9_cgb04c_out0.asm,979fe59d05a9b7f90ecc07a7aee6e7745a91308785f9e49bafc72092117e3d0e,80,0f 40 41 43 45 47 68 69 ff,48 100 150 7000 7400,Static source audit; unresolved timing/behavior unless described in review notes
oamdma/oamdma_srcF000_busyread8000_dmg08_cgb04c_out3.gbc,FAILED,FAILED,FAILED,3,https://github.com/pokemon-speedrunning/gambatte-core/blob/d819bad196/test/hwtests/oamdma/oamdma_srcF000_busyread8000_dmg08_cgb04c_out3.asm,f79d267223bcfc513cc78abf046473f65d951cd9a94b1dd23ad94dd2c2f02037,80,0f 40 41 43 45 47 68 69 ff,48 100 150 7000 7400,Static source audit; unresolved timing/behavior unless described in review notes
oamdma/oamdma_srcF000_busyreadA000_dmg08_out6_cgb04c_out0.gbc,FAILED,FAILED,FAILED,6 / 0,https://github.com/pokemon-speedrunning/gambatte-core/blob/d819bad196/test/hwtests/oamdma/oamdma_srcF000_busyreadA000_dmg08_out6_cgb04c_out0.asm,ed877b16fc5acf5703ee379f91e4ca66dd0bafd24733cfc7511237c6a99620ad,80,0f 40 41 43 45 47 68 69 ff,48 100 150 7000 7400,Static source audit; unresolved timing/behavior unless described in review notes
oamdma/oamdma_srcF000_busyreadC000_dmg08_out6_cgb_xoutblank.gbc,FAILED,FAILED,FAILED,6,https://github.com/pokemon-speedrunning/gambatte-core/blob/d819bad196/test/hwtests/oamdma/oamdma_srcF000_busyreadC000_dmg08_out6_cgb_xoutblank.asm,18824d573e3b63dd7182cf895f5939b28254ea9ebbce55142ed217ca59e5d352,80,0f 40 41 43 45 47 68 69 ff,48 100 150 7000 7400,Static source audit; unresolved timing/behavior unless described in review notes
oamdma/oamdma_srcFD00_readFE00_dmg08_out2_cgb04c_out0.gbc,FAILED,FAILED,FAILED,2 / 0,https://github.com/pokemon-speedrunning/gambatte-core/blob/d819bad196/test/hwtests/oamdma/oamdma_srcFD00_readFE00_dmg08_out2_cgb04c_out0.asm,3024fac0145ed4facb041d8c2ecc69a1780558587d0758fda692578d48623116,80,0f 40 41 43 45 47 68 69 ff,48 100 150 7000 7400,Static source audit; unresolved timing/behavior unless described in review notes
oamdma/oamdma_srcFE00_busypop7FFF_dmg08_out657665AA_cgb04c_outFFFFFFAA.gbc,FAILED,FAILED,FAILED,657665AA / FFFFFFAA,https://github.com/pokemon-speedrunning/gambatte-core/blob/d819bad196/test/hwtests/oamdma/oamdma_srcFE00_busypop7FFF_dmg08_out657665AA_cgb04c_outFFFFFFAA.asm,3321a74dbdefc679cc54fb0890aabad3bfb403ea63fb90d9d38fc895504d1263,,0f 40 41 43 45 46 47 68 69 ff,48 100 200 150 7000 7400,Static source audit; unresolved timing/behavior unless described in review notes
oamdma/oamdma_srcFE00_busypop9FFF_2_dmg08_out65765576_cgb04c_outFFFF55FF.gbc,FAILED,FAILED,FAILED,65765576 / FFFF55FF,https://github.com/pokemon-speedrunning/gambatte-core/blob/d819bad196/test/hwtests/oamdma/oamdma_srcFE00_busypop9FFF_2_dmg08_out65765576_cgb04c_outFFFF55FF.asm,e55838facfbaa36e7af7e7834493eced74556c2b8e484319e612645679c11c5e,,0f 40 41 43 45 46 47 68 69 ff,48 100 200 150 7000 7400,Static source audit; unresolved timing/behavior unless described in review notes
oamdma/oamdma_srcFE00_busypop9FFF_dmg08_out65765576_cgb04c_outFFFF55FF.gbc,FAILED,FAILED,FAILED,65765576 / FFFF55FF,https://github.com/pokemon-speedrunning/gambatte-core/blob/d819bad196/test/hwtests/oamdma/oamdma_srcFE00_busypop9FFF_dmg08_out65765576_cgb04c_outFFFF55FF.asm,9545a154f8c553fbd89e3e84ce1f54419bdadab3d32befa70d162e3a6bfbcc66,,0f 40 41 43 45 46 47 68 69 ff,48 100 200 150 7000 7400,Static source audit; unresolved timing/behavior unless described in review notes
oamdma/oamdma_srcFE00_busypopBFFF_2_dmg08_out65766576_cgb04c_outFFFFFFAA.gbc,FAILED,FAILED,FAILED,65766576 / FFFFFFAA,https://github.com/pokemon-speedrunning/gambatte-core/blob/d819bad196/test/hwtests/oamdma/oamdma_srcFE00_busypopBFFF_2_dmg08_out65766576_cgb04c_outFFFFFFAA.asm,0c63051889d2989fc771429d1a83efc083f8fe7aecd061dfecec7e714de58ee9,,0f 40 41 43 45 46 47 68 69 ff,48 100 200 150 7000 7400,Static source audit; unresolved timing/behavior unless described in review notes
oamdma/oamdma_srcFE00_busypopBFFF_dmg08_out65766576_cgb04c_outFFFFFFAA.gbc,FAILED,FAILED,FAILED,65766576 / FFFFFFAA,https://github.com/pokemon-speedrunning/gambatte-core/blob/d819bad196/test/hwtests/oamdma/oamdma_srcFE00_busypopBFFF_dmg08_out65766576_cgb04c_outFFFFFFAA.asm,740af82df94e4200a161ed9d33a7d6efc1e5faa1a90fd0f5f05a87ccf9a895e4,,0f 40 41 43 45 46 47 68 69 ff,48 100 200 150 7000 7400,Static source audit; unresolved timing/behavior unless described in review notes
oamdma/oamdma_srcFE00_busypopDFFF_dmg08_out65766576_cgb04c_outFFFF55AA.gbc,FAILED,FAILED,FAILED,65766576 / FFFF55AA,https://github.com/pokemon-speedrunning/gambatte-core/blob/d819bad196/test/hwtests/oamdma/oamdma_srcFE00_busypopDFFF_dmg08_out65766576_cgb04c_outFFFF55AA.asm,a2813cc75f771769f96d670d91662bd0a20698f9b088aa6179e398ca748b707f,,0f 40 41 43 45 46 47 68 69 70 ff,48 100 200 150 7000 7400,Static source audit; unresolved timing/behavior unless described in review notes
oamdma/oamdma_srcFE00_busypopEFFF_dmg08_out65766576_cgb04c_outFFFF55AA.gbc,FAILED,FAILED,FAILED,65766576 / FFFF55AA,https://github.com/pokemon-speedrunning/gambatte-core/blob/d819bad196/test/hwtests/oamdma/oamdma_srcFE00_busypopEFFF_dmg08_out65766576_cgb04c_outFFFF55AA.asm,ea73a05eb5c1ab1f4c9b10d6e7913ba1977fb24b01d2107672325e01e4662e6a,,0f 40 41 43 45 46 47 68 69 70 ff,48 100 200 150 7000 7400,Static source audit; unresolved timing/behavior unless described in review notes
oamdma/oamdma_srcFE00_busypopFDFF_dmg08_out657665FF_cgb04c_outFFFF55FF.gbc,FAILED,FAILED,FAILED,657665FF / FFFF55FF,https://github.com/pokemon-speedrunning/gambatte-core/blob/d819bad196/test/hwtests/oamdma/oamdma_srcFE00_busypopFDFF_dmg08_out657665FF_cgb04c_outFFFF55FF.asm,654d1b3602a5761466f75870e1b7dc94a5a3b240e1c8caf7e9b16a6543604821,,0f 40 41 43 45 46 47 68 69 ff,48 100 200 150 7000 7400,Static source audit; unresolved timing/behavior unless described in review notes
oamdma/oamdma_srcFE00_busypopFE9F_dmg08_out6576FFFF_cgb04c_outFFFFFFFF.gbc,FAILED,FAILED,FAILED,6576FFFF / FFFFFFFF,https://github.com/pokemon-speedrunning/gambatte-core/blob/d819bad196/test/hwtests/oamdma/oamdma_srcFE00_busypopFE9F_dmg08_out6576FFFF_cgb04c_outFFFFFFFF.asm,0378e2635696ccdec5f4e60ad05144906d3d4b3f547166c6e1527d23a3dd8a15,,0f 40 41 43 45 46 47 68 69 ff,48 100 200 150 7000 7400,Static source audit; unresolved timing/behavior unless described in review notes
oamdma/oamdma_srcFE00_busypopFEFF_dmg08_out6576FFEF_cgb04c_outFFFFFFEF.gbc,FAILED,FAILED,FAILED,6576FFEF / FFFFFFEF,https://github.com/pokemon-speedrunning/gambatte-core/blob/d819bad196/test/hwtests/oamdma/oamdma_srcFE00_busypopFEFF_dmg08_out6576FFEF_cgb04c_outFFFFFFEF.asm,6443cc2ab0a6ba09d310688f339f876ec6cb7a117f6853f0217c6c297d989335,,0f 40 41 43 45 46 47 68 69 ff,48 100 200 150 7000 7400,Static source audit; unresolved timing/behavior unless described in review notes
oamdma/oamdma_srcFE00_busypopFF7F_dmg08_out6576FFAA_cgb04c_outFFFFFFAA.gbc,FAILED,FAILED,FAILED,6576FFAA / FFFFFFAA,https://github.com/pokemon-speedrunning/gambatte-core/blob/d819bad196/test/hwtests/oamdma/oamdma_srcFE00_busypopFF7F_dmg08_out6576FFAA_cgb04c_outFFFFFFAA.asm,e39780031ef4ba2c05df88a16bc10924bac82c612d5c4702f29afdf098879f97,,0f 40 41 43 45 46 47 68 69 ff,48 100 200 150 7000 7400,Static source audit; unresolved timing/behavior unless described in review notes
oamdma/oamdma_srcFE00_busypopFFFF_dmg08_out65765576_cgb04c_outFFFF55FF.gbc,FAILED,FAILED,FAILED,65765576 / FFFF55FF,https://github.com/pokemon-speedrunning/gambatte-core/blob/d819bad196/test/hwtests/oamdma/oamdma_srcFE00_busypopFFFF_dmg08_out65765576_cgb04c_outFFFF55FF.asm,16b90aa045bbe052bff43c6a75b6af3bb1355be13ade1ff9cf7c840d3907221f,,0f 40 41 43 45 46 47 68 69 ff,48 100 200 150 7000 7400,Static source audit; unresolved timing/behavior unless described in review notes
oamdma/oamdma_srcFE00_busypush0001_dmg08_out4576AA34_cgb04c_out55FFAA34.gbc,FAILED,FAILED,FAILED,4576AA34 / 55FFAA34,https://github.com/pokemon-speedrunning/gambatte-core/blob/d819bad196/test/hwtests/oamdma/oamdma_srcFE00_busypush0001_dmg08_out4576AA34_cgb04c_out55FFAA34.asm,760518ba9b438dd1de8195fee15719530d59dfd710035ccb1d3a7d0bbb8b9979,,0f 40 41 43 45 46 47 68 69 ff,48 100 200 150 7000 7400,Static source audit; unresolved timing/behavior unless described in review notes
oamdma/oamdma_srcFE00_busypush8001_dmg08_out65221255_cgb04c_outFFAA1255.gbc,FAILED,FAILED,FAILED,65221255 / FFAA1255,https://github.com/pokemon-speedrunning/gambatte-core/blob/d819bad196/test/hwtests/oamdma/oamdma_srcFE00_busypush8001_dmg08_out65221255_cgb04c_outFFAA1255.asm,db4ff5caed30181feb179f03801275d0b263fa1b2341f3d42050becada0e0bd1,,0f 40 41 43 45 46 47 68 69 ff,48 100 200 150 7000 7400,Static source audit; unresolved timing/behavior unless described in review notes
oamdma/oamdma_srcFE00_busypushA001_2_dmg08_out4576AAFF_cgb04c_out55FFAAFF.gbc,FAILED,FAILED,FAILED,4576AAFF / 55FFAAFF,https://github.com/pokemon-speedrunning/gambatte-core/blob/d819bad196/test/hwtests/oamdma/oamdma_srcFE00_busypushA001_2_dmg08_out4576AAFF_cgb04c_out55FFAAFF.asm,eef7d94c61606a9ee0576ebeccd94b6eaeae7676e1ebb0750846416f25224918,,0f 40 41 43 45 46 47 68 69 ff,48 100 200 150 7000 7400,Static source audit; unresolved timing/behavior unless described in review notes
oamdma/oamdma_srcFE00_busypushA001_dmg08_out4576AA34_cgb04c_out55FFAA34.gbc,FAILED,FAILED,FAILED,4576AA34 / 55FFAA34,https://github.com/pokemon-speedrunning/gambatte-core/blob/d819bad196/test/hwtests/oamdma/oamdma_srcFE00_busypushA001_dmg08_out4576AA34_cgb04c_out55FFAA34.asm,417f1e96aa8b24a09ee43b0d399f4325f5074c87165dc7337394eef74ff1b84e,,0f 40 41 43 45 46 47 68 69 ff,48 100 200 150 7000 7400,Static source audit; unresolved timing/behavior unless described in review notes
oamdma/oamdma_srcFE00_busypushC001_2_dmg08_out4522FF34_cgb04c_outFFAAFF55.gbc,FAILED,FAILED,FAILED,4522FF34 / FFAAFF55,https://github.com/pokemon-speedrunning/gambatte-core/blob/d819bad196/test/hwtests/oamdma/oamdma_srcFE00_busypushC001_2_dmg08_out4522FF34_cgb04c_outFFAAFF55.asm,1366db57b38e98978df568f7f7a80549ca5b5602efa6d9791b7f6c58c7058500,,0f 40 41 43 45 46 47 68 69 70 ff,48 100 200 150 7000 7400,Static source audit; unresolved timing/behavior unless described in review notes
oamdma/oamdma_srcFE00_busypushC001_dmg08_out45221234_cgb04c_outFFAA1255.gbc,FAILED,FAILED,FAILED,45221234 / FFAA1255,https://github.com/pokemon-speedrunning/gambatte-core/blob/d819bad196/test/hwtests/oamdma/oamdma_srcFE00_busypushC001_dmg08_out45221234_cgb04c_outFFAA1255.asm,0bcb0c973632348fdfa91274a19af0b787e2d65164480b0777deb5a5ca173c0f,,0f 40 41 43 45 46 47 68 69 70 ff,48 100 200 150 7000 7400,Static source audit; unresolved timing/behavior unless described in review notes
oamdma/oamdma_srcFE00_busypushE001_dmg08_out45221234_cgb04c_outFFFFAA55.gbc,FAILED,FAILED,FAILED,45221234 / FFFFAA55,https://github.com/pokemon-speedrunning/gambatte-core/blob/d819bad196/test/hwtests/oamdma/oamdma_srcFE00_busypushE001_dmg08_out45221234_cgb04c_outFFFFAA55.asm,73f616ebb0c33d05299b30ffdade12d01c7285bd1bfe22cd384f02b254500dd1,,0f 40 41 43 45 46 47 68 69 70 ff,48 100 200 150 7000 7400,Static source audit; unresolved timing/behavior unless described in review notes
oamdma/oamdma_srcFE00_busypushF001_dmg08_out45221234_cgb04c_outFFFFAA55.gbc,FAILED,FAILED,FAILED,45221234 / FFFFAA55,https://github.com/pokemon-speedrunning/gambatte-core/blob/d819bad196/test/hwtests/oamdma/oamdma_srcFE00_busypushF001_dmg08_out45221234_cgb04c_outFFFFAA55.asm,086ce5ba5767254a25b4bf04dae375a27a10cad4b52f5314c22c8adbcb53d424,,0f 40 41 43 45 46 47 68 69 70 ff,48 100 200 150 7000 7400,Static source audit; unresolved timing/behavior unless described in review notes
oamdma/oamdma_srcFE00_busypushFE01_dmg08_out65221298_cgb04c_outFFFFAAFF.gbc,FAILED,FAILED,FAILED,65221298 / FFFFAAFF,https://github.com/pokemon-speedrunning/gambatte-core/blob/d819bad196/test/hwtests/oamdma/oamdma_srcFE00_busypushFE01_dmg08_out65221298_cgb04c_outFFFFAAFF.asm,23a102f46d22a4ffa97b6c81b351e6c7b54ce5de71aecc7e28c57be341945fc2,,0f 40 41 43 45 46 47 68 69 ff,48 100 200 150 7000 7400,Static source audit; unresolved timing/behavior unless described in review notes
oamdma/oamdma_srcFE00_busypushFEA1_dmg08_out65768700_cgb04c_outFFFFFF34.gbc,FAILED,FAILED,FAILED,65768700 / FFFFFF34,https://github.com/pokemon-speedrunning/gambatte-core/blob/d819bad196/test/hwtests/oamdma/oamdma_srcFE00_busypushFEA1_dmg08_out65768700_cgb04c_outFFFFFF34.asm,2b6d91bcfa3d3fdb48af722cad8853373e380656caeab69a47310082d2469d21,,0f 40 41 43 45 46 47 68 69 ff,48 100 200 150 7000 7400,Static source audit; unresolved timing/behavior unless described in review notes
oamdma/oamdma_srcFE00_busypushFF01_dmg08_out657600DF_cgb04c_outFFFF12DF.gbc,FAILED,FAILED,FAILED,657600DF / FFFF12DF,https://github.com/pokemon-speedrunning/gambatte-core/blob/d819bad196/test/hwtests/oamdma/oamdma_srcFE00_busypushFF01_dmg08_out657600DF_cgb04c_outFFFF12DF.asm,73ee6f24fe93fe65f0dd0dcbda1251d52ac595e5f925dc76be8bc59fb0c38ddb,,0f 40 41 43 45 46 47 68 69 ff,48 100 200 150 7000 7400,Static source audit; unresolved timing/behavior unless described in review notes
oamdma/oamdma_srcFE00_busypushFF81_dmg08_out6576FF55_cgb04c_outFFFFFF55.gbc,FAILED,FAILED,FAILED,6576FF55 / FFFFFF55,https://github.com/pokemon-speedrunning/gambatte-core/blob/d819bad196/test/hwtests/oamdma/oamdma_srcFE00_busypushFF81_dmg08_out6576FF55_cgb04c_outFFFFFF55.asm,c33fcd1d57c73957e9662d64e8574cb79091bf49d45be7a7e07193e35f77d067,,0f 40 41 43 45 46 47 68 69 ff,48 100 200 150 7000 7400,Static source audit; unresolved timing/behavior unless described in review notes
oamdma/oamdma_srcFE00_busyread0000_dmg08_cgb04c_out0.gbc,FAILED,FAILED,FAILED,0,https://github.com/pokemon-speedrunning/gambatte-core/blob/d819bad196/test/hwtests/oamdma/oamdma_srcFE00_busyread0000_dmg08_cgb04c_out0.asm,1e2899cae86bca96da15a058b390317afaf5c1363ba4937c40053dd664c2612a,80,0f 40 41 43 45 47 68 69 ff,48 100 150 7000 7400,Static source audit; unresolved timing/behavior unless described in review notes
oamdma/oamdma_srcFE00_busyread8000_dmg08_cgb04c_out3.gbc,FAILED,FAILED,FAILED,3,https://github.com/pokemon-speedrunning/gambatte-core/blob/d819bad196/test/hwtests/oamdma/oamdma_srcFE00_busyread8000_dmg08_cgb04c_out3.asm,4d43c3a386ba53ceee649c23ab97d0aab60f82538ab3df11527fd3155dcc030b,80,0f 40 41 43 45 47 68 69 ff,48 100 150 7000 7400,Static source audit; unresolved timing/behavior unless described in review notes
oamdma/oamdma_srcFE00_busyreadC000_dmg08_out0_cgb_xoutblank.gbc,FAILED,FAILED,FAILED,0,https://github.com/pokemon-speedrunning/gambatte-core/blob/d819bad196/test/hwtests/oamdma/oamdma_srcFE00_busyreadC000_dmg08_out0_cgb_xoutblank.asm,c9e7a8636cafd32fdd081bb8c1ec5e0559970a1d7fdc9d3215fc1f8cc76d5d92,80,0f 40 41 43 45 47 68 69 ff,48 100 150 7000 7400,Static source audit; unresolved timing/behavior unless described in review notes
oamdma/oamdma_srcFE00_readFE00_dmg08_cgb04c_out0.gbc,FAILED,FAILED,FAILED,0,https://github.com/pokemon-speedrunning/gambatte-core/blob/d819bad196/test/hwtests/oamdma/oamdma_srcFE00_readFE00_dmg08_cgb04c_out0.asm,45c73940e9dc32b69af7206ec2ff60c970cbeada37fc693ee11b7489464ee14e,80,0f 40 41 43 45 47 68 69 ff,48 100 150 7000 7400,Static source audit; unresolved timing/behavior unless described in review notes
oamdma/oamdma_srcFF00_busypop7FFF_dmg08_out657665AA_cgb04c_outFFFFFFAA.gbc,FAILED,FAILED,FAILED,657665AA / FFFFFFAA,https://github.com/pokemon-speedrunning/gambatte-core/blob/d819bad196/test/hwtests/oamdma/oamdma_srcFF00_busypop7FFF_dmg08_out657665AA_cgb04c_outFFFFFFAA.asm,4f9fcaf65e76d05d10e036facd28b1956e0f729c5412850d0dbcec79ab1c72f9,,0f 40 41 43 45 46 47 68 69 ff,48 100 200 150 7000 7400,Static source audit; unresolved timing/behavior unless described in review notes
oamdma/oamdma_srcFF00_busypop9FFF_2_dmg08_out65765576_cgb04c_outFFFF55FF.gbc,FAILED,FAILED,FAILED,65765576 / FFFF55FF,https://github.com/pokemon-speedrunning/gambatte-core/blob/d819bad196/test/hwtests/oamdma/oamdma_srcFF00_busypop9FFF_2_dmg08_out65765576_cgb04c_outFFFF55FF.asm,c86b65c68297a07b1ad24db0295ce7c9ec0c895001cca905abc8c9497b03f8d1,,0f 40 41 43 45 46 47 68 69 ff,48 100 200 150 7000 7400,Static source audit; unresolved timing/behavior unless described in review notes
oamdma/oamdma_srcFF00_busypop9FFF_dmg08_out65765576_cgb04c_outFFFF55FF.gbc,FAILED,FAILED,FAILED,65765576 / FFFF55FF,https://github.com/pokemon-speedrunning/gambatte-core/blob/d819bad196/test/hwtests/oamdma/oamdma_srcFF00_busypop9FFF_dmg08_out65765576_cgb04c_outFFFF55FF.asm,cd0fef7a3a84b195f449c02b428b2826107a5cd414006d2d28541f41a7db7e8d,,0f 40 41 43 45 46 47 68 69 ff,48 100 200 150 7000 7400,Static source audit; unresolved timing/behavior unless described in review notes
oamdma/oamdma_srcFF00_busypopBFFF_2_dmg08_out65766576_cgb04c_outFFFFFFAA.gbc,FAILED,FAILED,FAILED,65766576 / FFFFFFAA,https://github.com/pokemon-speedrunning/gambatte-core/blob/d819bad196/test/hwtests/oamdma/oamdma_srcFF00_busypopBFFF_2_dmg08_out65766576_cgb04c_outFFFFFFAA.asm,2f3a62988e103a96cefd3b97ef8505904dd5aa27e86d19609fb00138f23f3c69,,0f 40 41 43 45 46 47 68 69 ff,48 100 200 150 7000 7400,Static source audit; unresolved timing/behavior unless described in review notes
oamdma/oamdma_srcFF00_busypopBFFF_dmg08_out65766576_cgb04c_outFFFFFFAA.gbc,FAILED,FAILED,FAILED,65766576 / FFFFFFAA,https://github.com/pokemon-speedrunning/gambatte-core/blob/d819bad196/test/hwtests/oamdma/oamdma_srcFF00_busypopBFFF_dmg08_out65766576_cgb04c_outFFFFFFAA.asm,6ec2ac4cbcaed79e473cd084a7902ab76ad5f6a22f465623df8fac32eb8b16f9,,0f 40 41 43 45 46 47 68 69 ff,48 100 200 150 7000 7400,Static source audit; unresolved timing/behavior unless described in review notes
oamdma/oamdma_srcFF00_busypopDFFF_dmg08_out65766576_cgb04c_outFFFF55AA.gbc,FAILED,FAILED,FAILED,65766576 / FFFF55AA,https://github.com/pokemon-speedrunning/gambatte-core/blob/d819bad196/test/hwtests/oamdma/oamdma_srcFF00_busypopDFFF_dmg08_out65766576_cgb04c_outFFFF55AA.asm,d17a9e9f4b0b7e11e644ce2b508334d69b86eecdbe26ee3932c5e6c98e5418b2,,0f 40 41 43 45 46 47 68 69 ff,48 100 200 150 7000 7400,Static source audit; unresolved timing/behavior unless described in review notes
oamdma/oamdma_srcFF00_busypopEFFF_dmg08_out65766576_cgb04c_outFFFF55AA.gbc,FAILED,FAILED,FAILED,65766576 / FFFF55AA,https://github.com/pokemon-speedrunning/gambatte-core/blob/d819bad196/test/hwtests/oamdma/oamdma_srcFF00_busypopEFFF_dmg08_out65766576_cgb04c_outFFFF55AA.asm,8226b4c772dc811e80fc79bedf220ba5ccf25ca71e1a5ffe13742ebc9a73e94a,,0f 40 41 43 45 46 47 68 69 ff,48 100 200 150 7000 7400,Static source audit; unresolved timing/behavior unless described in review notes
oamdma/oamdma_srcFF00_busypopFDFF_dmg08_out657665FF_cgb04c_outFFFF55FF.gbc,FAILED,FAILED,FAILED,657665FF / FFFF55FF,https://github.com/pokemon-speedrunning/gambatte-core/blob/d819bad196/test/hwtests/oamdma/oamdma_srcFF00_busypopFDFF_dmg08_out657665FF_cgb04c_outFFFF55FF.asm,cde240c9cbaaf0058320081dab67ec00b4e3cbfec171eca81e6b469384646407,,0f 40 41 43 45 46 47 68 69 ff,48 100 200 150 7000 7400,Static source audit; unresolved timing/behavior unless described in review notes
oamdma/oamdma_srcFF00_busypopFE9F_dmg08_out6576FFFF_cgb04c_outFFFFFFFF.gbc,FAILED,FAILED,FAILED,6576FFFF / FFFFFFFF,https://github.com/pokemon-speedrunning/gambatte-core/blob/d819bad196/test/hwtests/oamdma/oamdma_srcFF00_busypopFE9F_dmg08_out6576FFFF_cgb04c_outFFFFFFFF.asm,409c70661d322ffab885654ce17eef7d9331485616b846ad4e0619542ad8c147,,0f 40 41 43 45 46 47 68 69 ff,48 100 200 150 7000 7400,Static source audit; unresolved timing/behavior unless described in review notes
oamdma/oamdma_srcFF00_busypopFEFF_dmg08_out6576FFEF_cgb04c_outFFFFFFEF.gbc,FAILED,FAILED,FAILED,6576FFEF / FFFFFFEF,https://github.com/pokemon-speedrunning/gambatte-core/blob/d819bad196/test/hwtests/oamdma/oamdma_srcFF00_busypopFEFF_dmg08_out6576FFEF_cgb04c_outFFFFFFEF.asm,c3509101e149f2864119ab1474e247319bd38080afc60f2b76c8f13b3c578c67,,0f 40 41 43 45 46 47 68 69 ff,48 100 200 150 7000 7400,Static source audit; unresolved timing/behavior unless described in review notes
oamdma/oamdma_srcFF00_busypopFF7F_dmg08_out6576FFAA_cgb04c_outFFFFFFAA.gbc,FAILED,FAILED,FAILED,6576FFAA / FFFFFFAA,https://github.com/pokemon-speedrunning/gambatte-core/blob/d819bad196/test/hwtests/oamdma/oamdma_srcFF00_busypopFF7F_dmg08_out6576FFAA_cgb04c_outFFFFFFAA.asm,277482d9c95d8e6d3989b3746b5b5ea505371bdbcc372a10a66c0dc12b56d3f1,,0f 40 41 43 45 46 47 68 69 ff,48 100 200 150 7000 7400,Static source audit; unresolved timing/behavior unless described in review notes
oamdma/oamdma_srcFF00_busypopFFFF_dmg08_out65765576_cgb04c_outFFFF55FF.gbc,FAILED,FAILED,FAILED,65765576 / FFFF55FF,https://github.com/pokemon-speedrunning/gambatte-core/blob/d819bad196/test/hwtests/oamdma/oamdma_srcFF00_busypopFFFF_dmg08_out65765576_cgb04c_outFFFF55FF.asm,dab6a660e41003c311d8827f036fea2dec19999cfe4f0f395cedd65bea02b1af,,0f 40 41 43 45 46 47 68 69 ff,48 100 200 150 7000 7400,Static source audit; unresolved timing/behavior unless described in review notes
oamdma/oamdma_srcFF00_busypush0001_dmg08_out4576AA34_cgb04c_out55FFAA34.gbc,FAILED,FAILED,FAILED,4576AA34 / 55FFAA34,https://github.com/pokemon-speedrunning/gambatte-core/blob/d819bad196/test/hwtests/oamdma/oamdma_srcFF00_busypush0001_dmg08_out4576AA34_cgb04c_out55FFAA34.asm,73e44c920de817f95659e5dd4ee99caea521b945787a84678b9e4ddc555737da,,0f 40 41 43 45 46 47 68 69 ff,48 100 200 150 7000 7400,Static source audit; unresolved timing/behavior unless described in review notes
oamdma/oamdma_srcFF00_busypush8001_dmg08_out65221255_cgb04c_outFFAA1255.gbc,FAILED,FAILED,FAILED,65221255 / FFAA1255,https://github.com/pokemon-speedrunning/gambatte-core/blob/d819bad196/test/hwtests/oamdma/oamdma_srcFF00_busypush8001_dmg08_out65221255_cgb04c_outFFAA1255.asm,f4addf0dbff9ed0f7cf214db1277ea538e0b565cf81beda28a1dc1c35bda67f2,,0f 40 41 43 45 46 47 68 69 ff,48 100 200 150 7000 7400,Static source audit; unresolved timing/behavior unless described in review notes
oamdma/oamdma_srcFF00_busypushA001_2_dmg08_out4576AAFF_cgb04c_out55FFAAFF.gbc,FAILED,FAILED,FAILED,4576AAFF / 55FFAAFF,https://github.com/pokemon-speedrunning/gambatte-core/blob/d819bad196/test/hwtests/oamdma/oamdma_srcFF00_busypushA001_2_dmg08_out4576AAFF_cgb04c_out55FFAAFF.asm,25a4ea654bf3d83c1fffb8225cfa109ca5afa143bdd6eb07d88e4fbaee3310a0,,0f 40 41 43 45 46 47 68 69 ff,48 100 200 150 7000 7400,Static source audit; unresolved timing/behavior unless described in review notes
oamdma/oamdma_srcFF00_busypushA001_dmg08_out4576AA34_cgb04c_out55FFAA34.gbc,FAILED,FAILED,FAILED,4576AA34 / 55FFAA34,https://github.com/pokemon-speedrunning/gambatte-core/blob/d819bad196/test/hwtests/oamdma/oamdma_srcFF00_busypushA001_dmg08_out4576AA34_cgb04c_out55FFAA34.asm,4288774eaf18fcd36c276b93edd0c8dd0b996dee2f448e97925622e326cf2251,,0f 40 41 43 45 46 47 68 69 ff,48 100 200 150 7000 7400,Static source audit; unresolved timing/behavior unless described in review notes
oamdma/oamdma_srcFF00_busypushC001_2_dmg08_out4522FF34_cgb04c_outFFAAFF55.gbc,FAILED,FAILED,FAILED,4522FF34 / FFAAFF55,https://github.com/pokemon-speedrunning/gambatte-core/blob/d819bad196/test/hwtests/oamdma/oamdma_srcFF00_busypushC001_2_dmg08_out4522FF34_cgb04c_outFFAAFF55.asm,56b8ed2ea9676af5323e1f9b93c25cc115a8155c72e365703c91bac1b145987e,,0f 40 41 43 45 46 47 68 69 70 ff,48 100 200 150 7000 7400,Static source audit; unresolved timing/behavior unless described in review notes
oamdma/oamdma_srcFF00_busypushC001_dmg08_out45221234_cgb04c_outFFAA1255.gbc,FAILED,FAILED,FAILED,45221234 / FFAA1255,https://github.com/pokemon-speedrunning/gambatte-core/blob/d819bad196/test/hwtests/oamdma/oamdma_srcFF00_busypushC001_dmg08_out45221234_cgb04c_outFFAA1255.asm,724d7c64f46fd5a65202418b57f1d5ab688e3141a40e10fe100724bd4624c423,,0f 40 41 43 45 46 47 68 69 70 ff,48 100 200 150 7000 7400,Static source audit; unresolved timing/behavior unless described in review notes
oamdma/oamdma_srcFF00_busypushE001_dmg08_out45221234_cgb04c_outFFFFAA55.gbc,FAILED,FAILED,FAILED,45221234 / FFFFAA55,https://github.com/pokemon-speedrunning/gambatte-core/blob/d819bad196/test/hwtests/oamdma/oamdma_srcFF00_busypushE001_dmg08_out45221234_cgb04c_outFFFFAA55.asm,93263105ccf6b99e8376cda3f9388919fa8ed37e42660bb9414f47f7295239cd,,0f 40 41 43 45 46 47 68 69 70 ff,48 100 200 150 7000 7400,Static source audit; unresolved timing/behavior unless described in review notes
oamdma/oamdma_srcFF00_busypushF001_dmg08_out45221234_cgb04c_outFFFFAA55.gbc,FAILED,FAILED,FAILED,45221234 / FFFFAA55,https://github.com/pokemon-speedrunning/gambatte-core/blob/d819bad196/test/hwtests/oamdma/oamdma_srcFF00_busypushF001_dmg08_out45221234_cgb04c_outFFFFAA55.asm,13b9674fb8a2cd7c7488f14ea30fee6a0d2fafe6ebdffe7ba3fda5924f757b63,,0f 40 41 43 45 46 47 68 69 70 ff,48 100 200 150 7000 7400,Static source audit; unresolved timing/behavior unless described in review notes
oamdma/oamdma_srcFF00_busypushFE01_dmg08_out65221298_cgb04c_outFFFFAAFF.gbc,FAILED,FAILED,FAILED,65221298 / FFFFAAFF,https://github.com/pokemon-speedrunning/gambatte-core/blob/d819bad196/test/hwtests/oamdma/oamdma_srcFF00_busypushFE01_dmg08_out65221298_cgb04c_outFFFFAAFF.asm,64a33fa6dbe39ebec132da0fdc85dfa28b0d12511285704fe875aff59767b107,,0f 40 41 43 45 46 47 68 69 ff,48 100 200 150 7000 7400,Static source audit; unresolved timing/behavior unless described in review notes
oamdma/oamdma_srcFF00_busypushFEA1_dmg08_out65768700_cgb04c_outFFFFFF34.gbc,FAILED,FAILED,FAILED,65768700 / FFFFFF34,https://github.com/pokemon-speedrunning/gambatte-core/blob/d819bad196/test/hwtests/oamdma/oamdma_srcFF00_busypushFEA1_dmg08_out65768700_cgb04c_outFFFFFF34.asm,b8379f8cbf7cf6bfb762cd81391f7c3f74fe8083944db2c4853ad8528bcd92ca,,0f 40 41 43 45 46 47 68 69 ff,48 100 200 150 7000 7400,Static source audit; unresolved timing/behavior unless described in review notes
oamdma/oamdma_srcFF00_busypushFF01_dmg08_out657600DF_cgb04c_outFFFF12DF.gbc,FAILED,FAILED,FAILED,657600DF / FFFF12DF,https://github.com/pokemon-speedrunning/gambatte-core/blob/d819bad196/test/hwtests/oamdma/oamdma_srcFF00_busypushFF01_dmg08_out657600DF_cgb04c_outFFFF12DF.asm,25a34cd7ba94854d62eb0b073baafdd9540e816df752f40d982e66d744d1dd39,,0f 40 41 43 45 46 47 68 69 ff,48 100 200 150 7000 7400,Static source audit; unresolved timing/behavior unless described in review notes
oamdma/oamdma_srcFF00_busypushFF81_dmg08_out6576FF55_cgb04c_outFFFFFF55.gbc,FAILED,FAILED,FAILED,6576FF55 / FFFFFF55,https://github.com/pokemon-speedrunning/gambatte-core/blob/d819bad196/test/hwtests/oamdma/oamdma_srcFF00_busypushFF81_dmg08_out6576FF55_cgb04c_outFFFFFF55.asm,b65ee879fadf1da0ca9713be7404b28bbf075cebfc2185b6a2375b33ac6d59bd,,0f 40 41 43 45 46 47 68 69 ff,48 100 200 150 7000 7400,Static source audit; unresolved timing/behavior unless described in review notes
oamdma/oamdma_srcFF00_busyread0000_dmg08_out1_cgb04c_out0.gbc,FAILED,FAILED,FAILED,1 / 0,https://github.com/pokemon-speedrunning/gambatte-core/blob/d819bad196/test/hwtests/oamdma/oamdma_srcFF00_busyread0000_dmg08_out1_cgb04c_out0.asm,cfa208f791df9ee367c24fb05db51266f2665e8975cc6a20adc0dd3cce6be355,80,0f 40 41 43 45 47 68 69 ff,48 100 150 7000 7400,Static source audit; unresolved timing/behavior unless described in review notes
oamdma/oamdma_srcFF00_busyread8000_dmg08_cgb04c_out3.gbc,FAILED,FAILED,FAILED,3,https://github.com/pokemon-speedrunning/gambatte-core/blob/d819bad196/test/hwtests/oamdma/oamdma_srcFF00_busyread8000_dmg08_cgb04c_out3.asm,66e2ed6199f55713d1bb9d72db614212076aa2ce8b1dc5fbf9aa6d7d5da71798,80,0f 40 41 43 45 47 68 69 ff,48 100 150 7000 7400,Static source audit; unresolved timing/behavior unless described in review notes
oamdma/oamdma_srcFF00_busyreadA000_dmg08_out1_cgb04c_out0.gbc,FAILED,FAILED,FAILED,1 / 0,https://github.com/pokemon-speedrunning/gambatte-core/blob/d819bad196/test/hwtests/oamdma/oamdma_srcFF00_busyreadA000_dmg08_out1_cgb04c_out0.asm,a452986d15633250aea4ae34a919128b1bdd01846c2e2c2d94c05cd2d82f2de3,80,0f 40 41 43 45 47 68 69 ff,48 100 150 7000 7400,Static source audit; unresolved timing/behavior unless described in review notes
oamdma/oamdma_srcFF00_busyreadC000_dmg08_out1_cgb_xoutblank.gbc,FAILED,FAILED,FAILED,1,https://github.com/pokemon-speedrunning/gambatte-core/blob/d819bad196/test/hwtests/oamdma/oamdma_srcFF00_busyreadC000_dmg08_out1_cgb_xoutblank.asm,9c3e6d5334fa71b644727c04cb82f567ede9b3c0ea891df1e6bfb6df2ceb1c94,80,0f 40 41 43 45 47 68 69 ff,48 100 150 7000 7400,Static source audit; unresolved timing/behavior unless described in review notes
oamdma/oamdma_srcFF00_readFE00_dmg08_out1_cgb04c_out0.gbc,FAILED,FAILED,FAILED,1 / 0,https://github.com/pokemon-speedrunning/gambatte-core/blob/d819bad196/test/hwtests/oamdma/oamdma_srcFF00_readFE00_dmg08_out1_cgb04c_out0.asm,f64f9f62bc28b007a3f250726e34c79ab9657e6c0017e8b3ddaeb2b0bc5fed31,80,0f 40 41 43 45 47 68 69 ff,48 100 150 7000 7400,Static source audit; unresolved timing/behavior unless described in review notes
oamdma/oamdma_srcFF00_readFE45_dmg08_out1_cgb04c_out0.gbc,FAILED,FAILED,FAILED,1 / 0,https://github.com/pokemon-speedrunning/gambatte-core/blob/d819bad196/test/hwtests/oamdma/oamdma_srcFF00_readFE45_dmg08_out1_cgb04c_out0.asm,28b6d8901d537c39a766f49afc5cfa6967d8309bc660c7262ff4a758104079ee,80,0f 40 41 43 45 47 68 69 ff,48 100 150 7000 7400,Static source audit; unresolved timing/behavior unless described in review notes
oamdma/oamdmasrc80_halt_lycirq_read8000_dmg08_cgb04c_out81.gbc,FAILED,FAILED,FAILED,81,https://github.com/pokemon-speedrunning/gambatte-core/blob/d819bad196/test/hwtests/oamdma/oamdmasrc80_halt_lycirq_read8000_dmg08_cgb04c_out81.asm,e51eb2136d8e3ce30029fd8a5fe6339f808a860aed2bbafc5d28d9188b5157bb,,0f 40 41 42 43 45 46 47 68 69 ff,48 100 150 1000 1010 1020 7000 7400,Static source audit; unresolved timing/behavior unless described in review notes
oamdma/oamdmasrc80_halt_m2irq_read8000_dmg08_cgb04c_out81.gbc,FAILED,FAILED,FAILED,81,https://github.com/pokemon-speedrunning/gambatte-core/blob/d819bad196/test/hwtests/oamdma/oamdmasrc80_halt_m2irq_read8000_dmg08_cgb04c_out81.asm,aeff4a0aad88f95d6b93b8a33f1a5a547e16b258dadd51c28af5a19bf096b5e7,41,0f 40 41 42 43 46 47 68 69 ff,48 100 150 1000 1010 1020 7000 7400,Static source audit; unresolved timing/behavior unless described in review notes
oamdma/oamdmasrcC000_hdmasrc0000_cgb04c_out0A940C0D.gbc,FAILED,FAILED,FAILED,0A940C0D,https://github.com/pokemon-speedrunning/gambatte-core/blob/d819bad196/test/hwtests/oamdma/oamdmasrcC000_hdmasrc0000_cgb04c_out0A940C0D.asm,0f8f7e3ed7ab791aaeb763fa8876bb2ee04ef29030937be20193547e5d39064f,,0f 40 41 43 45 46 47 51 52 53 54 55 68 69 ff,48 100 150 1000 1008 1080 10c0 7000 7400,Static source audit; unresolved timing/behavior unless described in review notes
oamdma/oamdmasrcC0_speedchange_readC000_cgb04c_out11.gbc,FAILED,FAILED,FAILED,11,https://github.com/pokemon-speedrunning/gambatte-core/blob/d819bad196/test/hwtests/oamdma/oamdmasrcC0_speedchange_readC000_cgb04c_out11.asm,8fb384600596b7a036af6aae5f7a66d93f783abed86890618bf312e35dccc242,,00 0f 40 41 42 43 45 46 47 4d 68 69 ff,48 100 150 1000 7000 7400,Static source audit; unresolved timing/behavior unless described in review notes
scx_during_m3/scx1_scx0_during_m3_1.gbc,FAILED,FAILED,FAILED,PNG: scx1_scx0_during_m3_1_cgb04c.png; scx1_scx0_during_m3_1_dmg08.png,https://github.com/pokemon-speedrunning/gambatte-core/blob/d819bad196/test/hwtests/scx_during_m3/scx1_scx0_during_m3_1.asm,4e46bb88f5905156fe5e5e5d5ded9e3502f2ccc6379542f31bb50a6c561fb5e0,,40 41 47 68 ff,48 100 150 1000 1019,Static source audit; unresolved timing/behavior unless described in review notes
scx_during_m3/scx2_scx0_during_m3_1.gbc,FAILED,FAILED,FAILED,PNG: scx2_scx0_during_m3_1_cgb04c.png; scx2_scx0_during_m3_1_dmg08.png,https://github.com/pokemon-speedrunning/gambatte-core/blob/d819bad196/test/hwtests/scx_during_m3/scx2_scx0_during_m3_1.asm,812edf814e0033aab7e32561f3b710301c3e6e75072f6becb15a9bdbc36e5bc8,,40 41 47 68 ff,48 100 150 1000 1019,Static source audit; unresolved timing/behavior unless described in review notes
scx_during_m3/scx2_scx1_during_m3_1.gbc,FAILED,FAILED,FAILED,PNG: scx2_scx1_during_m3_1_cgb04c.png; scx2_scx1_during_m3_1_dmg08.png,https://github.com/pokemon-speedrunning/gambatte-core/blob/d819bad196/test/hwtests/scx_during_m3/scx2_scx1_during_m3_1.asm,7ec9866903f7a2aff3f0a7c06dbda01fde791cc1449dbee73b62b093c091d1fc,,40 41 47 68 ff,48 100 150 1000 1019,Static source audit; unresolved timing/behavior unless described in review notes
scx_during_m3/scx_0060c0/scx_during_m3_2.gbc,FAILED,FAILED,FAILED,PNG: scx_during_m3_2_cgb04c.png; scx_during_m3_2_dmg08.png,https://github.com/pokemon-speedrunning/gambatte-core/blob/d819bad196/test/hwtests/scx_during_m3/scx_0060c0/scx_during_m3_2.asm,9a41220c8bfe3afabcfc1ef47c7b86e1cadee28db5278adb827601acda5e2126,,40 41 47 68 ff,48 100 150 1000 102c,Static source audit; unresolved timing/behavior unless described in review notes
scx_during_m3/scx_0060c0/scx_during_m3_3.gbc,FAILED,FAILED,FAILED,PNG: scx_during_m3_3_cgb04c.png; scx_during_m3_3_dmg08.png,https://github.com/pokemon-speedrunning/gambatte-core/blob/d819bad196/test/hwtests/scx_during_m3/scx_0060c0/scx_during_m3_3.asm,47bf59db81261a087b3dbe8ffab2c17aa25946a51eb3fd5ca697f5f891a8dea4,,40 41 47 68 ff,48 100 150 1000 102b,Static source audit; unresolved timing/behavior unless described in review notes
scx_during_m3/scx_0060c0/scx_during_m3_4.gbc,FAILED,FAILED,FAILED,PNG: scx_during_m3_4_cgb04c.png; scx_during_m3_4_dmg08.png,https://github.com/pokemon-speedrunning/gambatte-core/blob/d819bad196/test/hwtests/scx_during_m3/scx_0060c0/scx_during_m3_4.asm,293972518e65e20ea1a1faf09125e501fbea279de6504cc1b41809c425e9c923,,40 41 47 68 ff,48 100 150 1000 102a,Static source audit; unresolved timing/behavior unless described in review notes
scx_during_m3/scx_0060c0/scx_during_m3_5.gbc,FAILED,FAILED,FAILED,PNG: scx_during_m3_5_cgb04c.png; scx_during_m3_5_dmg08.png,https://github.com/pokemon-speedrunning/gambatte-core/blob/d819bad196/test/hwtests/scx_during_m3/scx_0060c0/scx_during_m3_5.asm,adbe895507b02484ecea3d8aedc5116bd0d7ba9d0edd54784d7a780f3760b8c5,,40 41 47 68 ff,48 100 150 1000 1029,Static source audit; unresolved timing/behavior unless described in review notes
scx_during_m3/scx_0060c0/scx_during_m3_6.gbc,FAILED,FAILED,FAILED,PNG: scx_during_m3_6_cgb04c.png; scx_during_m3_6_dmg08.png,https://github.com/pokemon-speedrunning/gambatte-core/blob/d819bad196/test/hwtests/scx_during_m3/scx_0060c0/scx_during_m3_6.asm,865cea338e82ecfc5e5707928e344e6d7432f88c8e2cdae6b75266076cf0c122,,40 41 47 68 ff,48 100 150 1000 1028,Static source audit; unresolved timing/behavior unless described in review notes
scx_during_m3/scx_0063c0/scx_during_m3_1.gbc,FAILED,FAILED,FAILED,PNG: scx_during_m3_1_cgb04c.png; scx_during_m3_1_dmg08.png,https://github.com/pokemon-speedrunning/gambatte-core/blob/d819bad196/test/hwtests/scx_during_m3/scx_0063c0/scx_during_m3_1.asm,4316b94e82caf3cee2d4fd6016a5265a1ac110a0422e242c44087aec896ac667,,40 41 47 68 ff,48 100 150 1000 102d,Static source audit; unresolved timing/behavior unless described in review notes
scx_during_m3/scx_0063c0/scx_during_m3_2.gbc,FAILED,FAILED,FAILED,PNG: scx_during_m3_2_cgb04c.png; scx_during_m3_2_dmg08.png,https://github.com/pokemon-speedrunning/gambatte-core/blob/d819bad196/test/hwtests/scx_during_m3/scx_0063c0/scx_during_m3_2.asm,6c8fa4cbfbbdd1c05b7f55ce395b77231931c5f0135d1972733c05b475434c6b,,40 41 47 68 ff,48 100 150 1000 102c,Static source audit; unresolved timing/behavior unless described in review notes
scx_during_m3/scx_0063c0/scx_during_m3_3.gbc,FAILED,FAILED,FAILED,PNG: scx_during_m3_3_cgb04c.png; scx_during_m3_3_dmg08.png,https://github.com/pokemon-speedrunning/gambatte-core/blob/d819bad196/test/hwtests/scx_during_m3/scx_0063c0/scx_during_m3_3.asm,9c22bf634308cbf59e541de3c143c55a34082ba513b1364c200fe20fa0d41585,,40 41 47 68 ff,48 100 150 1000 102b,Static source audit; unresolved timing/behavior unless described in review notes
scx_during_m3/scx_0063c0/scx_during_m3_4.gbc,FAILED,FAILED,FAILED,PNG: scx_during_m3_4_cgb04c.png; scx_during_m3_4_dmg08.png,https://github.com/pokemon-speedrunning/gambatte-core/blob/d819bad196/test/hwtests/scx_during_m3/scx_0063c0/scx_during_m3_4.asm,0ec169b072b8e59556a961c6c524a1c227ece857164ffddf00ad0e9936df85c7,,40 41 47 68 ff,48 100 150 1000 102a,Static source audit; unresolved timing/behavior unless described in review notes
scx_during_m3/scx_0063c0/scx_during_m3_5.gbc,FAILED,FAILED,FAILED,PNG: scx_during_m3_5_cgb04c.png; scx_during_m3_5_dmg08.png,https://github.com/pokemon-speedrunning/gambatte-core/blob/d819bad196/test/hwtests/scx_during_m3/scx_0063c0/scx_during_m3_5.asm,411a67cd33dbba52e315d5e5bcc4cb7e376292c68832d4f64ffab3e25570681f,,40 41 47 68 ff,48 100 150 1000 1029,Static source audit; unresolved timing/behavior unless described in review notes
scx_during_m3/scx_0063c0/scx_during_m3_6.gbc,FAILED,FAILED,FAILED,PNG: scx_during_m3_6_cgb04c.png; scx_during_m3_6_dmg08.png,https://github.com/pokemon-speedrunning/gambatte-core/blob/d819bad196/test/hwtests/scx_during_m3/scx_0063c0/scx_during_m3_6.asm,3936b1f0de773dcab9b8fb246886da3177e8f4ad531bb0c72fe096b4eff160a8,,40 41 47 68 ff,48 100 150 1000 1028,Static source audit; unresolved timing/behavior unless described in review notes
scx_during_m3/scx_0360c0/scx_during_m3_2.gbc,FAILED,FAILED,FAILED,PNG: scx_during_m3_2_cgb04c.png; scx_during_m3_2_dmg08.png,https://github.com/pokemon-speedrunning/gambatte-core/blob/d819bad196/test/hwtests/scx_during_m3/scx_0360c0/scx_during_m3_2.asm,d992bf5f7b6c63821760fcdaf229cbc22e25ee3bc501786c234b583155508aa1,,40 41 47 68 ff,48 100 150 1000 102c,Static source audit; unresolved timing/behavior unless described in review notes
scx_during_m3/scx_0360c0/scx_during_m3_3.gbc,FAILED,FAILED,FAILED,PNG: scx_during_m3_3_cgb04c.png; scx_during_m3_3_dmg08.png,https://github.com/pokemon-speedrunning/gambatte-core/blob/d819bad196/test/hwtests/scx_during_m3/scx_0360c0/scx_during_m3_3.asm,905bd3b1f911f6cce5335628f469baaf2091a1edf46b4143a34efdaf5f7565a8,,40 41 47 68 ff,48 100 150 1000 102b,Static source audit; unresolved timing/behavior unless described in review notes
scx_during_m3/scx_0360c0/scx_during_m3_4.gbc,FAILED,FAILED,FAILED,PNG: scx_during_m3_4_cgb04c.png; scx_during_m3_4_dmg08.png,https://github.com/pokemon-speedrunning/gambatte-core/blob/d819bad196/test/hwtests/scx_during_m3/scx_0360c0/scx_during_m3_4.asm,b217b6fa5425e9ba74990993a1c2659f077695a2a6587c59e2190799463b0081,,40 41 47 68 ff,48 100 150 1000 102a,Static source audit; unresolved timing/behavior unless described in review notes
scx_during_m3/scx_0360c0/scx_during_m3_5.gbc,FAILED,FAILED,FAILED,PNG: scx_during_m3_5_cgb04c.png; scx_during_m3_5_dmg08.png,https://github.com/pokemon-speedrunning/gambatte-core/blob/d819bad196/test/hwtests/scx_during_m3/scx_0360c0/scx_during_m3_5.asm,e6046219b4aa379b3360ae2725ebb4b8a6ea436f583bc4e5fb7d30499e9fcb41,,40 41 47 68 ff,48 100 150 1000 1029,Static source audit; unresolved timing/behavior unless described in review notes
scx_during_m3/scx_0360c0/scx_during_m3_6.gbc,FAILED,FAILED,FAILED,PNG: scx_during_m3_6_cgb04c.png; scx_during_m3_6_dmg08.png,https://github.com/pokemon-speedrunning/gambatte-core/blob/d819bad196/test/hwtests/scx_during_m3/scx_0360c0/scx_during_m3_6.asm,c91fc0422f9722a801af2974b26fef7219efae7b52b89c9beac09ff97036d4b2,,40 41 47 68 ff,48 100 150 1000 1028,Static source audit; unresolved timing/behavior unless described in review notes
scx_during_m3/scx_0363c0/scx_during_m3_1.gbc,FAILED,FAILED,FAILED,PNG: scx_during_m3_1_cgb04c.png; scx_during_m3_1_dmg08.png,https://github.com/pokemon-speedrunning/gambatte-core/blob/d819bad196/test/hwtests/scx_during_m3/scx_0363c0/scx_during_m3_1.asm,b643d3e02006b1195eb676224331ca70a4f160e42930a8d25903cc6a7e1acb8f,,40 41 47 68 ff,48 100 150 1000 102d,Static source audit; unresolved timing/behavior unless described in review notes
scx_during_m3/scx_0363c0/scx_during_m3_2.gbc,FAILED,FAILED,FAILED,PNG: scx_during_m3_2_cgb04c.png; scx_during_m3_2_dmg08.png,https://github.com/pokemon-speedrunning/gambatte-core/blob/d819bad196/test/hwtests/scx_during_m3/scx_0363c0/scx_during_m3_2.asm,f166ca054f21708a517c0fac6a5405f62d6c6fadc7168c90f1f566a116558639,,40 41 47 68 ff,48 100 150 1000 102c,Static source audit; unresolved timing/behavior unless described in review notes
scx_during_m3/scx_0363c0/scx_during_m3_3.gbc,FAILED,FAILED,FAILED,PNG: scx_during_m3_3_cgb04c.png; scx_during_m3_3_dmg08.png,https://github.com/pokemon-speedrunning/gambatte-core/blob/d819bad196/test/hwtests/scx_during_m3/scx_0363c0/scx_during_m3_3.asm,d9bba0d33e754271a7675b6d92b932f00a1b2484afa72cf7a83bcf3cd53aae40,,40 41 47 68 ff,48 100 150 1000 102b,Static source audit; unresolved timing/behavior unless described in review notes
scx_during_m3/scx_0363c0/scx_during_m3_4.gbc,FAILED,FAILED,FAILED,PNG: scx_during_m3_4_cgb04c.png; scx_during_m3_4_dmg08.png,https://github.com/pokemon-speedrunning/gambatte-core/blob/d819bad196/test/hwtests/scx_during_m3/scx_0363c0/scx_during_m3_4.asm,66ecb45a7ef6548501d1d305e2a34986c49574ef9b85dde507f1ff96236f96cb,,40 41 47 68 ff,48 100 150 1000 102a,Static source audit; unresolved timing/behavior unless described in review notes
scx_during_m3/scx_0363c0/scx_during_m3_5.gbc,FAILED,FAILED,FAILED,PNG: scx_during_m3_5_cgb04c.png; scx_during_m3_5_dmg08.png,https://github.com/pokemon-speedrunning/gambatte-core/blob/d819bad196/test/hwtests/scx_during_m3/scx_0363c0/scx_during_m3_5.asm,bf21b65e477e4ffcf0d5274a0b3530970b8a2707836736bef01de8c5c032fbc9,,40 41 47 68 ff,48 100 150 1000 1029,Static source audit; unresolved timing/behavior unless described in review notes
scx_during_m3/scx_0363c0/scx_during_m3_6.gbc,FAILED,FAILED,FAILED,PNG: scx_during_m3_6_cgb04c.png; scx_during_m3_6_dmg08.png,https://github.com/pokemon-speedrunning/gambatte-core/blob/d819bad196/test/hwtests/scx_during_m3/scx_0363c0/scx_during_m3_6.asm,6409f508b77111ec7447fb147784b843e44260c99009e8fd5061cc33f1ed4db2,,40 41 47 68 ff,48 100 150 1000 1028,Static source audit; unresolved timing/behavior unless described in review notes
scx_during_m3/scx_0367c0/scx_during_m3_1.gbc,FAILED,FAILED,FAILED,PNG: scx_during_m3_1_cgb04c.png; scx_during_m3_1_dmg08.png,https://github.com/pokemon-speedrunning/gambatte-core/blob/d819bad196/test/hwtests/scx_during_m3/scx_0367c0/scx_during_m3_1.asm,d88cfaeb709eed9b15c1939e80bbdc0c3ce39e036f4f985e69a225a6b707399a,,40 41 47 68 ff,48 100 150 1000 102d,Static source audit; unresolved timing/behavior unless described in review notes
scx_during_m3/scx_0367c0/scx_during_m3_2.gbc,FAILED,FAILED,FAILED,PNG: scx_during_m3_2_cgb04c.png; scx_during_m3_2_dmg08.png,https://github.com/pokemon-speedrunning/gambatte-core/blob/d819bad196/test/hwtests/scx_during_m3/scx_0367c0/scx_during_m3_2.asm,a269cc0f915d4b2e7c9920a00169f4e7516ed378cd57dea1b42c1c761e140342,,40 41 47 68 ff,48 100 150 1000 102c,Static source audit; unresolved timing/behavior unless described in review notes
scx_during_m3/scx_0367c0/scx_during_m3_3.gbc,FAILED,FAILED,FAILED,PNG: scx_during_m3_3_cgb04c.png; scx_during_m3_3_dmg08.png,https://github.com/pokemon-speedrunning/gambatte-core/blob/d819bad196/test/hwtests/scx_during_m3/scx_0367c0/scx_during_m3_3.asm,a7069a947fd0acf6d1fa3b1620ad3b1775c9d9930c0ff129cbfe6b67def6dc38,,40 41 47 68 ff,48 100 150 1000 102b,Static source audit; unresolved timing/behavior unless described in review notes
scx_during_m3/scx_0367c0/scx_during_m3_4.gbc,FAILED,FAILED,FAILED,PNG: scx_during_m3_4_cgb04c.png; scx_during_m3_4_dmg08.png,https://github.com/pokemon-speedrunning/gambatte-core/blob/d819bad196/test/hwtests/scx_during_m3/scx_0367c0/scx_during_m3_4.asm,ad10dff3d35ee02e315451e5ed66b7b5dca92a748193be235954c93fb30e73a4,,40 41 47 68 ff,48 100 150 1000 102a,Static source audit; unresolved timing/behavior unless described in review notes
scx_during_m3/scx_0367c0/scx_during_m3_5.gbc,FAILED,FAILED,FAILED,PNG: scx_during_m3_5_cgb04c.png; scx_during_m3_5_dmg08.png,https://github.com/pokemon-speedrunning/gambatte-core/blob/d819bad196/test/hwtests/scx_during_m3/scx_0367c0/scx_during_m3_5.asm,2e26db94a141b7c1d49d98f99a44282510eb67abfa6f0cec9732175161a6b45f,,40 41 47 68 ff,48 100 150 1000 1029,Static source audit; unresolved timing/behavior unless described in review notes
scx_during_m3/scx_0367c0/scx_during_m3_6.gbc,FAILED,FAILED,FAILED,PNG: scx_during_m3_6_cgb04c.png; scx_during_m3_6_dmg08.png,https://github.com/pokemon-speedrunning/gambatte-core/blob/d819bad196/test/hwtests/scx_during_m3/scx_0367c0/scx_during_m3_6.asm,f4ffc5359ae21c63430245ae8c47b42b72268ef6b04d1f7e80711dd178f5885a,,40 41 47 68 ff,48 100 150 1000 1028,Static source audit; unresolved timing/behavior unless described in review notes
scx_during_m3/scx_0761c0/scx_during_m3_1.gbc,FAILED,FAILED,FAILED,PNG: scx_during_m3_1_cgb04c.png; scx_during_m3_1_dmg08.png,https://github.com/pokemon-speedrunning/gambatte-core/blob/d819bad196/test/hwtests/scx_during_m3/scx_0761c0/scx_during_m3_1.asm,5d12873db5e540ebc9a3b347fc25f9ddafdd68d0e817304e2a162fd34caaef15,,40 41 47 68 ff,48 100 150 1000 102d,Static source audit; unresolved timing/behavior unless described in review notes
scx_during_m3/scx_0761c0/scx_during_m3_2.gbc,FAILED,FAILED,FAILED,PNG: scx_during_m3_2_cgb04c.png; scx_during_m3_2_dmg08.png,https://github.com/pokemon-speedrunning/gambatte-core/blob/d819bad196/test/hwtests/scx_during_m3/scx_0761c0/scx_during_m3_2.asm,60181dd6bc6f92baa49d5c27167716c07f6bd159097a72c932a9c69632b37e5a,,40 41 47 68 ff,48 100 150 1000 102c,Static source audit; unresolved timing/behavior unless described in review notes
scx_during_m3/scx_0761c0/scx_during_m3_3.gbc,FAILED,FAILED,FAILED,PNG: scx_during_m3_3_cgb04c.png; scx_during_m3_3_dmg08.png,https://github.com/pokemon-speedrunning/gambatte-core/blob/d819bad196/test/hwtests/scx_during_m3/scx_0761c0/scx_during_m3_3.asm,8ec2cb12c78b0586c18e3150a007a419ae5fad0de50839d98a0851e5342a25c4,,40 41 47 68 ff,48 100 150 1000 102b,Static source audit; unresolved timing/behavior unless described in review notes
scx_during_m3/scx_0761c0/scx_during_m3_4.gbc,FAILED,FAILED,FAILED,PNG: scx_during_m3_4_cgb04c.png; scx_during_m3_4_dmg08.png,https://github.com/pokemon-speedrunning/gambatte-core/blob/d819bad196/test/hwtests/scx_during_m3/scx_0761c0/scx_during_m3_4.asm,24c76dd65c778acc8d0e551e4c4c31c57a9a24c4eb9e8b500246977675a15589,,40 41 47 68 ff,48 100 150 1000 102a,Static source audit; unresolved timing/behavior unless described in review notes
scx_during_m3/scx_0761c0/scx_during_m3_5.gbc,FAILED,FAILED,FAILED,PNG: scx_during_m3_5_cgb04c.png; scx_during_m3_5_dmg08.png,https://github.com/pokemon-speedrunning/gambatte-core/blob/d819bad196/test/hwtests/scx_during_m3/scx_0761c0/scx_during_m3_5.asm,159c8d8b0571845362a70245a3625491eb601387507fbb537c383ed3d795a860,,40 41 47 68 ff,48 100 150 1000 1029,Static source audit; unresolved timing/behavior unless described in review notes
scx_during_m3/scx_0761c0/scx_during_m3_6.gbc,FAILED,FAILED,FAILED,PNG: scx_during_m3_6_cgb04c.png; scx_during_m3_6_dmg08.png,https://github.com/pokemon-speedrunning/gambatte-core/blob/d819bad196/test/hwtests/scx_during_m3/scx_0761c0/scx_during_m3_6.asm,e14f07ca2a9a92e0ed3cc70da7083637c296ba68cb97665425801b0f845ad5ad,,40 41 47 68 ff,48 100 150 1000 1028,Static source audit; unresolved timing/behavior unless described in review notes
scx_during_m3/scx_attrib_during_m3_spx1_ds.gbc,FAILED,FAILED,FAILED,PNG: scx_attrib_during_m3_spx1_ds_cgb04c.png,https://github.com/pokemon-speedrunning/gambatte-core/blob/d819bad196/test/hwtests/scx_during_m3/scx_attrib_during_m3_spx1_ds.asm,6e7d1c71c873f45b839565cf2b38beb1a7583b6b65d3a9e22450c29aa1951385,,00 40 41 47 4d 4f 68 ff,48 100 150 1000 1024 1064,Static source audit; unresolved timing/behavior unless described in review notes
scx_during_m3/scx_attrib_during_m3_spx2_ds.gbc,FAILED,FAILED,FAILED,PNG: scx_attrib_during_m3_spx2_ds_cgb04c.png,https://github.com/pokemon-speedrunning/gambatte-core/blob/d819bad196/test/hwtests/scx_during_m3/scx_attrib_during_m3_spx2_ds.asm,f9075f889b4d18e1be55d9ef4b1f654ff7d578c26349d14a9e7434cda5dc03c1,,00 40 41 47 4d 4f 68 ff,48 100 150 1000 1024 1064,Static source audit; unresolved timing/behavior unless described in review notes
scx_during_m3/scx_during_m3_spx0.gbc,FAILED,FAILED,FAILED,PNG: scx_during_m3_spx0_cgb04c.png; scx_during_m3_spx0_dmg08.png,https://github.com/pokemon-speedrunning/gambatte-core/blob/d819bad196/test/hwtests/scx_during_m3/scx_during_m3_spx0.asm,f871b6a98404259ed95e516563c8b52f2d0a803b5b51da6ab83e19f18b47f6be,,40 41 47 68 ff,48 100 150 1000 102a,Static source audit; unresolved timing/behavior unless described in review notes
scx_during_m3/scx_during_m3_spx1.gbc,FAILED,FAILED,FAILED,PNG: scx_during_m3_spx1_cgb04c.png; scx_during_m3_spx1_dmg08.png,https://github.com/pokemon-speedrunning/gambatte-core/blob/d819bad196/test/hwtests/scx_during_m3/scx_during_m3_spx1.asm,1335b497f183e540192317d9da07b5eb3012a1e861876a46f778d87ad9422830,,40 41 47 68 ff,48 100 150 1000 102a,Static source audit; unresolved timing/behavior unless described in review notes
scx_during_m3/scx_during_m3_spx2.gbc,FAILED,FAILED,FAILED,PNG: scx_during_m3_spx2_cgb04c.png; scx_during_m3_spx2_dmg08.png; scx_during_m3_spx2_ds_cgb04c.png,https://github.com/pokemon-speedrunning/gambatte-core/blob/d819bad196/test/hwtests/scx_during_m3/scx_during_m3_spx2.asm,74a0acf7eb967c0edd906b49d33835efa26d52c955969a73d7e12329cd3760ac,,40 41 47 68 ff,48 100 150 1000 102a,Static source audit; unresolved timing/behavior unless described in review notes
scx_during_m3/scx_during_m3_spx2_ds.gbc,FAILED,FAILED,FAILED,PNG: scx_during_m3_spx2_ds_cgb04c.png,https://github.com/pokemon-speedrunning/gambatte-core/blob/d819bad196/test/hwtests/scx_during_m3/scx_during_m3_spx2_ds.asm,235dbde2dae12a14d5de997948492eccf481a2fdcdc053f11ee592bbc1023541,,00 40 41 47 4d 68 ff,48 100 150 1000 1024 1064,Static source audit; unresolved timing/behavior unless described in review notes
scx_during_m3/scx_m3_extend_1_dmg08_cgb04c_out3.gbc,FAILED,FAILED,FAILED,3,https://github.com/pokemon-speedrunning/gambatte-core/blob/d819bad196/test/hwtests/scx_during_m3/scx_m3_extend_1_dmg08_cgb04c_out3.asm,4df178ce4f95f771c70943c24fa6521c6a1980820c4b13d7cbba8134e07570d0,41,40 41 43 47 68 69 ff,49 100 150 1000 1034 7000 7400,Static source audit; unresolved timing/behavior unless described in review notes
scx_during_m3/scx_m3_extend_ds_1_cgb04c_out3.gbc,FAILED,FAILED,FAILED,3,https://github.com/pokemon-speedrunning/gambatte-core/blob/d819bad196/test/hwtests/scx_during_m3/scx_m3_extend_ds_1_cgb04c_out3.asm,880e8846381d99a3825d73ce5126e4b491af980a9c5def7332dc2ddf13667d31,41,00 40 41 43 47 4d 68 69 ff,49 100 150 1000 1020 108c 7000 7400,Static source audit; unresolved timing/behavior unless described in review notes
scy/scx3/scy_during_m3_1.gbc,FAILED,FAILED,FAILED,PNG: scy_during_m3_1_cgb04c.png; scy_during_m3_1_dmg08.png,https://github.com/pokemon-speedrunning/gambatte-core/blob/d819bad196/test/hwtests/scy/scx3/scy_during_m3_1.asm,8c242de6b6c1b2e2d66b49a437539546ed1d0f167085d82a8c003c73d19b47a0,44,0f 43 47 68 ff,48 100 150 1000 102e,Static source audit; unresolved timing/behavior unless described in review notes
scy/scx3/scy_during_m3_2.gbc,FAILED,FAILED,FAILED,PNG: scy_during_m3_2_cgb04c.png; scy_during_m3_2_dmg08.png,https://github.com/pokemon-speedrunning/gambatte-core/blob/d819bad196/test/hwtests/scy/scx3/scy_during_m3_2.asm,f625a23c1bd2b8c6b1adcea49bc1df57966f58daf38bc7aaaa7ddfdc43d179b3,44,0f 43 47 68 ff,48 100 150 1000 102d,Static source audit; unresolved timing/behavior unless described in review notes
scy/scx3/scy_during_m3_3.gbc,FAILED,FAILED,FAILED,PNG: scy_during_m3_3_cgb04c.png; scy_during_m3_3_dmg08.png,https://github.com/pokemon-speedrunning/gambatte-core/blob/d819bad196/test/hwtests/scy/scx3/scy_during_m3_3.asm,c8a98b5d097d75e9c97bc08220dfae15b61be10f956f97deb463f01b6791ae5c,44,0f 43 47 68 ff,48 100 150 1000 102c,Static source audit; unresolved timing/behavior unless described in review notes
scy/scx3/scy_during_m3_4.gbc,FAILED,FAILED,FAILED,PNG: scy_during_m3_4_cgb04c.png; scy_during_m3_4_dmg08.png,https://github.com/pokemon-speedrunning/gambatte-core/blob/d819bad196/test/hwtests/scy/scx3/scy_during_m3_4.asm,c231b62b722b6a27df05661e2d376268df620842457e980e4a9f46dc823ee5a9,44,0f 43 47 68 ff,48 100 150 1000 102b,Static source audit; unresolved timing/behavior unless described in review notes
scy/scx3/scy_during_m3_5.gbc,FAILED,FAILED,FAILED,PNG: scy_during_m3_5_cgb04c.png; scy_during_m3_5_dmg08.png,https://github.com/pokemon-speedrunning/gambatte-core/blob/d819bad196/test/hwtests/scy/scx3/scy_during_m3_5.asm,b4d04872c730b07e99aa3b001c78b1fc7314899a8ee46cd0a518301000691442,44,0f 43 47 68 ff,48 100 150 1000 102a,Static source audit; unresolved timing/behavior unless described in review notes
scy/scx3/scy_during_m3_6.gbc,FAILED,FAILED,FAILED,PNG: scy_during_m3_6_cgb04c.png; scy_during_m3_6_dmg08.png,https://github.com/pokemon-speedrunning/gambatte-core/blob/d819bad196/test/hwtests/scy/scx3/scy_during_m3_6.asm,6d522e0672873f1252f17fc2be6eb4d98ce53bfd8ec70241b7caabbe1e26c0a9,44,0f 43 47 68 ff,48 100 150 1000 1029,Static source audit; unresolved timing/behavior unless described in review notes
scy/scy_during_m3_1.gbc,FAILED,FAILED,FAILED,PNG: scy_during_m3_1_cgb04c.png; scy_during_m3_1_dmg08.png,https://github.com/pokemon-speedrunning/gambatte-core/blob/d819bad196/test/hwtests/scy/scy_during_m3_1.asm,e2275c3270f729cd76c92e334b98a37acbab57aa0cbe5f08931f750102ab9aff,44,0f 47 68 ff,48 100 150 1000 102e,Static source audit; unresolved timing/behavior unless described in review notes
scy/scy_during_m3_2.gbc,FAILED,FAILED,FAILED,PNG: scy_during_m3_2_cgb04c.png; scy_during_m3_2_dmg08.png,https://github.com/pokemon-speedrunning/gambatte-core/blob/d819bad196/test/hwtests/scy/scy_during_m3_2.asm,e66960a4592057b661175df72d5b1c23a2cca3f27fe77cc9501783391aef507e,44,0f 47 68 ff,48 100 150 1000 102d,Static source audit; unresolved timing/behavior unless described in review notes
scy/scy_during_m3_3.gbc,FAILED,FAILED,FAILED,PNG: scy_during_m3_3_cgb04c.png; scy_during_m3_3_dmg08.png,https://github.com/pokemon-speedrunning/gambatte-core/blob/d819bad196/test/hwtests/scy/scy_during_m3_3.asm,11c7e64b1927cf8bc7f5d4d8c701e90bc18e0b30a890cd8e160116d95cfa003f,44,0f 47 68 ff,48 100 150 1000 102c,Static source audit; unresolved timing/behavior unless described in review notes
scy/scy_during_m3_4.gbc,FAILED,FAILED,FAILED,PNG: scy_during_m3_4_cgb04c.png; scy_during_m3_4_dmg08.png,https://github.com/pokemon-speedrunning/gambatte-core/blob/d819bad196/test/hwtests/scy/scy_during_m3_4.asm,43461e66f77bcbbd35862656634da1923db2f068b354faf14d81f8d92c2474ac,44,0f 47 68 ff,48 100 150 1000 102b,Static source audit; unresolved timing/behavior unless described in review notes
scy/scy_during_m3_5.gbc,FAILED,FAILED,FAILED,PNG: scy_during_m3_5_cgb04c.png; scy_during_m3_5_dmg08.png,https://github.com/pokemon-speedrunning/gambatte-core/blob/d819bad196/test/hwtests/scy/scy_during_m3_5.asm,16cb6cf22b39485a01baef08c53104592f4e3f1ed893c93afc5ddd51adda1991,44,0f 47 68 ff,48 100 150 1000 102a,Static source audit; unresolved timing/behavior unless described in review notes
scy/scy_during_m3_6.gbc,FAILED,FAILED,FAILED,PNG: scy_during_m3_6_cgb04c.png; scy_during_m3_6_dmg08.png,https://github.com/pokemon-speedrunning/gambatte-core/blob/d819bad196/test/hwtests/scy/scy_during_m3_6.asm,ad4db2036b28f3f1dfe287a7149a1c5f5d461f2287a009031bf3aa663f68a58c,44,0f 47 68 ff,48 100 150 1000 1029,Static source audit; unresolved timing/behavior unless described in review notes
scy/scy_during_m3_ds_1.gbc,FAILED,FAILED,FAILED,PNG: scy_during_m3_ds_1_cgb04c.png,https://github.com/pokemon-speedrunning/gambatte-core/blob/d819bad196/test/hwtests/scy/scy_during_m3_ds_1.asm,50b9e59c11f4e91718b8e37f79a9792f3a8e4d4033685cafdca00dc66f219d13,44,00 4d 68 ff,48 100 150 1000 1019 106c,Static source audit; unresolved timing/behavior unless described in review notes
scy/scy_during_m3_ds_2.gbc,FAILED,FAILED,FAILED,PNG: scy_during_m3_ds_2_cgb04c.png,https://github.com/pokemon-speedrunning/gambatte-core/blob/d819bad196/test/hwtests/scy/scy_during_m3_ds_2.asm,7f8a2a1bffaa3d5954b9b378459df1217c1e5d02e1776fb77cc6552d1c7b1af6,44,00 4d 68 ff,48 100 150 1000 101a 106b,Static source audit; unresolved timing/behavior unless described in review notes
scy/scy_during_m3_ds_3.gbc,FAILED,FAILED,FAILED,PNG: scy_during_m3_ds_3_cgb04c.png,https://github.com/pokemon-speedrunning/gambatte-core/blob/d819bad196/test/hwtests/scy/scy_during_m3_ds_3.asm,78530c410fefa2306cbdfb9265544cc509338bb03e35a9171582addb76047f92,44,00 4d 68 ff,48 100 150 1000 101b 106a,Static source audit; unresolved timing/behavior unless described in review notes
scy/scy_during_m3_ds_4.gbc,FAILED,FAILED,FAILED,PNG: scy_during_m3_ds_4_cgb04c.png,https://github.com/pokemon-speedrunning/gambatte-core/blob/d819bad196/test/hwtests/scy/scy_during_m3_ds_4.asm,0a03c096791a4f24ed151f5028c9cd7684e13e8304d74edc8a35aa89eeee8e20,44,00 4d 68 ff,48 100 150 1000 101c 1069,Static source audit; unresolved timing/behavior unless described in review notes
scy/scy_during_m3_ds_5.gbc,FAILED,FAILED,FAILED,PNG: scy_during_m3_ds_5_cgb04c.png,https://github.com/pokemon-speedrunning/gambatte-core/blob/d819bad196/test/hwtests/scy/scy_during_m3_ds_5.asm,0c26d781f9d35d434a99edea29277146e742d1bf525b05daf836418177749c29,44,00 4d 68 ff,48 100 150 1000 101d 1068,Static source audit; unresolved timing/behavior unless described in review notes
scy/scy_during_m3_ds_6.gbc,FAILED,FAILED,FAILED,PNG: scy_during_m3_ds_6_cgb04c.png,https://github.com/pokemon-speedrunning/gambatte-core/blob/d819bad196/test/hwtests/scy/scy_during_m3_ds_6.asm,8846faa475c3b05e4f6e651ed444c76baa68c8f76efa32039391b1e3c4f74437,44,00 4d 68 ff,48 100 150 1000 101e 1067,Static source audit; unresolved timing/behavior unless described in review notes
scy/scy_during_m3_ds_7.gbc,FAILED,FAILED,FAILED,PNG: scy_during_m3_ds_7_cgb04c.png,https://github.com/pokemon-speedrunning/gambatte-core/blob/d819bad196/test/hwtests/scy/scy_during_m3_ds_7.asm,7bd5257821e3a00f9c94a8c9f123fffb537ebde645b1f8e37a7543e505155710,44,00 4d 68 ff,48 100 150 1000 101f 1066,Static source audit; unresolved timing/behavior unless described in review notes
scy/scy_during_m3_spx08_1.gbc,FAILED,FAILED,FAILED,PNG: scy_during_m3_spx08_1_cgb04c.png; scy_during_m3_spx08_1_dmg08.png,https://github.com/pokemon-speedrunning/gambatte-core/blob/d819bad196/test/hwtests/scy/scy_during_m3_spx08_1.asm,bfff33ecdfaf6a7f9d72305bf3d2558474c4d050457427eb568cdbb6d5e68330,44,0f 40 47 48 68 6a ff,48 100 150 1000 102d,Static source audit; unresolved timing/behavior unless described in review notes
scy/scy_during_m3_spx08_2.gbc,FAILED,FAILED,FAILED,PNG: scy_during_m3_spx08_2_cgb04c.png; scy_during_m3_spx08_2_dmg08.png,https://github.com/pokemon-speedrunning/gambatte-core/blob/d819bad196/test/hwtests/scy/scy_during_m3_spx08_2.asm,ac6da4e77e1c9ddaa809e5ec0926f3c94f13bcf262624eb1118c51f42bc97cf6,44,0f 40 47 48 68 6a ff,48 100 150 1000 102c,Static source audit; unresolved timing/behavior unless described in review notes
scy/scy_during_m3_spx08_3.gbc,FAILED,FAILED,FAILED,PNG: scy_during_m3_spx08_3_cgb04c.png; scy_during_m3_spx08_3_dmg08.png,https://github.com/pokemon-speedrunning/gambatte-core/blob/d819bad196/test/hwtests/scy/scy_during_m3_spx08_3.asm,8c3caea21618f5e30ae7fad419c774726c0209a73ca7e7486ef6859f93e293d7,44,0f 40 47 48 68 6a ff,48 100 150 1000 102b,Static source audit; unresolved timing/behavior unless described in review notes
scy/scy_during_m3_spx08_4.gbc,FAILED,FAILED,FAILED,PNG: scy_during_m3_spx08_4_cgb04c.png,https://github.com/pokemon-speedrunning/gambatte-core/blob/d819bad196/test/hwtests/scy/scy_during_m3_spx08_4.asm,266dbd240e85e7cf538ea18d15928f98ec1f8a539bc4e9fd0844267a6d8c18fe,44,0f 40 47 48 68 6a ff,48 100 150 1000 102a,Static source audit; unresolved timing/behavior unless described in review notes
scy/scy_during_m3_spx08_ds_1.gbc,FAILED,FAILED,FAILED,PNG: scy_during_m3_spx08_ds_1_cgb04c.png,https://github.com/pokemon-speedrunning/gambatte-core/blob/d819bad196/test/hwtests/scy/scy_during_m3_spx08_ds_1.asm,4c355b8d126cad8abe11802753d78aa9c09a04997ac85ab97f083548565ffcb9,44,00 0f 40 4d 68 6a ff,48 100 150 1000 1027 106a,Static source audit; unresolved timing/behavior unless described in review notes
scy/scy_during_m3_spx08_ds_2.gbc,FAILED,FAILED,FAILED,PNG: scy_during_m3_spx08_ds_2_cgb04c.png,https://github.com/pokemon-speedrunning/gambatte-core/blob/d819bad196/test/hwtests/scy/scy_during_m3_spx08_ds_2.asm,9394cf91f1d76739f6ae2ccbc5a991db86a21616cc88c59404cab41e84186fab,44,00 0f 40 4d 68 6a ff,48 100 150 1000 1028 1069,Static source audit; unresolved timing/behavior unless described in review notes
scy/scy_during_m3_spx08_ds_3.gbc,FAILED,FAILED,FAILED,PNG: scy_during_m3_spx08_ds_3_cgb04c.png,https://github.com/pokemon-speedrunning/gambatte-core/blob/d819bad196/test/hwtests/scy/scy_during_m3_spx08_ds_3.asm,f9debde4d6e96249beec3381196186c18286e50ed94766bab91f05c78c8d46f7,44,00 0f 40 4d 68 6a ff,48 100 150 1000 1029 1068,Static source audit; unresolved timing/behavior unless described in review notes
scy/scy_during_m3_spx08_ds_4.gbc,FAILED,FAILED,FAILED,PNG: scy_during_m3_spx08_ds_4_cgb04c.png,https://github.com/pokemon-speedrunning/gambatte-core/blob/d819bad196/test/hwtests/scy/scy_during_m3_spx08_ds_4.asm,216a1bb4afefa7b215c624bacc356b7ce24afbc257268a1fbaec6b02c9974ef0,44,00 0f 40 4d 68 6a ff,48 100 150 1000 102a 1067,Static source audit; unresolved timing/behavior unless described in review notes
scy/scy_during_m3_spx09_1.gbc,FAILED,FAILED,FAILED,PNG: scy_during_m3_spx09_1_cgb04c.png; scy_during_m3_spx09_1_dmg08.png,https://github.com/pokemon-speedrunning/gambatte-core/blob/d819bad196/test/hwtests/scy/scy_during_m3_spx09_1.asm,f1810f7b084403e8730cba6acab7cf743c6ddedfecccec803668370c337fec6a,44,0f 40 47 48 68 6a ff,48 100 150 1000 102d,Static source audit; unresolved timing/behavior unless described in review notes
scy/scy_during_m3_spx09_2.gbc,FAILED,FAILED,FAILED,PNG: scy_during_m3_spx09_2_cgb04c.png; scy_during_m3_spx09_2_dmg08.png,https://github.com/pokemon-speedrunning/gambatte-core/blob/d819bad196/test/hwtests/scy/scy_during_m3_spx09_2.asm,ea8fca87ea6c9b432de4d423cb4bd1b2712e7fdc2eb45eaeaec21b4b6ced9c74,44,0f 40 47 48 68 6a ff,48 100 150 1000 102c,Static source audit; unresolved timing/behavior unless described in review notes
scy/scy_during_m3_spx09_3.gbc,FAILED,FAILED,FAILED,PNG: scy_during_m3_spx09_3_cgb04c.png; scy_during_m3_spx09_3_dmg08.png,https://github.com/pokemon-speedrunning/gambatte-core/blob/d819bad196/test/hwtests/scy/scy_during_m3_spx09_3.asm,b78ee0817f4b440b79040383f72f39c09c5da96f742c109fab18737cdc58216b,44,0f 40 47 48 68 6a ff,48 100 150 1000 102b,Static source audit; unresolved timing/behavior unless described in review notes
scy/scy_during_m3_spx09_4.gbc,FAILED,FAILED,FAILED,PNG: scy_during_m3_spx09_4_cgb04c.png,https://github.com/pokemon-speedrunning/gambatte-core/blob/d819bad196/test/hwtests/scy/scy_during_m3_spx09_4.asm,6b3ff3838e7e6d653d08d53877ab4ac806b5ebec0f0c7d98dc2feb45f8e87863,44,0f 40 47 48 68 6a ff,48 100 150 1000 102a,Static source audit; unresolved timing/behavior unless described in review notes
scy/scy_during_m3_spx09_ds_1.gbc,FAILED,FAILED,FAILED,PNG: scy_during_m3_spx09_ds_1_cgb04c.png,https://github.com/pokemon-speedrunning/gambatte-core/blob/d819bad196/test/hwtests/scy/scy_during_m3_spx09_ds_1.asm,47a5cc14f4e11e5c3219105b598736488d0b3ab1a0f6efc86f1e062c22113b66,44,00 0f 40 4d 68 6a ff,48 100 150 1000 1027 106a,Static source audit; unresolved timing/behavior unless described in review notes
scy/scy_during_m3_spx09_ds_2.gbc,FAILED,FAILED,FAILED,PNG: scy_during_m3_spx09_ds_2_cgb04c.png,https://github.com/pokemon-speedrunning/gambatte-core/blob/d819bad196/test/hwtests/scy/scy_during_m3_spx09_ds_2.asm,923152dd8257595aaf84363d6e67b2b8d66f04d2058c2ddbc471415e52b0c398,44,00 0f 40 4d 68 6a ff,48 100 150 1000 1028 1069,Static source audit; unresolved timing/behavior unless described in review notes
scy/scy_during_m3_spx09_ds_3.gbc,FAILED,FAILED,FAILED,PNG: scy_during_m3_spx09_ds_3_cgb04c.png,https://github.com/pokemon-speedrunning/gambatte-core/blob/d819bad196/test/hwtests/scy/scy_during_m3_spx09_ds_3.asm,4ef53bd9772ab3140174c8a27dc59c4988e3e378110b7636a7215e14157e25dd,44,00 0f 40 4d 68 6a ff,48 100 150 1000 1029 1068,Static source audit; unresolved timing/behavior unless described in review notes
scy/scy_during_m3_spx09_ds_4.gbc,FAILED,FAILED,FAILED,PNG: scy_during_m3_spx09_ds_4_cgb04c.png,https://github.com/pokemon-speedrunning/gambatte-core/blob/d819bad196/test/hwtests/scy/scy_during_m3_spx09_ds_4.asm,fcae594f137a2722117c639c6e115fa8dcc0ff3b138d84e4aef887978b10eeec,44,00 0f 40 4d 68 6a ff,48 100 150 1000 102a 1067,Static source audit; unresolved timing/behavior unless described in review notes
scy/scy_during_m3_spx0A_1.gbc,FAILED,FAILED,FAILED,PNG: scy_during_m3_spx0A_1_cgb04c.png; scy_during_m3_spx0A_1_dmg08.png,https://github.com/pokemon-speedrunning/gambatte-core/blob/d819bad196/test/hwtests/scy/scy_during_m3_spx0A_1.asm,b882d25ce8c9ef251a1820b16abd8ce0df9645a64f5b72413ee73918cb805de0,44,0f 40 47 48 68 6a ff,48 100 150 1000 102d,Static source audit; unresolved timing/behavior unless described in review notes
scy/scy_during_m3_spx0A_2.gbc,FAILED,FAILED,FAILED,PNG: scy_during_m3_spx0A_2_cgb04c.png; scy_during_m3_spx0A_2_dmg08.png,https://github.com/pokemon-speedrunning/gambatte-core/blob/d819bad196/test/hwtests/scy/scy_during_m3_spx0A_2.asm,bade82784c2f95ef00f28a153623e7ff984ccae5d8c959cfbabc942794f1f05b,44,0f 40 47 48 68 6a ff,48 100 150 1000 102c,Static source audit; unresolved timing/behavior unless described in review notes
scy/scy_during_m3_spx0A_3.gbc,FAILED,FAILED,FAILED,PNG: scy_during_m3_spx0A_3_cgb04c.png; scy_during_m3_spx0A_3_dmg08.png,https://github.com/pokemon-speedrunning/gambatte-core/blob/d819bad196/test/hwtests/scy/scy_during_m3_spx0A_3.asm,08208d187e49208f8fd18eeccd91ff44c31104261139d2bee4d50d4aba8b2dff,44,0f 40 47 48 68 6a ff,48 100 150 1000 102b,Static source audit; unresolved timing/behavior unless described in review notes
scy/scy_during_m3_spx0A_4.gbc,FAILED,FAILED,FAILED,PNG: scy_during_m3_spx0A_4_cgb04c.png,https://github.com/pokemon-speedrunning/gambatte-core/blob/d819bad196/test/hwtests/scy/scy_during_m3_spx0A_4.asm,5a683cc239106f45876a58f3c864c0d71e4a04551e9ef09751129e086ebee941,44,0f 40 47 48 68 6a ff,48 100 150 1000 102a,Static source audit; unresolved timing/behavior unless described in review notes
scy/scy_during_m3_spx0B_1.gbc,FAILED,FAILED,FAILED,PNG: scy_during_m3_spx0B_1_cgb04c.png; scy_during_m3_spx0B_1_dmg08.png,https://github.com/pokemon-speedrunning/gambatte-core/blob/d819bad196/test/hwtests/scy/scy_during_m3_spx0B_1.asm,92153fd3f01255bf5eb7576de05410506fd7a9ff33b64698537031c7c513f4b9,44,0f 40 47 48 68 6a ff,48 100 150 1000 102d,Static source audit; unresolved timing/behavior unless described in review notes
scy/scy_during_m3_spx0B_2.gbc,FAILED,FAILED,FAILED,PNG: scy_during_m3_spx0B_2_cgb04c.png; scy_during_m3_spx0B_2_dmg08.png,https://github.com/pokemon-speedrunning/gambatte-core/blob/d819bad196/test/hwtests/scy/scy_during_m3_spx0B_2.asm,ab10f2dcffa766909f35c26bfd3d59ea48284029f3e2a7829fbc1cc97b6fd4f6,44,0f 40 47 48 68 6a ff,48 100 150 1000 102c,Static source audit; unresolved timing/behavior unless described in review notes
scy/scy_during_m3_spx0B_3.gbc,FAILED,FAILED,FAILED,PNG: scy_during_m3_spx0B_3_cgb04c.png; scy_during_m3_spx0B_3_dmg08.png,https://github.com/pokemon-speedrunning/gambatte-core/blob/d819bad196/test/hwtests/scy/scy_during_m3_spx0B_3.asm,c4163689399cc99164d6004618a6aeea9b9274dcb03f514a15082d279ce25094,44,0f 40 47 48 68 6a ff,48 100 150 1000 102b,Static source audit; unresolved timing/behavior unless described in review notes
scy/scy_during_m3_spx0B_4.gbc,FAILED,FAILED,FAILED,PNG: scy_during_m3_spx0B_4_cgb04c.png,https://github.com/pokemon-speedrunning/gambatte-core/blob/d819bad196/test/hwtests/scy/scy_during_m3_spx0B_4.asm,711d58a56ea4d77092f368ba423cb52682ffa7078718a4560fca207df637c950,44,0f 40 47 48 68 6a ff,48 100 150 1000 102a,Static source audit; unresolved timing/behavior unless described in review notes
serial/div_write_start_wait_read_if_1_dmg08_cgb04c_outE0.gbc,FAILED,FAILED,FAILED,E0,https://github.com/pokemon-speedrunning/gambatte-core/blob/d819bad196/test/hwtests/serial/div_write_start_wait_read_if_1_dmg08_cgb04c_outE0.asm,2f6ed5b8dbf58b2aad51d9ea453bc197fdb763da87c584853f7a311681512ef3,0f,01 02 04 0f 40 43 47 68 69,100 150 54c 7000 7400,Static source audit; unresolved timing/behavior unless described in review notes
serial/div_write_start_wait_read_if_2_dmg08_cgb04c_outE8.gbc,FAILED,FAILED,FAILED,E8,https://github.com/pokemon-speedrunning/gambatte-core/blob/d819bad196/test/hwtests/serial/div_write_start_wait_read_if_2_dmg08_cgb04c_outE8.asm,6a67d6fccb0a35939e2bc6e7c5d16a2c75e26ca1446c49c44ec89e9d73f4496b,0f,01 02 04 0f 40 43 47 68 69,100 150 54d 7000 7400,Static source audit; unresolved timing/behavior unless described in review notes
serial/nopx1_div_write_start_wait_read_if_1_dmg08_cgb04c_outE0.gbc,FAILED,FAILED,FAILED,E0,https://github.com/pokemon-speedrunning/gambatte-core/blob/d819bad196/test/hwtests/serial/nopx1_div_write_start_wait_read_if_1_dmg08_cgb04c_outE0.asm,0499ee8f5c6d63d17fdb0660d401051670d4d6ef25a6db35ed98a9eb57bf75ba,0f,01 02 04 0f 40 43 47 68 69,100 150 54d 7000 7400,Static source audit; unresolved timing/behavior unless described in review notes
serial/nopx1_div_write_start_wait_read_if_2_dmg08_cgb04c_outE8.gbc,FAILED,FAILED,FAILED,E8,https://github.com/pokemon-speedrunning/gambatte-core/blob/d819bad196/test/hwtests/serial/nopx1_div_write_start_wait_read_if_2_dmg08_cgb04c_outE8.asm,431ca866748d7a3556289e0f5c1c5e49a8e62c2e5eb147c845a9e5ada7757db8,0f,01 02 04 0f 40 43 47 68 69,100 150 54e 7000 7400,Static source audit; unresolved timing/behavior unless described in review notes
serial/nopx1_start83_wait_read_if_1_dmg08_cgb04c_outE0.gbc,FAILED,FAILED,FAILED,E0,https://github.com/pokemon-speedrunning/gambatte-core/blob/d819bad196/test/hwtests/serial/nopx1_start83_wait_read_if_1_dmg08_cgb04c_outE0.asm,388a7fd08b7e4cdf5bc829052bc69976be02222f06eaeb995d2958285b9c1ce3,0f,01 02 0f 40 43 47 68 69 ff,58 100 150 1000 1002 1024 7000 7400,Static source audit; unresolved timing/behavior unless described in review notes
serial/nopx2_start_wait_read_if_1_dmg08_cgb04c_outE0.gbc,FAILED,FAILED,FAILED,E0,https://github.com/pokemon-speedrunning/gambatte-core/blob/d819bad196/test/hwtests/serial/nopx2_start_wait_read_if_1_dmg08_cgb04c_outE0.asm,0cd3b51c0ff047c9348bf8e61a0a7bc7983b72d792f5e7075ad6fc3af1e3fa0c,0f,01 02 0f 40 43 47 68 69 ff,58 100 150 1000 102f 1432 7000 7400,Static source audit; unresolved timing/behavior unless described in review notes
serial/start83_late_div_write_wait_read_if_1b_cgb04c_outE8.gbc,FAILED,FAILED,FAILED,E8,https://github.com/pokemon-speedrunning/gambatte-core/blob/d819bad196/test/hwtests/serial/start83_late_div_write_wait_read_if_1b_cgb04c_outE8.asm,aa8b46f4fd59a144791520a2c4077e062683ee725eab389a3431d4598baa2bd8,0f,01 02 04 0f 40 43 47 68 69,100 150 161 176 7000 7400,Static source audit; unresolved timing/behavior unless described in review notes
serial/start83_late_div_write_wait_read_if_2b_cgb04c_outE8.gbc,FAILED,FAILED,FAILED,E8,https://github.com/pokemon-speedrunning/gambatte-core/blob/d819bad196/test/hwtests/serial/start83_late_div_write_wait_read_if_2b_cgb04c_outE8.asm,5045bead7537d0051306c9696578ae7f18ccecf1d6b1c76ae84becd58e646ac1,0f,01 02 04 0f 40 43 47 68 69,100 150 162 175 7000 7400,Static source audit; unresolved timing/behavior unless described in review notes
serial/start_late_div_write_wait_read_if_1a_dmg08_cgb04c_outE0.gbc,FAILED,FAILED,FAILED,E0,https://github.com/pokemon-speedrunning/gambatte-core/blob/d819bad196/test/hwtests/serial/start_late_div_write_wait_read_if_1a_dmg08_cgb04c_outE0.asm,1d657356e10e70bc0a1515dcfe21d5c725182e23a36fcf28a202feac0b8d57af,0f,01 02 04 0f 40 43 47 68 69,100 150 4ec 56a 7000 7400,Static source audit; unresolved timing/behavior unless described in review notes
serial/start_late_div_write_wait_read_if_2a_dmg08_cgb04c_outE0.gbc,FAILED,FAILED,FAILED,E0,https://github.com/pokemon-speedrunning/gambatte-core/blob/d819bad196/test/hwtests/serial/start_late_div_write_wait_read_if_2a_dmg08_cgb04c_outE0.asm,1b54488f36d790d02f9d62bc88c082497ae17638e2914172aa861d1e43465b84,0f,01 02 04 0f 40 43 47 68 69,100 150 4ed 52b 7000 7400,Static source audit; unresolved timing/behavior unless described in review notes
serial/start_late_div_write_wait_read_if_2b_dmg08_cgb04c_outE8.gbc,FAILED,FAILED,FAILED,E8,https://github.com/pokemon-speedrunning/gambatte-core/blob/d819bad196/test/hwtests/serial/start_late_div_write_wait_read_if_2b_dmg08_cgb04c_outE8.asm,5c6fa795400a316fb5b04b150b56d5f0e70b9721f1c65d9b7cd66281e0af6b8c,0f,01 02 04 0f 40 43 47 68 69,100 150 4ed 52c 7000 7400,Static source audit; unresolved timing/behavior unless described in review notes
serial/start_late_div_write_wait_read_if_3a_dmg08_cgb04c_outE0.gbc,FAILED,FAILED,FAILED,E0,https://github.com/pokemon-speedrunning/gambatte-core/blob/d819bad196/test/hwtests/serial/start_late_div_write_wait_read_if_3a_dmg08_cgb04c_outE0.asm,9330a87a23a25de12ad578b3290357041a9a85c1728cfd405218ee5be3d06cfa,0f,01 02 04 0f 40 43 47 68 69,100 150 52c 56a 7000 7400,Static source audit; unresolved timing/behavior unless described in review notes
serial/start_late_div_write_wait_read_if_4_dmg08_cgb04c_outE8.gbc,FAILED,FAILED,FAILED,E8,https://github.com/pokemon-speedrunning/gambatte-core/blob/d819bad196/test/hwtests/serial/start_late_div_write_wait_read_if_4_dmg08_cgb04c_outE8.asm,6e0391543ce804014c54e24cc06182688dd51128ad569f17e1f4c0343720c337,0f,01 02 04 0f 40 43 47 68 69,100 150 52d 7000 7400,Static source audit; unresolved timing/behavior unless described in review notes
serial/start_wait_trigger_int8_read_if_2_dmg08_outE8_cgb04c_outE0.gbc,FAILED,FAILED,FAILED,E8 / E0,https://github.com/pokemon-speedrunning/gambatte-core/blob/d819bad196/test/hwtests/serial/start_wait_trigger_int8_read_if_2_dmg08_outE8_cgb04c_outE0.asm,c69004711bd0b31af6e2d28e965e7d266442ca6bf921e4fa1401de5a79cafc4e,0f,01 02 0f 40 43 47 68 69 ff,58 100 150 1000 13e8 7000 7400,Static source audit; unresolved timing/behavior unless described in review notes
sound/ch1_duty0_pattern_pos7_dmg08_cgb04c_outaudio1.gbc,FAILED,ok,ok,audio1,https://github.com/pokemon-speedrunning/gambatte-core/blob/d819bad196/test/hwtests/sound/ch1_duty0_pattern_pos7_dmg08_cgb04c_outaudio1.asm,38d8130f933363c62f7ac6d60b8bcea391f47ac09c22c7d81081ed332a63c7af,,11 12 13 14 24 25 26,100 150,Resolved by runner contract or core changes documented in GAMBATTE_REVIEW.md
sound/ch1_duty0_pos6_to_pos7_timing_2_dmg08_cgb04c_outaudio1.gbc,FAILED,ok,ok,audio1,https://github.com/pokemon-speedrunning/gambatte-core/blob/d819bad196/test/hwtests/sound/ch1_duty0_pos6_to_pos7_timing_2_dmg08_cgb04c_outaudio1.asm,5b15ae5aa8e4c7621eee5e8a45b997cd0422208eaec3f7a4b39df680c28370f6,,11 12 13 14 24 25 26,100 150,Resolved by runner contract or core changes documented in GAMBATTE_REVIEW.md
sound/ch1_duty0_pos6_to_pos7_timing_ds_2_cgb04c_outaudio1.gbc,FAILED,FAILED,FAILED,audio1,https://github.com/pokemon-speedrunning/gambatte-core/blob/d819bad196/test/hwtests/sound/ch1_duty0_pos6_to_pos7_timing_ds_2_cgb04c_outaudio1.asm,bb0989a2dbb9d71a9474d0efedbbe722be49992fcfa1f9c51a6107a90c32f224,,00 11 12 13 14 24 25 26 4d ff,100 150,Static source audit; unresolved timing/behavior unless described in review notes
sound/ch1_duty0_pos6_to_pos7_timing_ds_4_cgb04c_outaudio1.gbc,FAILED,FAILED,FAILED,audio1,https://github.com/pokemon-speedrunning/gambatte-core/blob/d819bad196/test/hwtests/sound/ch1_duty0_pos6_to_pos7_timing_ds_4_cgb04c_outaudio1.asm,48b361d56b5678cd2cdb3e8cdda57909cde595ff4306a264d02f258a5abea4dc,,00 11 12 13 14 24 25 26 4d ff,100 150,Static source audit; unresolved timing/behavior unless described in review notes
sound/ch1_duty0_pos6_to_pos7_timing_ds_6_cgb04c_outaudio1.gbc,FAILED,FAILED,FAILED,audio1,https://github.com/pokemon-speedrunning/gambatte-core/blob/d819bad196/test/hwtests/sound/ch1_duty0_pos6_to_pos7_timing_ds_6_cgb04c_outaudio1.asm,0f3bba40952465621be099524c3ead9e0042b32d5d30e4c3df50312ee61f26ab,,00 11 12 13 14 24 25 26 4d ff,100 150,Static source audit; unresolved timing/behavior unless described in review notes
sound/ch1_duty0_to_duty3_pos3_0_dmg08_cgb04c_outaudio1.gbc,FAILED,ok,ok,audio1,https://github.com/pokemon-speedrunning/gambatte-core/blob/d819bad196/test/hwtests/sound/ch1_duty0_to_duty3_pos3_0_dmg08_cgb04c_outaudio1.asm,0a27ebe56b5798aaa10a91f25558ae535ea401f57204e2856297ac7bbd958e13,,11 12 13 14 24 25 26,100 150,Resolved by runner contract or core changes documented in GAMBATTE_REVIEW.md
sound/ch1_duty0_to_duty3_pos3_2_dmg08_cgb04c_outaudio0.gbc,ok,FAILED,ok,audio0,https://github.com/pokemon-speedrunning/gambatte-core/blob/d819bad196/test/hwtests/sound/ch1_duty0_to_duty3_pos3_2_dmg08_cgb04c_outaudio0.asm,bc814b7fc552b292cfb9d67872362ea2044f796bc131af7a0d52193eb7a80bfc,,11 12 13 14 24 25 26,100 150,Resolved by runner contract or core changes documented in GAMBATTE_REVIEW.md
sound/ch1_duty0_to_duty3_pos3_dmg08_cgb04c_outaudio0.gbc,ok,FAILED,ok,audio0,https://github.com/pokemon-speedrunning/gambatte-core/blob/d819bad196/test/hwtests/sound/ch1_duty0_to_duty3_pos3_dmg08_cgb04c_outaudio0.asm,e5bc5b592fc5aa95a6fd68246a74ca711fb4b8294ad677caef26c06de9c5f09d,,11 12 13 14 24 25 26,100 150,Resolved by runner contract or core changes documented in GAMBATTE_REVIEW.md
sound/ch1_duty1_pattern_pos0_dmg08_cgb04c_outaudio0.gbc,ok,FAILED,ok,audio0,https://github.com/pokemon-speedrunning/gambatte-core/blob/d819bad196/test/hwtests/sound/ch1_duty1_pattern_pos0_dmg08_cgb04c_outaudio0.asm,4f47aae1c534a1e64ade6a5d6ed5635068e3ab5a9b2b70f83a1fed4efe76849c,,11 12 13 14 24 25 26,100 150,Resolved by runner contract or core changes documented in GAMBATTE_REVIEW.md
sound/ch1_duty1_pattern_pos7_dmg08_cgb04c_outaudio1.gbc,FAILED,ok,ok,audio1,https://github.com/pokemon-speedrunning/gambatte-core/blob/d819bad196/test/hwtests/sound/ch1_duty1_pattern_pos7_dmg08_cgb04c_outaudio1.asm,09aab42345192b85306d694c2f4efb2ec7af8627957900b51700a83ffc5310af,,11 12 13 14 24 25 26,100 150,Resolved by runner contract or core changes documented in GAMBATTE_REVIEW.md
sound/ch1_duty1_pattern_pos8_dmg08_cgb04c_outaudio1.gbc,FAILED,ok,ok,audio1,https://github.com/pokemon-speedrunning/gambatte-core/blob/d819bad196/test/hwtests/sound/ch1_duty1_pattern_pos8_dmg08_cgb04c_outaudio1.asm,745762465fbcd71b4d1bf6ed95bf5d0792017a747817dbfb00a857dbf6fba3fb,,11 12 13 14 24 25 26,100 150,Resolved by runner contract or core changes documented in GAMBATTE_REVIEW.md
sound/ch1_duty2_pattern_pos0_dmg08_cgb04c_outaudio0.gbc,ok,FAILED,ok,audio0,https://github.com/pokemon-speedrunning/gambatte-core/blob/d819bad196/test/hwtests/sound/ch1_duty2_pattern_pos0_dmg08_cgb04c_outaudio0.asm,66debcd745cce9c7c5e90f2e71776831066380d6f9a6995f80ed57901ad1b718,,11 12 13 14 24 25 26,100 150,Resolved by runner contract or core changes documented in GAMBATTE_REVIEW.md
sound/ch1_duty2_pattern_pos5_dmg08_cgb04c_outaudio1.gbc,FAILED,ok,ok,audio1,https://github.com/pokemon-speedrunning/gambatte-core/blob/d819bad196/test/hwtests/sound/ch1_duty2_pattern_pos5_dmg08_cgb04c_outaudio1.asm,ddbb57283db547a9202088c27cff0484128c703e8155c4102f6050d006c71735,,11 12 13 14 24 25 26,100 150,Resolved by runner contract or core changes documented in GAMBATTE_REVIEW.md
sound/ch1_duty2_pattern_pos6_dmg08_cgb04c_outaudio1.gbc,FAILED,ok,ok,audio1,https://github.com/pokemon-speedrunning/gambatte-core/blob/d819bad196/test/hwtests/sound/ch1_duty2_pattern_pos6_dmg08_cgb04c_outaudio1.asm,3524355426eff715e474df15ed923eca7a22c98069c471550dbb8c373189e363,,11 12 13 14 24 25 26,100 150,Resolved by runner contract or core changes documented in GAMBATTE_REVIEW.md
sound/ch1_duty2_pattern_pos7_dmg08_cgb04c_outaudio1.gbc,FAILED,ok,ok,audio1,https://github.com/pokemon-speedrunning/gambatte-core/blob/d819bad196/test/hwtests/sound/ch1_duty2_pattern_pos7_dmg08_cgb04c_outaudio1.asm,8c68eef7d673010fa6e1d03aadeeeb5f650ed5d18b71a7d382f533a018c923dd,,11 12 13 14 24 25 26,100 150,Resolved by runner contract or core changes documented in GAMBATTE_REVIEW.md
sound/ch1_duty2_pattern_pos8_dmg08_cgb04c_outaudio1.gbc,FAILED,ok,ok,audio1,https://github.com/pokemon-speedrunning/gambatte-core/blob/d819bad196/test/hwtests/sound/ch1_duty2_pattern_pos8_dmg08_cgb04c_outaudio1.asm,e20fade6a7175e3bafd0d190d639764d77ddbf681551677710d073c7af794f5d,,11 12 13 14 24 25 26,100 150,Resolved by runner contract or core changes documented in GAMBATTE_REVIEW.md
sound/ch1_duty3_pattern_pos1_dmg08_cgb04c_outaudio1.gbc,FAILED,ok,ok,audio1,https://github.com/pokemon-speedrunning/gambatte-core/blob/d819bad196/test/hwtests/sound/ch1_duty3_pattern_pos1_dmg08_cgb04c_outaudio1.asm,3d07bd08ae940725d52bb8e4bdf0de973786468579cfa13a6bfe7258652c9dd7,,11 12 13 14 24 25 26,100 150,Resolved by runner contract or core changes documented in GAMBATTE_REVIEW.md
sound/ch1_duty3_pattern_pos2_dmg08_cgb04c_outaudio1.gbc,FAILED,ok,ok,audio1,https://github.com/pokemon-speedrunning/gambatte-core/blob/d819bad196/test/hwtests/sound/ch1_duty3_pattern_pos2_dmg08_cgb04c_outaudio1.asm,e62d1f3f13bc6435e97d07c03d3c36b184478010cb0f32918b1c02d6114122b6,,11 12 13 14 24 25 26,100 150,Resolved by runner contract or core changes documented in GAMBATTE_REVIEW.md
sound/ch1_duty3_pattern_pos3_dmg08_cgb04c_outaudio1.gbc,FAILED,ok,ok,audio1,https://github.com/pokemon-speedrunning/gambatte-core/blob/d819bad196/test/hwtests/sound/ch1_duty3_pattern_pos3_dmg08_cgb04c_outaudio1.asm,c0a4bc23710fe85dd6639b8ef6fa965258f0823882e20da4d3d5ea3160d5c84c,,11 12 13 14 24 25 26,100 150,Resolved by runner contract or core changes documented in GAMBATTE_REVIEW.md
sound/ch1_duty3_pattern_pos4_dmg08_cgb04c_outaudio1.gbc,FAILED,ok,ok,audio1,https://github.com/pokemon-speedrunning/gambatte-core/blob/d819bad196/test/hwtests/sound/ch1_duty3_pattern_pos4_dmg08_cgb04c_outaudio1.asm,2f4e12828b98ad5ceeb5ce0964609ad1248c1b916cfd0c7678b8c09a90f6a9aa,,11 12 13 14 24 25 26,100 150,Resolved by runner contract or core changes documented in GAMBATTE_REVIEW.md
sound/ch1_duty3_pattern_pos5_dmg08_cgb04c_outaudio1.gbc,FAILED,ok,ok,audio1,https://github.com/pokemon-speedrunning/gambatte-core/blob/d819bad196/test/hwtests/sound/ch1_duty3_pattern_pos5_dmg08_cgb04c_outaudio1.asm,a0c8ff8fed0a12e6913994b358f7bb2c2b0e4d95f0a7cac8c2c470c752ce5da6,,11 12 13 14 24 25 26,100 150,Resolved by runner contract or core changes documented in GAMBATTE_REVIEW.md
sound/ch1_duty3_pattern_pos6_dmg08_cgb04c_outaudio1.gbc,FAILED,ok,ok,audio1,https://github.com/pokemon-speedrunning/gambatte-core/blob/d819bad196/test/hwtests/sound/ch1_duty3_pattern_pos6_dmg08_cgb04c_outaudio1.asm,0f60d000eff9ae3f128c2d162870ba1fc3fb4c4a842bfbcb8f2447673cb8f4c4,,11 12 13 14 24 25 26,100 150,Resolved by runner contract or core changes documented in GAMBATTE_REVIEW.md
sound/ch1_init_pos_1_dmg08_outaudio0_cgb04c_outaudio1.gbc,FAILED,FAILED,FAILED,audio0 / audio1,https://github.com/pokemon-speedrunning/gambatte-core/blob/d819bad196/test/hwtests/sound/ch1_init_pos_1_dmg08_outaudio0_cgb04c_outaudio1.asm,f2f57c3d55276c51cfe42f01456a1546a20322fb4091dc636b7ce1c808fb6925,,10 11 12 14 24 25,100 150,Static source audit; unresolved timing/behavior unless described in review notes
sound/ch1_init_pos_2_dmg08_cgb04c_outaudio1.gbc,FAILED,FAILED,FAILED,audio1,https://github.com/pokemon-speedrunning/gambatte-core/blob/d819bad196/test/hwtests/sound/ch1_init_pos_2_dmg08_cgb04c_outaudio1.asm,d3603b28e624ea41d53edd7a9150d719243eb9575aa8e11b4552cbd3d15f524d,,10 11 12 14 24 25,100 150,Static source audit; unresolved timing/behavior unless described in review notes
sound/ch1_init_pos_3_dmg08_cgb04c_outaudio1.gbc,FAILED,FAILED,FAILED,audio1,https://github.com/pokemon-speedrunning/gambatte-core/blob/d819bad196/test/hwtests/sound/ch1_init_pos_3_dmg08_cgb04c_outaudio1.asm,28536f2cb447977b8d843a753d3afdebbda5b22eb20c9d0a847890067f70c71e,,10 11 12 14 24 25,100 150,Static source audit; unresolved timing/behavior unless described in review notes
sound/ch1_init_pos_4_dmg08_outaudio1_cgb04c_outaudio0.gbc,FAILED,FAILED,FAILED,audio1 / audio0,https://github.com/pokemon-speedrunning/gambatte-core/blob/d819bad196/test/hwtests/sound/ch1_init_pos_4_dmg08_outaudio1_cgb04c_outaudio0.asm,94dd739e7ecfc7676604c95db0d28f3a3ed36d012ddaf286da14783d2dbc072c,,10 11 12 14 24 25,100 150,Static source audit; unresolved timing/behavior unless described in review notes
sound/ch1_init_pos_5_dmg08_outaudio1_cgb04c_outaudio0.gbc,FAILED,FAILED,FAILED,audio1 / audio0,https://github.com/pokemon-speedrunning/gambatte-core/blob/d819bad196/test/hwtests/sound/ch1_init_pos_5_dmg08_outaudio1_cgb04c_outaudio0.asm,5c557ce1f5f327fe0b2347a833178d0e76e9f5d883b254758f9dda09aee5959e,,10 11 12 14 24 25,100 150,Static source audit; unresolved timing/behavior unless described in review notes
sound/ch1_init_pos_8_dmg08_outaudio0_cgb04c_outaudio1.gbc,FAILED,FAILED,FAILED,audio0 / audio1,https://github.com/pokemon-speedrunning/gambatte-core/blob/d819bad196/test/hwtests/sound/ch1_init_pos_8_dmg08_outaudio0_cgb04c_outaudio1.asm,13c025ea230417578851bf42243c5b801197e4e63bfd7d6163a22c6cf34de86e,,10 11 12 14 24 25,100 150,Static source audit; unresolved timing/behavior unless described in review notes
sound/ch1_init_reset_sweep_counter_timing_10_dmg08_outaudio0_cgb04c_outaudio1.gbc,FAILED,FAILED,FAILED,audio0 / audio1,https://github.com/pokemon-speedrunning/gambatte-core/blob/d819bad196/test/hwtests/sound/ch1_init_reset_sweep_counter_timing_10_dmg08_outaudio0_cgb04c_outaudio1.asm,b91879a6715837a33fe7fbd6105ced8150d934e06a4715eb2b1b03d5a40a4c20,,10 12 13 14 24 25 26,100 150,Static source audit; unresolved timing/behavior unless described in review notes
sound/ch1_init_reset_sweep_counter_timing_1_dmg08_cgb04c_outaudio1.gbc,FAILED,ok,ok,audio1,https://github.com/pokemon-speedrunning/gambatte-core/blob/d819bad196/test/hwtests/sound/ch1_init_reset_sweep_counter_timing_1_dmg08_cgb04c_outaudio1.asm,14d1e54d49ba6574805e79dea5a92f2d40c4b6d952b83e02e6e61e7f4e4ce35d,,10 12 13 14 24 25 26,100 150,Resolved by runner contract or core changes documented in GAMBATTE_REVIEW.md
sound/ch1_init_reset_sweep_counter_timing_2_dmg08_xoutaudio1lowpitch_cgb04c_outaudio1.gbc,FAILED,ok,ok,audio1,https://github.com/pokemon-speedrunning/gambatte-core/blob/d819bad196/test/hwtests/sound/ch1_init_reset_sweep_counter_timing_2_dmg08_xoutaudio1lowpitch_cgb04c_outaudio1.asm,ff78ac85c8f72791156c6f156c8bffafff0afa476948e99aa262c326e0b3742b,,10 12 13 14 24 25 26,100 150,Resolved by runner contract or core changes documented in GAMBATTE_REVIEW.md
sound/ch1_init_reset_sweep_counter_timing_3_dmg08_outaudio0_cgb04c_outaudio1.gbc,FAILED,ok,ok,audio0 / audio1,https://github.com/pokemon-speedrunning/gambatte-core/blob/d819bad196/test/hwtests/sound/ch1_init_reset_sweep_counter_timing_3_dmg08_outaudio0_cgb04c_outaudio1.asm,ed8e2686c75ab529fcb7dc58fbe1f2e2e38ef664e8d217620899307bf0278cdb,,10 12 13 14 24 25 26,100 150,Resolved by runner contract or core changes documented in GAMBATTE_REVIEW.md
sound/ch1_init_reset_sweep_counter_timing_4_dmg08_outaudio1_cgb04c_outaudio0.gbc,FAILED,FAILED,FAILED,audio1 / audio0,https://github.com/pokemon-speedrunning/gambatte-core/blob/d819bad196/test/hwtests/sound/ch1_init_reset_sweep_counter_timing_4_dmg08_outaudio1_cgb04c_outaudio0.asm,51e63d5b77a8ce08fc78f20c22c53a00b8659223a89160e093567080efac510c,,10 12 13 14 24 25 26,100 150,Static source audit; unresolved timing/behavior unless described in review notes
sound/ch1_init_reset_sweep_counter_timing_7_dmg08_cgb04c_outaudio1.gbc,FAILED,ok,ok,audio1,https://github.com/pokemon-speedrunning/gambatte-core/blob/d819bad196/test/hwtests/sound/ch1_init_reset_sweep_counter_timing_7_dmg08_cgb04c_outaudio1.asm,895a0541d2ea80913d715f51ffbe419cb21cb72f3af64301c484fd90cb31117d,,10 12 13 14 24 25 26,100 150,Resolved by runner contract or core changes documented in GAMBATTE_REVIEW.md
sound/ch1_init_reset_sweep_counter_timing_8_dmg08_outaudio1_cgb_xoutaudio1lowpitch.gbc,FAILED,ok,ok,audio1,https://github.com/pokemon-speedrunning/gambatte-core/blob/d819bad196/test/hwtests/sound/ch1_init_reset_sweep_counter_timing_8_dmg08_outaudio1_cgb_xoutaudio1lowpitch.asm,55887b05babb3470ca2eb8af9433dbc3f5c75ebef116d4dcf4795437938116f0,,10 12 13 14 24 25 26,100 150,Resolved by runner contract or core changes documented in GAMBATTE_REVIEW.md
sound/ch1_init_reset_sweep_counter_timing_9_dmg08_outaudio1_cgb04c_outaudio0.gbc,FAILED,FAILED,FAILED,audio1 / audio0,https://github.com/pokemon-speedrunning/gambatte-core/blob/d819bad196/test/hwtests/sound/ch1_init_reset_sweep_counter_timing_9_dmg08_outaudio1_cgb04c_outaudio0.asm,d99693f12fe89e5d9b769872186733e8b4cd595021da63e847cb0df6e8ef81a6,,10 12 13 14 24 25 26,100 150,Static source audit; unresolved timing/behavior unless described in review notes
sound/ch1_init_reset_sweep_counter_timing_nr52_3_dmg08_out0_cgb04c_out1.gbc,FAILED,FAILED,FAILED,0 / 1,https://github.com/pokemon-speedrunning/gambatte-core/blob/d819bad196/test/hwtests/sound/ch1_init_reset_sweep_counter_timing_nr52_3_dmg08_out0_cgb04c_out1.asm,9c9602fd9a738b8582fcf69896fb0c969695861e79e99814cfc96838f37c7fd9,26 44,10 12 13 14 24 25 26 40 43 47 68 69,100 150 7000 7400,Static source audit; unresolved timing/behavior unless described in review notes
sound/ch2_init_env_counter_timing_2_dmg08_outaudio1_cgb04c_outaudio0.gbc,FAILED,FAILED,FAILED,audio1 / audio0,https://github.com/pokemon-speedrunning/gambatte-core/blob/d819bad196/test/hwtests/sound/ch2_init_env_counter_timing_2_dmg08_outaudio1_cgb04c_outaudio0.asm,ea4f1d1b1d2ad87ae3e16e09c3fdcee593a36dc415ab8e1e1e8eed6162c29577,,16 17 18 19 24 25,100 150,Static source audit; unresolved timing/behavior unless described in review notes
sound/ch2_init_env_counter_timing_3_dmg08_outaudio1_cgb04c_outaudio0.gbc,FAILED,FAILED,FAILED,audio1 / audio0,https://github.com/pokemon-speedrunning/gambatte-core/blob/d819bad196/test/hwtests/sound/ch2_init_env_counter_timing_3_dmg08_outaudio1_cgb04c_outaudio0.asm,1a13c7d2075b8c4a8b8c4021771d38032b6a37fb91e643bab71db92495075075,,16 17 18 19 24 25,100 150,Static source audit; unresolved timing/behavior unless described in review notes
sound/ch2_init_env_counter_timing_4_dmg08_cgb04c_outaudio1.gbc,FAILED,FAILED,FAILED,audio1,https://github.com/pokemon-speedrunning/gambatte-core/blob/d819bad196/test/hwtests/sound/ch2_init_env_counter_timing_4_dmg08_cgb04c_outaudio1.asm,4a5376abe83ba8092a8514d2ce6908ada278c8885361ced0150af71f90d82c93,,16 17 18 19 24 25,100 150,Static source audit; unresolved timing/behavior unless described in review notes
sound/ch2_init_pos_1_dmg08_cgb04c_outaudio0.gbc,ok,FAILED,ok,audio0,https://github.com/pokemon-speedrunning/gambatte-core/blob/d819bad196/test/hwtests/sound/ch2_init_pos_1_dmg08_cgb04c_outaudio0.asm,0ee587eab673ce3f968a1f4e67f7dab516a072967182061737f5df0521461aed,,16 17 18 19 24 25,100 150,Resolved by runner contract or core changes documented in GAMBATTE_REVIEW.md
sound/ch2_init_pos_2_dmg08_cgb04c_outaudio0.gbc,ok,FAILED,ok,audio0,https://github.com/pokemon-speedrunning/gambatte-core/blob/d819bad196/test/hwtests/sound/ch2_init_pos_2_dmg08_cgb04c_outaudio0.asm,cd35b4f4954180fe202cd79ef23f3ef35cd00f91fea27c486970beaca8122a7d,,16 17 18 19 24 25,100 150,Resolved by runner contract or core changes documented in GAMBATTE_REVIEW.md
sound/ch2_init_reset_env_counter_timing_10_dmg08_outaudio1_cgb04c_outaudio0.gbc,FAILED,ok,ok,audio1 / audio0,https://github.com/pokemon-speedrunning/gambatte-core/blob/d819bad196/test/hwtests/sound/ch2_init_reset_env_counter_timing_10_dmg08_outaudio1_cgb04c_outaudio0.asm,00b53f7a6f6985d74012ad572e42cad2c56a4aedb9bd683fe775891cb5b870f6,,16 17 18 19 24 25 26,100 150,Resolved by runner contract or core changes documented in GAMBATTE_REVIEW.md
sound/ch2_init_reset_env_counter_timing_11_dmg08_outaudio0_cgb04c_outaudio1.gbc,FAILED,FAILED,FAILED,audio0 / audio1,https://github.com/pokemon-speedrunning/gambatte-core/blob/d819bad196/test/hwtests/sound/ch2_init_reset_env_counter_timing_11_dmg08_outaudio0_cgb04c_outaudio1.asm,009c16d7f1dbf6ce61a4eb486c51e10b3638b3f3b31384c4e597cb6df3dd0349,,16 17 18 19 24 25 26,100 150,Static source audit; unresolved timing/behavior unless described in review notes
sound/ch2_init_reset_env_counter_timing_12_dmg08_cgb04c_outaudio1.gbc,FAILED,ok,ok,audio1,https://github.com/pokemon-speedrunning/gambatte-core/blob/d819bad196/test/hwtests/sound/ch2_init_reset_env_counter_timing_12_dmg08_cgb04c_outaudio1.asm,3b8f315fe7ab3d0495d871e5fcf92009bb8608e4eb66e164e6a77f900eec2ef9,,16 17 18 19 24 25 26,100 150,Resolved by runner contract or core changes documented in GAMBATTE_REVIEW.md
sound/ch2_init_reset_env_counter_timing_14_dmg08_outaudio0_cgb04c_outaudio1.gbc,FAILED,FAILED,FAILED,audio0 / audio1,https://github.com/pokemon-speedrunning/gambatte-core/blob/d819bad196/test/hwtests/sound/ch2_init_reset_env_counter_timing_14_dmg08_outaudio0_cgb04c_outaudio1.asm,f4cdbcff65ca2dfe805eff6ebe6069afa2e361761a534e63b5ccb2f827627441,,16 17 18 19 24 25 26,100 150,Static source audit; unresolved timing/behavior unless described in review notes
sound/ch2_init_reset_env_counter_timing_15_dmg08_outaudio1_cgb04c_outaudio0.gbc,FAILED,FAILED,FAILED,audio1 / audio0,https://github.com/pokemon-speedrunning/gambatte-core/blob/d819bad196/test/hwtests/sound/ch2_init_reset_env_counter_timing_15_dmg08_outaudio1_cgb04c_outaudio0.asm,0495303373549315ccdd8bd5f71c79e032c6f745c0e3da91e2092076df9df85b,,16 17 18 19 24 25 26,100 150,Static source audit; unresolved timing/behavior unless described in review notes
sound/ch2_init_reset_env_counter_timing_16_dmg08_cgb04c_outaudio1.gbc,FAILED,ok,ok,audio1,https://github.com/pokemon-speedrunning/gambatte-core/blob/d819bad196/test/hwtests/sound/ch2_init_reset_env_counter_timing_16_dmg08_cgb04c_outaudio1.asm,b2b3fa54260722e61c34128137d0e8d9f2a4e3c9daa020491497e52a075e4b1c,,16 17 18 19 24 25 26,100 150,Resolved by runner contract or core changes documented in GAMBATTE_REVIEW.md
sound/ch2_init_reset_env_counter_timing_2_dmg08_outaudio1_cgb04c_outaudio0.gbc,FAILED,ok,ok,audio1 / audio0,https://github.com/pokemon-speedrunning/gambatte-core/blob/d819bad196/test/hwtests/sound/ch2_init_reset_env_counter_timing_2_dmg08_outaudio1_cgb04c_outaudio0.asm,654aa44f49d7c6668d0f369f3945d52686ec460a80e9eeeacc6b6e948f47c2d6,,16 17 18 19 24 25 26,100 150,Resolved by runner contract or core changes documented in GAMBATTE_REVIEW.md
sound/ch2_init_reset_env_counter_timing_4_dmg08_outaudio0_cgb04c_outaudio1.gbc,FAILED,FAILED,FAILED,audio0 / audio1,https://github.com/pokemon-speedrunning/gambatte-core/blob/d819bad196/test/hwtests/sound/ch2_init_reset_env_counter_timing_4_dmg08_outaudio0_cgb04c_outaudio1.asm,c9be8675b71ba8fe823b15f7bbd4cfbe99498577fd464b6de739f906fb02699f,,16 17 18 19 24 25 26,100 150,Static source audit; unresolved timing/behavior unless described in review notes
sound/ch2_init_reset_env_counter_timing_5_dmg08_outaudio0_cgb04c_outaudio1.gbc,FAILED,FAILED,FAILED,audio0 / audio1,https://github.com/pokemon-speedrunning/gambatte-core/blob/d819bad196/test/hwtests/sound/ch2_init_reset_env_counter_timing_5_dmg08_outaudio0_cgb04c_outaudio1.asm,7a75fabe82dea89455fd2caac08be8c85d61c699f375bd444569c905236ffddd,,16 17 18 19 24 25 26,100 150,Static source audit; unresolved timing/behavior unless described in review notes
sound/ch2_init_reset_env_counter_timing_6_dmg08_cgb04c_outaudio1.gbc,FAILED,ok,ok,audio1,https://github.com/pokemon-speedrunning/gambatte-core/blob/d819bad196/test/hwtests/sound/ch2_init_reset_env_counter_timing_6_dmg08_cgb04c_outaudio1.asm,4d64cfe6d99bd670fb96641af747430b34760a7e6a707ddff406ca1e4888ca1a,,16 17 18 19 24 25 26,100 150,Resolved by runner contract or core changes documented in GAMBATTE_REVIEW.md
sound/ch2_init_reset_env_counter_timing_7_dmg08_outaudio1_cgb04c_outaudio0.gbc,FAILED,FAILED,FAILED,audio1 / audio0,https://github.com/pokemon-speedrunning/gambatte-core/blob/d819bad196/test/hwtests/sound/ch2_init_reset_env_counter_timing_7_dmg08_outaudio1_cgb04c_outaudio0.asm,a704d239888a30fc823ceff74201d6bc9f2badf2725ecbaac4eab97c37eab1bf,,16 17 18 19 24 25 26,100 150,Static source audit; unresolved timing/behavior unless described in review notes
sound/ch2_init_reset_env_counter_timing_8_dmg08_cgb04c_outaudio1.gbc,FAILED,ok,ok,audio1,https://github.com/pokemon-speedrunning/gambatte-core/blob/d819bad196/test/hwtests/sound/ch2_init_reset_env_counter_timing_8_dmg08_cgb04c_outaudio1.asm,53b06e4bc350cbecac99ace1e0f0d0037ef7be9ebb74f3bd6771a1fc98fcc51b,,16 17 18 19 24 25 26,100 150,Resolved by runner contract or core changes documented in GAMBATTE_REVIEW.md
sound/ch2_init_reset_length_counter_timing_1_dmg08_cgb04c_outaudio1.gbc,FAILED,ok,ok,audio1,https://github.com/pokemon-speedrunning/gambatte-core/blob/d819bad196/test/hwtests/sound/ch2_init_reset_length_counter_timing_1_dmg08_cgb04c_outaudio1.asm,8f134a4e68805e0b31aae700b5ac787c81ef01f27d6bd2fa44d393c5fdef00cd,,16 17 18 19 24 25 26,100 150,Resolved by runner contract or core changes documented in GAMBATTE_REVIEW.md
sound/ch2_init_reset_length_counter_timing_2_dmg08_outaudio0_cgb04c_outaudio1.gbc,FAILED,ok,ok,audio0 / audio1,https://github.com/pokemon-speedrunning/gambatte-core/blob/d819bad196/test/hwtests/sound/ch2_init_reset_length_counter_timing_2_dmg08_outaudio0_cgb04c_outaudio1.asm,abfa89c9048119367b14e4940bdf5345ae743b71fd2a3b7f03bdd3e5104b0135,,16 17 18 19 24 25 26,100 150,Resolved by runner contract or core changes documented in GAMBATTE_REVIEW.md
sound/ch2_init_reset_length_counter_timing_3_dmg08_outaudio1_cgb04c_outaudio0.gbc,FAILED,ok,ok,audio1 / audio0,https://github.com/pokemon-speedrunning/gambatte-core/blob/d819bad196/test/hwtests/sound/ch2_init_reset_length_counter_timing_3_dmg08_outaudio1_cgb04c_outaudio0.asm,89fc5ae07441b4d8e2e6d60d12cd015dcd7cd1aae448fe8e32550d6d484f777f,,16 17 18 19 24 25 26,100 150,Resolved by runner contract or core changes documented in GAMBATTE_REVIEW.md
sound/ch2_init_reset_length_counter_timing_5_dmg08_cgb04c_outaudio1.gbc,FAILED,ok,ok,audio1,https://github.com/pokemon-speedrunning/gambatte-core/blob/d819bad196/test/hwtests/sound/ch2_init_reset_length_counter_timing_5_dmg08_cgb04c_outaudio1.asm,4a61617d9c2b33fe44165ba9167a73d395d278058ce0329320d8d1f1f471c912,,16 17 18 19 24 25 26,100 150,Resolved by runner contract or core changes documented in GAMBATTE_REVIEW.md
sound/ch2_init_reset_length_counter_timing_6_dmg08_outaudio1_cgb04c_outaudio0.gbc,FAILED,FAILED,FAILED,audio1 / audio0,https://github.com/pokemon-speedrunning/gambatte-core/blob/d819bad196/test/hwtests/sound/ch2_init_reset_length_counter_timing_6_dmg08_outaudio1_cgb04c_outaudio0.asm,dcf635cb8dfeb4409ff8899ba6196fecca1cf6c3afef8d97c57a6fad0ff9967f,,16 17 18 19 24 25 26,100 150,Static source audit; unresolved timing/behavior unless described in review notes
sound/ch2_init_reset_length_counter_timing_7_dmg08_outaudio0_cgb04c_outaudio1.gbc,FAILED,FAILED,FAILED,audio0 / audio1,https://github.com/pokemon-speedrunning/gambatte-core/blob/d819bad196/test/hwtests/sound/ch2_init_reset_length_counter_timing_7_dmg08_outaudio0_cgb04c_outaudio1.asm,7adcae778ef264930f5834874ecaa74a5075971aa1f6954af8c1c6d1f7a43f94,,16 17 18 19 24 25 26,100 150,Static source audit; unresolved timing/behavior unless described in review notes
sound/ch2_init_reset_length_counter_timing_nr52_1_dmg08_out2_cgb04c_out0.gbc,FAILED,FAILED,FAILED,2 / 0,https://github.com/pokemon-speedrunning/gambatte-core/blob/d819bad196/test/hwtests/sound/ch2_init_reset_length_counter_timing_nr52_1_dmg08_out2_cgb04c_out0.asm,d6626742f5e3c1e9d4bdd3ea58172fe0ddf9c4ad58db0fd0a3e1b0e9d825e93c,26 44,16 17 18 19 24 25 26 40 43 47 68 69,100 150 7000 7400,Static source audit; unresolved timing/behavior unless described in review notes
sound/ch2_init_reset_length_counter_timing_nr52_2_dmg08_cgb04c_out0.gbc,FAILED,FAILED,FAILED,0,https://github.com/pokemon-speedrunning/gambatte-core/blob/d819bad196/test/hwtests/sound/ch2_init_reset_length_counter_timing_nr52_2_dmg08_cgb04c_out0.asm,1d51a30844f6825311b11b64f24c53147b0ce717ab59ca2affc9565df76e866e,26 44,16 17 18 19 24 25 26 40 43 47 68 69,100 150 7000 7400,Static source audit; unresolved timing/behavior unless described in review notes
sound/ch2_init_reset_length_counter_timing_nr52_4_dmg08_out2_cgb04c_out0.gbc,FAILED,FAILED,FAILED,2 / 0,https://github.com/pokemon-speedrunning/gambatte-core/blob/d819bad196/test/hwtests/sound/ch2_init_reset_length_counter_timing_nr52_4_dmg08_out2_cgb04c_out0.asm,4d28b3a3bb288bbac5f12dfc9b691f25f88937756a5bd7e679d0429fd79101eb,26 44,16 17 18 19 24 25 26 40 43 47 68 69,100 150 7000 7400,Static source audit; unresolved timing/behavior unless described in review notes
sound/ch2_late_reset_nr52_2b_dmg08_cgb04c_out0.gbc,FAILED,FAILED,FAILED,0,https://github.com/pokemon-speedrunning/gambatte-core/blob/d819bad196/test/hwtests/sound/ch2_late_reset_nr52_2b_dmg08_cgb04c_out0.asm,42a997b89ee986567cb7f51346434874a0626912bdc62c53830860dfb1c66b17,26 44,04 16 17 18 19 26 40 43 47 68 69,100 150 54e 7000 7400,Static source audit; unresolved timing/behavior unless described in review notes
sound/ch2_late_reset_nr52_ds_2b_cgb04c_out0.gbc,FAILED,FAILED,FAILED,0,https://github.com/pokemon-speedrunning/gambatte-core/blob/d819bad196/test/hwtests/sound/ch2_late_reset_nr52_ds_2b_cgb04c_out0.asm,849017dfbee39290ffa661f77464c042e2c33922338d7496466eaded0e84a037,26 44,00 16 17 18 19 26 40 43 47 4d 68 69 ff,100 150 95b 7000 7400,Static source audit; unresolved timing/behavior unless described in review notes
sound/ch3_reset_nr4init_freq7fd_read_ff30_1_dmg08_cgb04c_out10.gbc,FAILED,FAILED,FAILED,10,https://github.com/pokemon-speedrunning/gambatte-core/blob/d819bad196/test/hwtests/sound/ch3_reset_nr4init_freq7fd_read_ff30_1_dmg08_cgb04c_out10.asm,b3d4defd933186f9744e4d0840c7705a3b2281d04c63e4b7bfdb723b6ea4322c,30,1a 1d 1e 26 40 43 47 68 69,100 150 7000 7400,Static source audit; unresolved timing/behavior unless described in review notes
sound/ch3_reset_nr4init_freq7fd_read_ff30_4_dmg08_cgb04c_out32.gbc,FAILED,FAILED,FAILED,32,https://github.com/pokemon-speedrunning/gambatte-core/blob/d819bad196/test/hwtests/sound/ch3_reset_nr4init_freq7fd_read_ff30_4_dmg08_cgb04c_out32.asm,85d8912f3654a4735a36a83de05d8f7e0915b4ea963b9554071e6b8e51bf7036,30,1a 1d 1e 26 40 43 47 68 69,100 150 7000 7400,Static source audit; unresolved timing/behavior unless described in review notes
sound/ch3_reset_nr4init_freq7ff_read_ff30_1_dmg08_cgb04c_out32.gbc,FAILED,FAILED,FAILED,32,https://github.com/pokemon-speedrunning/gambatte-core/blob/d819bad196/test/hwtests/sound/ch3_reset_nr4init_freq7ff_read_ff30_1_dmg08_cgb04c_out32.asm,774f549f87b50e9c3a02db24c469638b0d934c923fe97ad77cb5b3a66099cec7,30,1a 1d 1e 26 40 43 47 68 69,100 150 7000 7400,Static source audit; unresolved timing/behavior unless described in review notes
sound/ch3_reset_nr4init_freq7ff_read_ff30_2_dmg08_cgb04c_out54.gbc,FAILED,FAILED,FAILED,54,https://github.com/pokemon-speedrunning/gambatte-core/blob/d819bad196/test/hwtests/sound/ch3_reset_nr4init_freq7ff_read_ff30_2_dmg08_cgb04c_out54.asm,b45d9cfb51526bd3216bd2b886184b4b8c346316d0c54f847cde7bfb2bfcfd54,30,1a 1d 1e 26 40 43 47 68 69,100 150 7000 7400,Static source audit; unresolved timing/behavior unless described in review notes
sound/ch4_div_write_reset_length_counter_timing_nr52_2_dmg08_cgb04c_outF0.gbc,FAILED,FAILED,FAILED,F0,https://github.com/pokemon-speedrunning/gambatte-core/blob/d819bad196/test/hwtests/sound/ch4_div_write_reset_length_counter_timing_nr52_2_dmg08_cgb04c_outF0.asm,2d512624c6065392836d0038d5290aaa539e63a7f3c05c340a1dc6365b335555,26,04 20 21 22 23 24 25 26 40 43 47 68 69,100 150 7000 7400,Static source audit; unresolved timing/behavior unless described in review notes
sound/ch4_late_div_write_nr52_1b_dmg08_cgb04c_outF0.gbc,FAILED,FAILED,FAILED,F0,https://github.com/pokemon-speedrunning/gambatte-core/blob/d819bad196/test/hwtests/sound/ch4_late_div_write_nr52_1b_dmg08_cgb04c_outF0.asm,ade74a7fcd93325c3f768ecc40ded24bfc5f53149536dcfb576b55828b46ff2e,26,04 20 21 22 23 24 25 26 40 43 47 68 69,100 150 547 7000 7400,Static source audit; unresolved timing/behavior unless described in review notes
sound/ch4_late_div_write_nr52_2b_dmg08_cgb04c_outF0.gbc,FAILED,FAILED,FAILED,F0,https://github.com/pokemon-speedrunning/gambatte-core/blob/d819bad196/test/hwtests/sound/ch4_late_div_write_nr52_2b_dmg08_cgb04c_outF0.asm,8961507c568181caf64c5017a5fa4bc574accdd146fdef86eb99d21b3b942225,26,04 20 21 22 23 24 25 26 40 43 47 68 69,100 150 548 7000 7400,Static source audit; unresolved timing/behavior unless described in review notes
speedchange/speedchange2_ch1_duty0_pos6_to_pos7_timing_2_cgb04c_outaudio1.gbc,FAILED,ok,ok,audio1,https://github.com/pokemon-speedrunning/gambatte-core/blob/d819bad196/test/hwtests/speedchange/speedchange2_ch1_duty0_pos6_to_pos7_timing_2_cgb04c_outaudio1.asm,a27f4011e693bfdd210a554e2e3c7521a2b9d5b0ec09b980ad639ee644cdb888,,00 11 12 13 14 24 25 26 4d ff,100 150,Resolved by runner contract or core changes documented in GAMBATTE_REVIEW.md
speedchange/speedchange2_ch1_duty0_pos6_to_pos7_timing_ds_2_cgb04c_outaudio1.gbc,FAILED,FAILED,FAILED,audio1,https://github.com/pokemon-speedrunning/gambatte-core/blob/d819bad196/test/hwtests/speedchange/speedchange2_ch1_duty0_pos6_to_pos7_timing_ds_2_cgb04c_outaudio1.asm,5ee6aa81f07cfc20ef2f884702bb669afe31360fc9ea86758e009983ef4c2489,,00 11 12 13 14 24 25 26 4d ff,100 150,Static source audit; unresolved timing/behavior unless described in review notes
speedchange/speedchange2_ch1_duty0_pos6_to_pos7_timing_nop_2_cgb04c_outaudio1.gbc,FAILED,FAILED,FAILED,audio1,https://github.com/pokemon-speedrunning/gambatte-core/blob/d819bad196/test/hwtests/speedchange/speedchange2_ch1_duty0_pos6_to_pos7_timing_nop_2_cgb04c_outaudio1.asm,1144e980a6ed6c7443623d24a39c30b8dfa7e78991c87071fda2645fcd3f1065,,00 11 12 13 14 24 25 26 4d ff,100 150,Static source audit; unresolved timing/behavior unless described in review notes
speedchange/speedchange2_ch1_duty0_pos6_to_pos7_timing_nop_ds_2_cgb04c_outaudio1.gbc,FAILED,FAILED,FAILED,audio1,https://github.com/pokemon-speedrunning/gambatte-core/blob/d819bad196/test/hwtests/speedchange/speedchange2_ch1_duty0_pos6_to_pos7_timing_nop_ds_2_cgb04c_outaudio1.asm,0ffae8c4ffc849fde29301b9b3b04d6d12518946c2482f6cb37b816cd46e7d85,,00 11 12 13 14 24 25 26 4d ff,100 150,Static source audit; unresolved timing/behavior unless described in review notes
speedchange/speedchange2_lcdoff_m2int_m3stat_scx2_2_cgb04c_out0.gbc,FAILED,FAILED,FAILED,0,https://github.com/pokemon-speedrunning/gambatte-core/blob/d819bad196/test/hwtests/speedchange/speedchange2_lcdoff_m2int_m3stat_scx2_2_cgb04c_out0.asm,81f41dedcfeea7095000622888e97af7efe50ae9b587ff45005eccf9885cdf5f,41,00 0f 40 43 47 4d 68 69 ff,48 100 150 1000 1033 7000 7400,Static source audit; unresolved timing/behavior unless described in review notes
speedchange/speedchange2_lcdoff_nop_m2int_m3stat_scx1_1_cgb04c_out3.gbc,FAILED,FAILED,FAILED,3,https://github.com/pokemon-speedrunning/gambatte-core/blob/d819bad196/test/hwtests/speedchange/speedchange2_lcdoff_nop_m2int_m3stat_scx1_1_cgb04c_out3.asm,5aa8bf4265c4d3c22f8cd9faaf74b7160d7bc6680d48cfa8fecc340cc1e2ac02,41,00 0f 40 43 47 4d 68 69 ff,48 100 150 1000 1033 7000 7400,Static source audit; unresolved timing/behavior unless described in review notes
speedchange/speedchange2_lcdoff_nopx2_m2int_m3stat_scx2_2_cgb04c_out0.gbc,FAILED,FAILED,FAILED,0,https://github.com/pokemon-speedrunning/gambatte-core/blob/d819bad196/test/hwtests/speedchange/speedchange2_lcdoff_nopx2_m2int_m3stat_scx2_2_cgb04c_out0.asm,e88a4b6dcd508b84877a26e07b3d0216284f1caca1ac3bfcb8759cabdcd61461,41,00 0f 40 43 47 4d 68 69 ff,48 100 150 1000 1033 7000 7400,Static source audit; unresolved timing/behavior unless described in review notes
speedchange/speedchange2_nop_ch1_duty0_pos6_to_pos7_timing_ds_2_cgb04c_outaudio1.gbc,FAILED,FAILED,FAILED,audio1,https://github.com/pokemon-speedrunning/gambatte-core/blob/d819bad196/test/hwtests/speedchange/speedchange2_nop_ch1_duty0_pos6_to_pos7_timing_ds_2_cgb04c_outaudio1.asm,a0e5017e96c293cd7fe8efd13232e26a76efec58d399e4fcc60266e023aa72ee,,00 11 12 13 14 24 25 26 4d ff,100 150,Static source audit; unresolved timing/behavior unless described in review notes
speedchange/speedchange2_nop_lcdoff_m2int_m3stat_scx2_2_cgb04c_out0.gbc,FAILED,FAILED,FAILED,0,https://github.com/pokemon-speedrunning/gambatte-core/blob/d819bad196/test/hwtests/speedchange/speedchange2_nop_lcdoff_m2int_m3stat_scx2_2_cgb04c_out0.asm,9fbf6ec2dac83a4bf95620c3adec79047f7fa38bea049a0c4698133cd014c757,41,00 0f 40 43 47 4d 68 69 ff,48 100 150 1000 1033 7000 7400,Static source audit; unresolved timing/behavior unless described in review notes
speedchange/speedchange2_nop_lcdoff_nop_m2int_m3stat_scx1_1_cgb04c_out3.gbc,FAILED,FAILED,FAILED,3,https://github.com/pokemon-speedrunning/gambatte-core/blob/d819bad196/test/hwtests/speedchange/speedchange2_nop_lcdoff_nop_m2int_m3stat_scx1_1_cgb04c_out3.asm,c5f8259a8eeb9408e9f2d1861cc283a7a02eda0ef24041d467ae95b3a238d150,41,00 0f 40 43 47 4d 68 69 ff,48 100 150 1000 1033 7000 7400,Static source audit; unresolved timing/behavior unless described in review notes
speedchange/speedchange2_nop_lcdoff_nopx2_m2int_m3stat_scx2_2_cgb04c_out0.gbc,FAILED,FAILED,FAILED,0,https://github.com/pokemon-speedrunning/gambatte-core/blob/d819bad196/test/hwtests/speedchange/speedchange2_nop_lcdoff_nopx2_m2int_m3stat_scx2_2_cgb04c_out0.asm,f188b1a4177235b8fbf092dd72bc56f0fd09e34abe283ec586671bc4738bf80a,41,00 0f 40 43 47 4d 68 69 ff,48 100 150 1000 1033 7000 7400,Static source audit; unresolved timing/behavior unless described in review notes
speedchange/speedchange2_tima02_2a_cgb04c_out03.gbc,FAILED,ok,ok,03,https://github.com/pokemon-speedrunning/gambatte-core/blob/d819bad196/test/hwtests/speedchange/speedchange2_tima02_2a_cgb04c_out03.asm,a67bdc3165383d0f60ad9211c91ec5fff9025e8dfa5bfbcf8d37c1291c1ab840,05,00 05 06 07 0f 40 43 47 4d 68 69 ff,50 100 150 1000 1010 101e 7000 7400,Resolved by runner contract or core changes documented in GAMBATTE_REVIEW.md
speedchange/speedchange2_tima02_2b_cgb04c_out04.gbc,FAILED,ok,ok,04,https://github.com/pokemon-speedrunning/gambatte-core/blob/d819bad196/test/hwtests/speedchange/speedchange2_tima02_2b_cgb04c_out04.asm,c62c8c7f88a9699ab1aa72c4dcce555b928df099968578915cee41be7a7138a9,05,00 05 06 07 0f 40 43 47 4d 68 69 ff,50 100 150 1000 1010 101f 7000 7400,Resolved by runner contract or core changes documented in GAMBATTE_REVIEW.md
speedchange/speedchange2_tima03_2a_cgb04c_out01.gbc,FAILED,ok,ok,01,https://github.com/pokemon-speedrunning/gambatte-core/blob/d819bad196/test/hwtests/speedchange/speedchange2_tima03_2a_cgb04c_out01.asm,1ee71384ce6d7743ba24518c336123f094a5dd1bb7855c4793c320eaa5da7528,05,00 05 06 07 0f 40 43 47 4d 68 69 ff,50 100 150 1000 1028 1066 7000 7400,Resolved by runner contract or core changes documented in GAMBATTE_REVIEW.md
speedchange/speedchange2_tima03_2b_cgb04c_out02.gbc,FAILED,ok,ok,02,https://github.com/pokemon-speedrunning/gambatte-core/blob/d819bad196/test/hwtests/speedchange/speedchange2_tima03_2b_cgb04c_out02.asm,cf5cb6916006ac0440b6574e566807456416625964137c954bf7d60b6801c977,05,00 05 06 07 0f 40 43 47 4d 68 69 ff,50 100 150 1000 1028 1067 7000 7400,Resolved by runner contract or core changes documented in GAMBATTE_REVIEW.md
speedchange/speedchange3_ch1_duty0_pos6_to_pos7_timing_2_cgb04c_outaudio1.gbc,FAILED,FAILED,FAILED,audio1,https://github.com/pokemon-speedrunning/gambatte-core/blob/d819bad196/test/hwtests/speedchange/speedchange3_ch1_duty0_pos6_to_pos7_timing_2_cgb04c_outaudio1.asm,29a4e81cf6c1b69be1de2d62c8eb617a08abb17d649fb777eedb3047578b8a9b,,00 11 12 13 14 24 25 26 4d ff,100 150,Static source audit; unresolved timing/behavior unless described in review notes
speedchange/speedchange3_ch1_duty0_pos6_to_pos7_timing_nop_2_cgb04c_outaudio1.gbc,FAILED,FAILED,FAILED,audio1,https://github.com/pokemon-speedrunning/gambatte-core/blob/d819bad196/test/hwtests/speedchange/speedchange3_ch1_duty0_pos6_to_pos7_timing_nop_2_cgb04c_outaudio1.asm,94e82c3306e3c3881e74a2c943a1d5aee0331e6dc2af8919d59c8c11189bd1ba,,00 11 12 13 14 24 25 26 4d ff,100 150,Static source audit; unresolved timing/behavior unless described in review notes
speedchange/speedchange3_nop_ch1_duty0_pos6_to_pos7_timing_2_cgb04c_outaudio1.gbc,FAILED,FAILED,FAILED,audio1,https://github.com/pokemon-speedrunning/gambatte-core/blob/d819bad196/test/hwtests/speedchange/speedchange3_nop_ch1_duty0_pos6_to_pos7_timing_2_cgb04c_outaudio1.asm,3963c86f50724c194056b57f1871f6d5d6a8cd80b9eb104f4becbd5152cdbee5,,00 11 12 13 14 24 25 26 4d ff,100 150,Static source audit; unresolved timing/behavior unless described in review notes
speedchange/speedchange4_ch1_duty0_pos6_to_pos7_timing_2_cgb04c_outaudio1.gbc,FAILED,ok,ok,audio1,https://github.com/pokemon-speedrunning/gambatte-core/blob/d819bad196/test/hwtests/speedchange/speedchange4_ch1_duty0_pos6_to_pos7_timing_2_cgb04c_outaudio1.asm,59750851b3443c6c6cfb29ef9a6a8016a798314b15ac9560b63de906566be6d5,,00 11 12 13 14 24 25 26 4d ff,100 150,Resolved by runner contract or core changes documented in GAMBATTE_REVIEW.md
speedchange/speedchange4_ch1_duty0_pos6_to_pos7_timing_nop_2_cgb04c_outaudio1.gbc,FAILED,ok,ok,audio1,https://github.com/pokemon-speedrunning/gambatte-core/blob/d819bad196/test/hwtests/speedchange/speedchange4_ch1_duty0_pos6_to_pos7_timing_nop_2_cgb04c_outaudio1.asm,9e0f2333cf78b5c9666ead68d30ec1c4522b7728163a490c745706e726affa13,,00 11 12 13 14 24 25 26 4d ff,100 150,Resolved by runner contract or core changes documented in GAMBATTE_REVIEW.md
speedchange/speedchange5_ch1_duty0_pos6_to_pos7_timing_2_cgb04c_outaudio1.gbc,FAILED,ok,ok,audio1,https://github.com/pokemon-speedrunning/gambatte-core/blob/d819bad196/test/hwtests/speedchange/speedchange5_ch1_duty0_pos6_to_pos7_timing_2_cgb04c_outaudio1.asm,3d959c2f1736e7211fc39e83611337c82e3a7e5c4db084052f8c0e7415e3a3d9,,00 11 12 13 14 24 25 26 4d ff,100 150,Resolved by runner contract or core changes documented in GAMBATTE_REVIEW.md
speedchange/speedchange5_ch1_duty0_pos6_to_pos7_timing_nop_2_cgb04c_outaudio1.gbc,FAILED,ok,ok,audio1,https://github.com/pokemon-speedrunning/gambatte-core/blob/d819bad196/test/hwtests/speedchange/speedchange5_ch1_duty0_pos6_to_pos7_timing_nop_2_cgb04c_outaudio1.asm,67180b2b4dcf08914fb6ca6ee8d5bdf8b848a5699da016f2cfebc6fc67af33e4,,00 11 12 13 14 24 25 26 4d ff,100 150,Resolved by runner contract or core changes documented in GAMBATTE_REVIEW.md
speedchange/speedchange5_nop_ch1_duty0_pos6_to_pos7_timing_2_cgb04c_outaudio1.gbc,FAILED,ok,ok,audio1,https://github.com/pokemon-speedrunning/gambatte-core/blob/d819bad196/test/hwtests/speedchange/speedchange5_nop_ch1_duty0_pos6_to_pos7_timing_2_cgb04c_outaudio1.asm,9231664663056c741834920edb1fb14436ffa3e93ab24ec729cd9cbf0eb7d50a,,00 11 12 13 14 24 25 26 4d ff,100 150,Resolved by runner contract or core changes documented in GAMBATTE_REVIEW.md
speedchange/speedchange_ch1_duty0_pos6_to_pos7_timing_2_cgb04c_outaudio1.gbc,FAILED,FAILED,FAILED,audio1,https://github.com/pokemon-speedrunning/gambatte-core/blob/d819bad196/test/hwtests/speedchange/speedchange_ch1_duty0_pos6_to_pos7_timing_2_cgb04c_outaudio1.asm,b749584c00438cc457f800635dbaf6ac4f9e6fed940a209ac52c6e23ac0d863a,,00 11 12 13 14 24 25 26 4d ff,100 150,Static source audit; unresolved timing/behavior unless described in review notes
speedchange/speedchange_ch1_duty0_pos6_to_pos7_timing_ds_2_cgb04c_outaudio1.gbc,FAILED,FAILED,FAILED,audio1,https://github.com/pokemon-speedrunning/gambatte-core/blob/d819bad196/test/hwtests/speedchange/speedchange_ch1_duty0_pos6_to_pos7_timing_ds_2_cgb04c_outaudio1.asm,461e5b557fed0201f5d0dc5453f7f06eb9075acdcdcfc196149aa08d6d56ece9,,00 11 12 13 14 24 25 26 4d ff,100 150,Static source audit; unresolved timing/behavior unless described in review notes
speedchange/speedchange_ch1_duty0_pos6_to_pos7_timing_nop_2_cgb04c_outaudio1.gbc,FAILED,FAILED,FAILED,audio1,https://github.com/pokemon-speedrunning/gambatte-core/blob/d819bad196/test/hwtests/speedchange/speedchange_ch1_duty0_pos6_to_pos7_timing_nop_2_cgb04c_outaudio1.asm,8d3c410ab00e3874237a7f5c252ce84b68c0f1b2552e091eb8d7fc9e193cab95,,00 11 12 13 14 24 25 26 4d ff,100 150,Static source audit; unresolved timing/behavior unless described in review notes
speedchange/speedchange_ch1_duty0_pos6_to_pos7_timing_nop_ds_2_cgb04c_outaudio1.gbc,FAILED,ok,ok,audio1,https://github.com/pokemon-speedrunning/gambatte-core/blob/d819bad196/test/hwtests/speedchange/speedchange_ch1_duty0_pos6_to_pos7_timing_nop_ds_2_cgb04c_outaudio1.asm,53a26721d91ff296c373c21a96f8b6fff2613fecdaf3eb2f2f49c469c2f422ef,,00 11 12 13 14 24 25 26 4d ff,100 150,Resolved by runner contract or core changes documented in GAMBATTE_REVIEW.md
speedchange/speedchange_ch1_nr4init_duty0_pos6_to_pos7_timing_2_cgb04c_outaudio1.gbc,FAILED,FAILED,FAILED,audio1,https://github.com/pokemon-speedrunning/gambatte-core/blob/d819bad196/test/hwtests/speedchange/speedchange_ch1_nr4init_duty0_pos6_to_pos7_timing_2_cgb04c_outaudio1.asm,d51b67f1fa1482dcf33c2b5b0ae54afe777c1ef4abfc88cf5241cca9506c3a8c,,00 11 12 13 14 24 25 26 4d ff,100 150,Static source audit; unresolved timing/behavior unless described in review notes
speedchange/speedchange_ly44_m3_stat_2_cgb04c_outC2.gbc,FAILED,FAILED,FAILED,C2,https://github.com/pokemon-speedrunning/gambatte-core/blob/d819bad196/test/hwtests/speedchange/speedchange_ly44_m3_stat_2_cgb04c_outC2.asm,01ebcf7012f729ca2b8a37e2c52381167c7c96450204d7cbd8ae43f6f3ea88fe,41,00 0f 40 41 43 45 47 4d 68 69 ff,48 100 150 1000 7000 7400,Static source audit; unresolved timing/behavior unless described in review notes
speedchange/speedchange_tima02_2a_cgb04c_out03.gbc,FAILED,ok,ok,03,https://github.com/pokemon-speedrunning/gambatte-core/blob/d819bad196/test/hwtests/speedchange/speedchange_tima02_2a_cgb04c_out03.asm,845f0acc0fdece28627e2d103fba04da65e6d313f77d455ca940b103d233a52d,05,00 05 06 07 0f 40 43 47 4d 68 69 ff,50 100 150 1000 1019 1027 7000 7400,Resolved by runner contract or core changes documented in GAMBATTE_REVIEW.md
speedchange/speedchange_tima02_2b_cgb04c_out04.gbc,FAILED,ok,ok,04,https://github.com/pokemon-speedrunning/gambatte-core/blob/d819bad196/test/hwtests/speedchange/speedchange_tima02_2b_cgb04c_out04.asm,b716460734440dd8f4e659a817c8d06a44f3779b706faefaf4fd30942191c6b9,05,00 05 06 07 0f 40 43 47 4d 68 69 ff,50 100 150 1000 1019 1028 7000 7400,Resolved by runner contract or core changes documented in GAMBATTE_REVIEW.md
speedchange/speedchange_tima03_2a_cgb04c_out01.gbc,FAILED,ok,ok,01,https://github.com/pokemon-speedrunning/gambatte-core/blob/d819bad196/test/hwtests/speedchange/speedchange_tima03_2a_cgb04c_out01.asm,25e8bdce363e21bf737afa115e9fd533854bb6d16a2dd2497bf1803b0c67f0bb,05,00 05 06 07 0f 40 43 47 4d 68 69 ff,50 100 150 1000 1011 104f 7000 7400,Resolved by runner contract or core changes documented in GAMBATTE_REVIEW.md
speedchange/speedchange_tima03_2b_cgb04c_out02.gbc,FAILED,ok,ok,02,https://github.com/pokemon-speedrunning/gambatte-core/blob/d819bad196/test/hwtests/speedchange/speedchange_tima03_2b_cgb04c_out02.asm,c2526938408a62ae60f815941e7fa8f694deadc24005f758481f536e3f813127,05,00 05 06 07 0f 40 43 47 4d 68 69 ff,50 100 150 1000 1011 1050 7000 7400,Resolved by runner contract or core changes documented in GAMBATTE_REVIEW.md
sprites/10spritesPrLine_10xposA7_m0irq_2_dmg08_cgb04c_out2.gbc,FAILED,FAILED,FAILED,2,https://github.com/pokemon-speedrunning/gambatte-core/blob/d819bad196/test/hwtests/sprites/10spritesPrLine_10xposA7_m0irq_2_dmg08_cgb04c_out2.asm,7c5ea46a10b61c1bf097a32e24d4034cda9f895e35d34284cfd63f11db59a435,0f,0f 40 41 43 45 47 68 69 ff,48 100 150 1000 1032 7000 7400,Static source audit; unresolved timing/behavior unless described in review notes
sprites/10spritesPrLine_m3stat_ds_1_cgb04c_out3.gbc,FAILED,FAILED,FAILED,3,https://github.com/pokemon-speedrunning/gambatte-core/blob/d819bad196/test/hwtests/sprites/10spritesPrLine_m3stat_ds_1_cgb04c_out3.asm,ca096bfba41c2fd4defa8403eb2c8f3d246f61e210335f49b7f04753e40069b2,,00 0f 40 41 43 45 47 4d 68 69 ff,48 100 150 1000 10aa 7000 7400,Static source audit; unresolved timing/behavior unless described in review notes
sprites/10spritesprline_1xposa0_m3stat_ds_1_cgb04c_out3.gbc,FAILED,FAILED,FAILED,3,https://github.com/pokemon-speedrunning/gambatte-core/blob/d819bad196/test/hwtests/sprites/10spritesprline_1xposa0_m3stat_ds_1_cgb04c_out3.asm,f83c321f5c8458c11d3a22ac04446d4cf2ac14248748e70172a4ff07db8981c1,,00 0f 40 41 43 45 47 4d 68 69 ff,48 100 150 1000 10aa 7000 7400,Static source audit; unresolved timing/behavior unless described in review notes
sprites/10spritesprline_1xposa1_m3stat_ds_1_cgb04c_out3.gbc,FAILED,FAILED,FAILED,3,https://github.com/pokemon-speedrunning/gambatte-core/blob/d819bad196/test/hwtests/sprites/10spritesprline_1xposa1_m3stat_ds_1_cgb04c_out3.asm,6e0bc94fab2efe4c1551b43cc004d3c6c057c9b856b5af603aacce48906a60fb,,00 0f 40 41 43 45 47 4d 68 69 ff,48 100 150 1000 10aa 7000 7400,Static source audit; unresolved timing/behavior unless described in review notes
sprites/10spritesprline_1xposa2_m3stat_ds_1_cgb04c_out3.gbc,FAILED,FAILED,FAILED,3,https://github.com/pokemon-speedrunning/gambatte-core/blob/d819bad196/test/hwtests/sprites/10spritesprline_1xposa2_m3stat_ds_1_cgb04c_out3.asm,3b252e69527e62a9197802d33fdc31fdee7babe419918e84503f84720aa2728e,,00 0f 40 41 43 45 47 4d 68 69 ff,48 100 150 1000 10a9 7000 7400,Static source audit; unresolved timing/behavior unless described in review notes
sprites/10spritesprline_1xposa3_m3stat_ds_1_cgb04c_out3.gbc,FAILED,FAILED,FAILED,3,https://github.com/pokemon-speedrunning/gambatte-core/blob/d819bad196/test/hwtests/sprites/10spritesprline_1xposa3_m3stat_ds_1_cgb04c_out3.asm,d994b88320e145579efa40f24b5743b01577c78954bb35227799a496d24649c1,,00 0f 40 41 43 45 47 4d 68 69 ff,48 100 150 1000 10a9 7000 7400,Static source audit; unresolved timing/behavior unless described in review notes
sprites/10spritesprline_1xposa4_m3stat_ds_1_cgb04c_out3.gbc,FAILED,FAILED,FAILED,3,https://github.com/pokemon-speedrunning/gambatte-core/blob/d819bad196/test/hwtests/sprites/10spritesprline_1xposa4_m3stat_ds_1_cgb04c_out3.asm,1ab7534a0ec38aa9f8844463be6824b869cfd67c587ee669cf86a91d897abb13,,00 0f 40 41 43 45 47 4d 68 69 ff,48 100 150 1000 10a8 7000 7400,Static source audit; unresolved timing/behavior unless described in review notes
sprites/10spritesprline_1xposa5_m3stat_ds_1_cgb04c_out3.gbc,FAILED,FAILED,FAILED,3,https://github.com/pokemon-speedrunning/gambatte-core/blob/d819bad196/test/hwtests/sprites/10spritesprline_1xposa5_m3stat_ds_1_cgb04c_out3.asm,576acf7356a1b21efbcf4b22f15321d93bd8187f4dba9697190bcc783a1846dc,,00 0f 40 41 43 45 47 4d 68 69 ff,48 100 150 1000 10a8 7000 7400,Static source audit; unresolved timing/behavior unless described in review notes
sprites/10spritesprline_1xposa6_m3stat_ds_1_cgb04c_out3.gbc,FAILED,FAILED,FAILED,3,https://github.com/pokemon-speedrunning/gambatte-core/blob/d819bad196/test/hwtests/sprites/10spritesprline_1xposa6_m3stat_ds_1_cgb04c_out3.asm,5128c41aef624b2c063f57770a1baa6a93c4fe28e3abe6c4bf11d545641cd8ae,,00 0f 40 41 43 45 47 4d 68 69 ff,48 100 150 1000 10a8 7000 7400,Static source audit; unresolved timing/behavior unless described in review notes
sprites/10spritesprline_1xposa7_m3stat_ds_1_cgb04c_out3.gbc,FAILED,FAILED,FAILED,3,https://github.com/pokemon-speedrunning/gambatte-core/blob/d819bad196/test/hwtests/sprites/10spritesprline_1xposa7_m3stat_ds_1_cgb04c_out3.asm,acd90ecb6815e7493a378f2bb29c7114fd57bdd3f1bb2da79e884906033e1485,,00 0f 40 41 43 45 47 4d 68 69 ff,48 100 150 1000 10a8 7000 7400,Static source audit; unresolved timing/behavior unless described in review notes
sprites/10spritesprline_2overlap1_m3stat_ds_1_cgb04c_out3.gbc,FAILED,FAILED,FAILED,3,https://github.com/pokemon-speedrunning/gambatte-core/blob/d819bad196/test/hwtests/sprites/10spritesprline_2overlap1_m3stat_ds_1_cgb04c_out3.asm,1ad1b53e0f2f44f0de5dfbef1e67fd051fe34506b7dacb241103d04c86c440c0,,00 0f 40 41 43 45 47 4d 68 69 ff,48 100 150 1000 10a8 7000 7400,Static source audit; unresolved timing/behavior unless described in review notes
sprites/10spritesprline_2overlap2_m3stat_ds_1_cgb04c_out3.gbc,FAILED,FAILED,FAILED,3,https://github.com/pokemon-speedrunning/gambatte-core/blob/d819bad196/test/hwtests/sprites/10spritesprline_2overlap2_m3stat_ds_1_cgb04c_out3.asm,94980e81c8f90887929dcb1708d7ccd9c277a6dbbaf99b5c53b7c6c68e351dec,,00 0f 40 41 43 45 47 4d 68 69 ff,48 100 150 1000 10a8 7000 7400,Static source audit; unresolved timing/behavior unless described in review notes
sprites/10spritesprline_2overlap3_m3stat_ds_1_cgb04c_out3.gbc,FAILED,FAILED,FAILED,3,https://github.com/pokemon-speedrunning/gambatte-core/blob/d819bad196/test/hwtests/sprites/10spritesprline_2overlap3_m3stat_ds_1_cgb04c_out3.asm,f205eae44f2d7df8cad7bc006b1e97360bf53439944d0515e685eb3faca72613,,00 0f 40 41 43 45 47 4d 68 69 ff,48 100 150 1000 10a8 7000 7400,Static source audit; unresolved timing/behavior unless described in review notes
sprites/10spritesprline_2overlap4_m3stat_ds_1_cgb04c_out3.gbc,FAILED,FAILED,FAILED,3,https://github.com/pokemon-speedrunning/gambatte-core/blob/d819bad196/test/hwtests/sprites/10spritesprline_2overlap4_m3stat_ds_1_cgb04c_out3.asm,7bbd826823ae7f4a39ebe68f1eb52849a85dafcc26409fd7229fe5f1502dcdd2,,00 0f 40 41 43 45 47 4d 68 69 ff,48 100 150 1000 10a8 7000 7400,Static source audit; unresolved timing/behavior unless described in review notes
sprites/10spritesprline_2overlap5_m3stat_ds_1_cgb04c_out3.gbc,FAILED,FAILED,FAILED,3,https://github.com/pokemon-speedrunning/gambatte-core/blob/d819bad196/test/hwtests/sprites/10spritesprline_2overlap5_m3stat_ds_1_cgb04c_out3.asm,9463e23b950224d9b5a72bad2510ce666ea390f60e1b627e926bbc1ad199228e,,00 0f 40 41 43 45 47 4d 68 69 ff,48 100 150 1000 10a8 7000 7400,Static source audit; unresolved timing/behavior unless described in review notes
sprites/10spritesprline_2overlap6_m3stat_ds_1_cgb04c_out3.gbc,FAILED,FAILED,FAILED,3,https://github.com/pokemon-speedrunning/gambatte-core/blob/d819bad196/test/hwtests/sprites/10spritesprline_2overlap6_m3stat_ds_1_cgb04c_out3.asm,ea1929eaa8811377790173fefb4a4bc9536fb4954e8c0dd520db8099e1973eba,,00 0f 40 41 43 45 47 4d 68 69 ff,48 100 150 1000 10a8 7000 7400,Static source audit; unresolved timing/behavior unless described in review notes
sprites/10spritesprline_2overlap7_m3stat_ds_1_cgb04c_out3.gbc,FAILED,FAILED,FAILED,3,https://github.com/pokemon-speedrunning/gambatte-core/blob/d819bad196/test/hwtests/sprites/10spritesprline_2overlap7_m3stat_ds_1_cgb04c_out3.asm,cadd73a32a291080f149234765af412b7fb7a27f6e499151533e0aa8e9c6de42,,00 0f 40 41 43 45 47 4d 68 69 ff,48 100 150 1000 10a8 7000 7400,Static source audit; unresolved timing/behavior unless described in review notes
sprites/10spritesprline_2overlap8_m3stat_ds_1_cgb04c_out3.gbc,FAILED,FAILED,FAILED,3,https://github.com/pokemon-speedrunning/gambatte-core/blob/d819bad196/test/hwtests/sprites/10spritesprline_2overlap8_m3stat_ds_1_cgb04c_out3.asm,ef7c5ed7df3cdde2645eac8f18376d5f2ed4fdb22707534813bab818bab276ca,,00 0f 40 41 43 45 47 4d 68 69 ff,48 100 150 1000 10a8 7000 7400,Static source audit; unresolved timing/behavior unless described in review notes
sprites/10spritesprline_2xposa2overlap8_m3stat_ds_1_cgb04c_out3.gbc,FAILED,FAILED,FAILED,3,https://github.com/pokemon-speedrunning/gambatte-core/blob/d819bad196/test/hwtests/sprites/10spritesprline_2xposa2overlap8_m3stat_ds_1_cgb04c_out3.asm,d4a7b61b875b4a7d5cddfbc0105d6abc32ee7f9995bff555943b50b594cc066e,,00 0f 40 41 43 45 47 4d 68 69 ff,48 100 150 1000 10a7 7000 7400,Static source audit; unresolved timing/behavior unless described in review notes
sprites/10spritesprline_2xposa7overlap8_m3stat_ds_1_cgb04c_out3.gbc,FAILED,FAILED,FAILED,3,https://github.com/pokemon-speedrunning/gambatte-core/blob/d819bad196/test/hwtests/sprites/10spritesprline_2xposa7overlap8_m3stat_ds_1_cgb04c_out3.asm,19d2e8843d87b48caec5dc2462c14379fcd803eb34863ffe190a356b6522d903,,00 0f 40 41 43 45 47 4d 68 69 ff,48 100 150 1000 10a5 7000 7400,Static source audit; unresolved timing/behavior unless described in review notes
sprites/10spritesprline_3overlap8_m3stat_ds_1_cgb04c_out3.gbc,FAILED,FAILED,FAILED,3,https://github.com/pokemon-speedrunning/gambatte-core/blob/d819bad196/test/hwtests/sprites/10spritesprline_3overlap8_m3stat_ds_1_cgb04c_out3.asm,675a216ba0acc34f23ebecb892a124b4e1ac0fee964e9232d8746379c5253b95,,00 0f 40 41 43 45 47 4d 68 69 ff,48 100 150 1000 10a5 7000 7400,Static source audit; unresolved timing/behavior unless described in review notes
sprites/1spritesPrLine_1sprite8pBgCover_m3stat_ds_1_cgb04c_out3.gbc,FAILED,FAILED,FAILED,3,https://github.com/pokemon-speedrunning/gambatte-core/blob/d819bad196/test/hwtests/sprites/1spritesPrLine_1sprite8pBgCover_m3stat_ds_1_cgb04c_out3.asm,0355af56b6191ea523882638890ec671d4d3350cb02ee57195d542b96903859f,,00 0f 40 41 43 45 47 4d 4f 68 69 ff,48 100 150 1000 1079 7000 7400,Static source audit; unresolved timing/behavior unless described in review notes
sprites/1spritesPrLine_1sprite8pBgPrior_m3stat_ds_1_cgb04c_out3.gbc,FAILED,FAILED,FAILED,3,https://github.com/pokemon-speedrunning/gambatte-core/blob/d819bad196/test/hwtests/sprites/1spritesPrLine_1sprite8pBgPrior_m3stat_ds_1_cgb04c_out3.asm,6bfd8168f192990e78faa61737f119e5ba104e9cd09529194fd26e59e398bebb,,00 0f 40 41 43 45 47 4d 68 69 ff,48 100 150 1000 1079 7000 7400,Static source audit; unresolved timing/behavior unless described in review notes
sprites/1spritesPrLine_m3stat_ds_1_cgb04c_out3.gbc,FAILED,FAILED,FAILED,3,https://github.com/pokemon-speedrunning/gambatte-core/blob/d819bad196/test/hwtests/sprites/1spritesPrLine_m3stat_ds_1_cgb04c_out3.asm,2f7df525633523bb2033eefe7f99e822210f6564df042585a7c83daf7db16725,,00 0f 40 41 43 45 47 4d 68 69 ff,48 100 150 1000 1079 7000 7400,Static source audit; unresolved timing/behavior unless described in review notes
sprites/2spritesPrLine_m3stat_ds_1_cgb04c_out3.gbc,FAILED,FAILED,FAILED,3,https://github.com/pokemon-speedrunning/gambatte-core/blob/d819bad196/test/hwtests/sprites/2spritesPrLine_m3stat_ds_1_cgb04c_out3.asm,94fc6d840bae52dc125679aa87726dd01940d0d3453c7a035d84803449718752,,00 0f 40 41 43 45 47 4d 68 69 ff,48 100 150 1000 107e 7000 7400,Static source audit; unresolved timing/behavior unless described in review notes
sprites/3spritesPrLine_m3stat_ds_1_cgb04c_out3.gbc,FAILED,FAILED,FAILED,3,https://github.com/pokemon-speedrunning/gambatte-core/blob/d819bad196/test/hwtests/sprites/3spritesPrLine_m3stat_ds_1_cgb04c_out3.asm,ba0bdc958ed60b9944d2817f1350772716d44166e96d590076742b968ecffd54,,00 0f 40 41 43 45 47 4d 68 69 ff,48 100 150 1000 1084 7000 7400,Static source audit; unresolved timing/behavior unless described in review notes
sprites/4spritesPrLine_m3stat_ds_1_cgb04c_out3.gbc,FAILED,FAILED,FAILED,3,https://github.com/pokemon-speedrunning/gambatte-core/blob/d819bad196/test/hwtests/sprites/4spritesPrLine_m3stat_ds_1_cgb04c_out3.asm,501d440345ec4aae0ebd4de24784a2d6a38b48b4ae9775b6340111daf7a40343,,00 0f 40 41 43 45 47 4d 68 69 ff,48 100 150 1000 1089 7000 7400,Static source audit; unresolved timing/behavior unless described in review notes
sprites/5spritesPrLine_m3stat_ds_1_cgb04c_out3.gbc,FAILED,FAILED,FAILED,3,https://github.com/pokemon-speedrunning/gambatte-core/blob/d819bad196/test/hwtests/sprites/5spritesPrLine_m3stat_ds_1_cgb04c_out3.asm,8e990a1dde952b13453a652a5aa3b755f4e2056bb7dcf2dd83e2dcc78aeb824b,,00 0f 40 41 43 45 47 4d 68 69 ff,48 100 150 1000 108f 7000 7400,Static source audit; unresolved timing/behavior unless described in review notes
sprites/6spritesPrLine_m3stat_ds_1_cgb04c_out3.gbc,FAILED,FAILED,FAILED,3,https://github.com/pokemon-speedrunning/gambatte-core/blob/d819bad196/test/hwtests/sprites/6spritesPrLine_m3stat_ds_1_cgb04c_out3.asm,a39d300b4b6d86cf368fd108bdcd8044abd833846fc3267eb33818c72273633d,,00 0f 40 41 43 45 47 4d 68 69 ff,48 100 150 1000 1094 7000 7400,Static source audit; unresolved timing/behavior unless described in review notes
sprites/7spritesPrLine_m3stat_ds_1_cgb04c_out3.gbc,FAILED,FAILED,FAILED,3,https://github.com/pokemon-speedrunning/gambatte-core/blob/d819bad196/test/hwtests/sprites/7spritesPrLine_m3stat_ds_1_cgb04c_out3.asm,453190563c0874910f7d1789636803116c2689e39dbecec4d559c0632e1c6e80,,00 0f 40 41 43 45 47 4d 68 69 ff,48 100 150 1000 109a 7000 7400,Static source audit; unresolved timing/behavior unless described in review notes
sprites/8spritesPrLine_m3stat_ds_1_cgb04c_out3.gbc,FAILED,FAILED,FAILED,3,https://github.com/pokemon-speedrunning/gambatte-core/blob/d819bad196/test/hwtests/sprites/8spritesPrLine_m3stat_ds_1_cgb04c_out3.asm,34e10cc699fd7d0786e9810afd0b3f72becb6c9077f03c0999e5f976a224fbd8,,00 0f 40 41 43 45 47 4d 68 69 ff,48 100 150 1000 109f 7000 7400,Static source audit; unresolved timing/behavior unless described in review notes
sprites/9spritesPrLine_m3stat_ds_1_cgb04c_out3.gbc,FAILED,FAILED,FAILED,3,https://github.com/pokemon-speedrunning/gambatte-core/blob/d819bad196/test/hwtests/sprites/9spritesPrLine_m3stat_ds_1_cgb04c_out3.asm,8151a3263af874219c6064b1140020a63083b7b4c607b33076421d3c3983c558,,00 0f 40 41 43 45 47 4d 68 69 ff,48 100 150 1000 10a5 7000 7400,Static source audit; unresolved timing/behavior unless described in review notes
sprites/enable/late_disable_ds_3_cgb04c_out3.gbc,FAILED,FAILED,FAILED,3,https://github.com/pokemon-speedrunning/gambatte-core/blob/d819bad196/test/hwtests/sprites/enable/late_disable_ds_3_cgb04c_out3.asm,afefa7c47b885f127fc845ee6e6ab80d39b0eecf7171c62d263c7e62c1c97880,,00 0f 40 41 43 45 47 4d 68 69 ff,48 100 150 1000 118c 7000 7400,Static source audit; unresolved timing/behavior unless described in review notes
sprites/late_disable_1_dmg08_out0.gb,FAILED,FAILED,FAILED,0,https://github.com/pokemon-speedrunning/gambatte-core/blob/d819bad196/test/hwtests/sprites/late_disable_1_dmg08_out0.asm,0ba59409885781b2a5f031d2b9003b2084040da147cfbea5a28e009a4f25ac10,,0f 40 41 43 45 47 68 69 ff,48 100 150 1000 14f0 151a 7000 7400,Static source audit; unresolved timing/behavior unless described in review notes
sprites/late_disable_ds_1_cgb04c_out3.gbc,FAILED,FAILED,FAILED,3,https://github.com/pokemon-speedrunning/gambatte-core/blob/d819bad196/test/hwtests/sprites/late_disable_ds_1_cgb04c_out3.asm,1885e402984c867bca73a4397da05d3ac6d67f7535e3493ba380b5a159cfd40c,,00 0f 40 41 43 45 47 4d 68 69 ff,48 100 150 1000 118a 7000 7400,Static source audit; unresolved timing/behavior unless described in review notes
sprites/late_sizechange2_sp00_ds_1_cgb04c_out3.gbc,FAILED,FAILED,FAILED,3,https://github.com/pokemon-speedrunning/gambatte-core/blob/d819bad196/test/hwtests/sprites/late_sizechange2_sp00_ds_1_cgb04c_out3.asm,59e3ff6b998173d2ed3850729a94a628406a5d31523691919d4d95ceb0da1009,,00 0f 40 41 43 45 47 4d 68 69 ff,48 100 150 1000 10d7 115c 7000 7400,Static source audit; unresolved timing/behavior unless described in review notes
sprites/late_sizechange2_sp01_ds_1_cgb04c_out3.gbc,FAILED,FAILED,FAILED,3,https://github.com/pokemon-speedrunning/gambatte-core/blob/d819bad196/test/hwtests/sprites/late_sizechange2_sp01_ds_1_cgb04c_out3.asm,35cb05131997776802ea36bfa7b4213bddf9ba690bc3dec3fd5cb1c9484d60f1,,00 0f 40 41 43 45 47 4d 68 69 ff,48 100 150 1000 10d8 115c 7000 7400,Static source audit; unresolved timing/behavior unless described in review notes
sprites/late_sizechange2_sp39_ds_1_cgb04c_out3.gbc,FAILED,FAILED,FAILED,3,https://github.com/pokemon-speedrunning/gambatte-core/blob/d819bad196/test/hwtests/sprites/late_sizechange2_sp39_ds_1_cgb04c_out3.asm,ea065c0381559956be811cae90683b0d33830466130fe2843bd714c99dabddd5,,00 0f 40 41 43 45 47 4d 68 69 ff,48 100 150 1000 10fe 115c 7000 7400,Static source audit; unresolved timing/behavior unless described in review notes
sprites/late_sizechange_2_dmg08_out0_cgb04c_out3.gbc,FAILED,FAILED,FAILED,0 / 3,https://github.com/pokemon-speedrunning/gambatte-core/blob/d819bad196/test/hwtests/sprites/late_sizechange_2_dmg08_out0_cgb04c_out3.asm,e578a02fddf24c3e1f772d78a5e05b23b4982b80c2fdab5c7b7cde286b53cea9,,0f 40 41 43 45 47 68 69 ff,48 100 150 1000 1069 10be 7000 7400,Static source audit; unresolved timing/behavior unless described in review notes
sprites/late_sizechange_ds_1_cgb04c_out0.gbc,FAILED,FAILED,FAILED,0,https://github.com/pokemon-speedrunning/gambatte-core/blob/d819bad196/test/hwtests/sprites/late_sizechange_ds_1_cgb04c_out0.asm,f8e5a414478c6d8a6b86ccd8dd71ffa9e2794cac92cc355f8a5872b5d8ec53aa,,00 0f 40 41 43 45 47 4d 68 69 ff,48 100 150 1000 10e0 118a 7000 7400,Static source audit; unresolved timing/behavior unless described in review notes
sprites/late_sizechange_sp00_ds_2_cgb04c_out3.gbc,FAILED,FAILED,FAILED,3,https://github.com/pokemon-speedrunning/gambatte-core/blob/d819bad196/test/hwtests/sprites/late_sizechange_sp00_ds_2_cgb04c_out3.asm,f5ace7f045cc303be7e62c64a04a809de3cbfe112433581004c4388a9243fe8b,,00 0f 40 41 43 45 47 4d 68 69 ff,48 100 150 1000 10d8 115c 7000 7400,Static source audit; unresolved timing/behavior unless described in review notes
sprites/late_sizechange_sp01_2_dmg08_out0_cgb04c_out3.gbc,FAILED,FAILED,FAILED,0 / 3,https://github.com/pokemon-speedrunning/gambatte-core/blob/d819bad196/test/hwtests/sprites/late_sizechange_sp01_2_dmg08_out0_cgb04c_out3.asm,8d51a5f77fc9f5a6a6a992be983b6e6565ad806da9f9209e379e0846b0cbf069,,0f 40 41 43 45 47 68 69 ff,48 100 150 1000 14d9 151a 7000 7400,Static source audit; unresolved timing/behavior unless described in review notes
sprites/late_sizechange_sp01_ds_2_cgb04c_out3.gbc,FAILED,FAILED,FAILED,3,https://github.com/pokemon-speedrunning/gambatte-core/blob/d819bad196/test/hwtests/sprites/late_sizechange_sp01_ds_2_cgb04c_out3.asm,96655b1112b4ab0ed8faf55cc142e3c888f2d1487c9a9ffe93b5ac79579f6aae,,00 0f 40 41 43 45 47 4d 68 69 ff,48 100 150 1000 10d9 115c 7000 7400,Static source audit; unresolved timing/behavior unless described in review notes
sprites/late_sizechange_sp39_2_dmg08_out0_cgb04c_out3.gbc,FAILED,FAILED,FAILED,0 / 3,https://github.com/pokemon-speedrunning/gambatte-core/blob/d819bad196/test/hwtests/sprites/late_sizechange_sp39_2_dmg08_out0_cgb04c_out3.asm,28b84bb7dc67012430c3be0ed4857793736d5290f1f914f5a4b3c84cf273184a,,0f 40 41 43 45 47 68 69 ff,48 100 150 1000 14ec 151a 7000 7400,Static source audit; unresolved timing/behavior unless described in review notes
sprites/late_sizechange_sp39_ds_2_cgb04c_out3.gbc,FAILED,FAILED,FAILED,3,https://github.com/pokemon-speedrunning/gambatte-core/blob/d819bad196/test/hwtests/sprites/late_sizechange_sp39_ds_2_cgb04c_out3.asm,fa311c80d47275d6973e7435c70d057ccb7ab439a0a16da619a8329b46bf535c,,00 0f 40 41 43 45 47 4d 68 69 ff,48 100 150 1000 10ff 115c 7000 7400,Static source audit; unresolved timing/behavior unless described in review notes
sprites/mix_m3stat_ds_1_cgb04c_out3.gbc,FAILED,FAILED,FAILED,3,https://github.com/pokemon-speedrunning/gambatte-core/blob/d819bad196/test/hwtests/sprites/mix_m3stat_ds_1_cgb04c_out3.asm,bd916a49a91df5fe55d5d3272c8b75beff76c9e7de4f673232d94f42b008397a,,00 0f 40 41 43 45 47 4d 68 69 ff,48 100 150 1000 10a4 7000 7400,Static source audit; unresolved timing/behavior unless described in review notes
sprites/space/10spritesPrLine_late_scx4_ds_2_cgb04c_out3.gbc,FAILED,FAILED,FAILED,3,https://github.com/pokemon-speedrunning/gambatte-core/blob/d819bad196/test/hwtests/sprites/space/10spritesPrLine_late_scx4_ds_2_cgb04c_out3.asm,84d5691d69543ce74e5ada0ac1e68be8d2ff61642f35cd4910f59e943b1df84c,,00 0f 40 41 43 45 47 4d 68 69 ff,48 100 150 1000 101e 10a9 7000 7400,Static source audit; unresolved timing/behavior unless described in review notes
sprites/space/10spritesPrLine_nr10space10_m3stat_ds_1_cgb04c_out3.gbc,FAILED,FAILED,FAILED,3,https://github.com/pokemon-speedrunning/gambatte-core/blob/d819bad196/test/hwtests/sprites/space/10spritesPrLine_nr10space10_m3stat_ds_1_cgb04c_out3.asm,d56bfd4b118db1e59fd8aa1070abad19f6ef9072c3c07f1bbeb09be51c2328e3,,00 0f 40 41 43 45 47 4d 68 69 ff,48 100 150 1000 10a9 7000 7400,Static source audit; unresolved timing/behavior unless described in review notes
sprites/space/10spritesPrLine_nr10space11_m3stat_ds_1_cgb04c_out3.gbc,FAILED,FAILED,FAILED,3,https://github.com/pokemon-speedrunning/gambatte-core/blob/d819bad196/test/hwtests/sprites/space/10spritesPrLine_nr10space11_m3stat_ds_1_cgb04c_out3.asm,e077ee506ddd87492f8e22d3d4c2c92049bc43a80f45c89773cd6638cda9a73c,,00 0f 40 41 43 45 47 4d 68 69 ff,48 100 150 1000 10a9 7000 7400,Static source audit; unresolved timing/behavior unless described in review notes
sprites/space/10spritesPrLine_nr10space12_m3stat_ds_1_cgb04c_out3.gbc,FAILED,FAILED,FAILED,3,https://github.com/pokemon-speedrunning/gambatte-core/blob/d819bad196/test/hwtests/sprites/space/10spritesPrLine_nr10space12_m3stat_ds_1_cgb04c_out3.asm,6b67ca3479f9a580d52346a661ce750dd39941f9d179cc666d63094ad0e3cd8a,,00 0f 40 41 43 45 47 4d 68 69 ff,48 100 150 1000 10a8 7000 7400,Static source audit; unresolved timing/behavior unless described in review notes
sprites/space/10spritesPrLine_nr10space13_m3stat_ds_1_cgb04c_out3.gbc,FAILED,FAILED,FAILED,3,https://github.com/pokemon-speedrunning/gambatte-core/blob/d819bad196/test/hwtests/sprites/space/10spritesPrLine_nr10space13_m3stat_ds_1_cgb04c_out3.asm,6996d9ee74361273186f2133b5841eac53cf64cc7e0c931c55d9637d6bf405bb,,00 0f 40 41 43 45 47 4d 68 69 ff,48 100 150 1000 10a8 7000 7400,Static source audit; unresolved timing/behavior unless described in review notes
sprites/space/10spritesPrLine_nr10space1_m3stat_ds_1_cgb04c_out3.gbc,FAILED,FAILED,FAILED,3,https://github.com/pokemon-speedrunning/gambatte-core/blob/d819bad196/test/hwtests/sprites/space/10spritesPrLine_nr10space1_m3stat_ds_1_cgb04c_out3.asm,b3df64c4eb06c06cfac06e19d7fc2be0323ffbd0dc0da8ecd5f4b63416cd920e,,00 0f 40 41 43 45 47 4d 68 69 ff,48 100 150 1000 10aa 7000 7400,Static source audit; unresolved timing/behavior unless described in review notes
sprites/space/10spritesPrLine_nr10space2_m3stat_ds_1_cgb04c_out3.gbc,FAILED,FAILED,FAILED,3,https://github.com/pokemon-speedrunning/gambatte-core/blob/d819bad196/test/hwtests/sprites/space/10spritesPrLine_nr10space2_m3stat_ds_1_cgb04c_out3.asm,e92575b5b09719bffaf0ac4e4cb7c5a57c4114ec558b279fba6c9baf08d4f11a,,00 0f 40 41 43 45 47 4d 68 69 ff,48 100 150 1000 10a9 7000 7400,Static source audit; unresolved timing/behavior unless described in review notes
sprites/space/10spritesPrLine_nr10space3_m3stat_ds_1_cgb04c_out3.gbc,FAILED,FAILED,FAILED,3,https://github.com/pokemon-speedrunning/gambatte-core/blob/d819bad196/test/hwtests/sprites/space/10spritesPrLine_nr10space3_m3stat_ds_1_cgb04c_out3.asm,97171551013ecb2406390f584bff34acf79b174b7d7e698e40cb851b31086b06,,00 0f 40 41 43 45 47 4d 68 69 ff,48 100 150 1000 10a9 7000 7400,Static source audit; unresolved timing/behavior unless described in review notes
sprites/space/10spritesPrLine_nr10space4_m3stat_ds_1_cgb04c_out3.gbc,FAILED,FAILED,FAILED,3,https://github.com/pokemon-speedrunning/gambatte-core/blob/d819bad196/test/hwtests/sprites/space/10spritesPrLine_nr10space4_m3stat_ds_1_cgb04c_out3.asm,be9f8b3fe57e85f321d0458b63079b5a2b2500d993464df6b63367dc7a152e2e,,00 0f 40 41 43 45 47 4d 68 69 ff,48 100 150 1000 10a8 7000 7400,Static source audit; unresolved timing/behavior unless described in review notes
sprites/space/10spritesPrLine_nr10space5_m3stat_ds_1_cgb04c_out3.gbc,FAILED,FAILED,FAILED,3,https://github.com/pokemon-speedrunning/gambatte-core/blob/d819bad196/test/hwtests/sprites/space/10spritesPrLine_nr10space5_m3stat_ds_1_cgb04c_out3.asm,10bb8883a39dd0da813942b49d29ca7a7aa8a729d69a1ee6e3329a7ade125800,,00 0f 40 41 43 45 47 4d 68 69 ff,48 100 150 1000 10a8 7000 7400,Static source audit; unresolved timing/behavior unless described in review notes
sprites/space/10spritesPrLine_nr10space6_m3stat_ds_1_cgb04c_out3.gbc,FAILED,FAILED,FAILED,3,https://github.com/pokemon-speedrunning/gambatte-core/blob/d819bad196/test/hwtests/sprites/space/10spritesPrLine_nr10space6_m3stat_ds_1_cgb04c_out3.asm,a5cf05c6712684b4d505550a9e0ddb91f628969faa901eb551b689d2bf3c688e,,00 0f 40 41 43 45 47 4d 68 69 ff,48 100 150 1000 10a8 7000 7400,Static source audit; unresolved timing/behavior unless described in review notes
sprites/space/10spritesPrLine_nr10space7_m3stat_ds_1_cgb04c_out3.gbc,FAILED,FAILED,FAILED,3,https://github.com/pokemon-speedrunning/gambatte-core/blob/d819bad196/test/hwtests/sprites/space/10spritesPrLine_nr10space7_m3stat_ds_1_cgb04c_out3.asm,24aa5dcbb4b8e7c2874b39b2ae4751d72613620e80ed9db5e5a1eb379e5b7940,,00 0f 40 41 43 45 47 4d 68 69 ff,48 100 150 1000 10a8 7000 7400,Static source audit; unresolved timing/behavior unless described in review notes
sprites/space/10spritesPrLine_nr10space8_m3stat_ds_1_cgb04c_out3.gbc,FAILED,FAILED,FAILED,3,https://github.com/pokemon-speedrunning/gambatte-core/blob/d819bad196/test/hwtests/sprites/space/10spritesPrLine_nr10space8_m3stat_ds_1_cgb04c_out3.asm,cf62db7f848f2b81127824baa42fd4efb96473f3949ceeb0540ce388bd569e8d,,00 0f 40 41 43 45 47 4d 68 69 ff,48 100 150 1000 10aa 7000 7400,Static source audit; unresolved timing/behavior unless described in review notes
sprites/space/10spritesPrLine_nr10space9_m3stat_ds_1_cgb04c_out3.gbc,FAILED,FAILED,FAILED,3,https://github.com/pokemon-speedrunning/gambatte-core/blob/d819bad196/test/hwtests/sprites/space/10spritesPrLine_nr10space9_m3stat_ds_1_cgb04c_out3.asm,4bf50c5269349afb382004e0a8230dd80c6ada909d5288bf5e27825c6162276a,,00 0f 40 41 43 45 47 4d 68 69 ff,48 100 150 1000 10aa 7000 7400,Static source audit; unresolved timing/behavior unless described in review notes
sprites/space/10spritesPrLine_nr1space4_m3stat_ds_1_cgb04c_out3.gbc,FAILED,FAILED,FAILED,3,https://github.com/pokemon-speedrunning/gambatte-core/blob/d819bad196/test/hwtests/sprites/space/10spritesPrLine_nr1space4_m3stat_ds_1_cgb04c_out3.asm,8d8dea5754e711648ab36b00ac32e168d6f620a8e117b4d23cbcbdca0d642b4a,,00 0f 40 41 43 45 47 4d 68 69 ff,48 100 150 1000 1096 7000 7400,Static source audit; unresolved timing/behavior unless described in review notes
sprites/space/10spritesPrLine_scx1_m3stat_ds_1_cgb04c_out3.gbc,FAILED,FAILED,FAILED,3,https://github.com/pokemon-speedrunning/gambatte-core/blob/d819bad196/test/hwtests/sprites/space/10spritesPrLine_scx1_m3stat_ds_1_cgb04c_out3.asm,e46b6433f51db5ac9ccd16cf712791ed3df4ff026c902ef6e50c498b1b0eaba7,,00 0f 40 41 43 45 47 4d 68 69 ff,48 100 150 1000 10a6 7000 7400,Static source audit; unresolved timing/behavior unless described in review notes
sprites/space/10spritesPrLine_scx2_m3stat_ds_1_cgb04c_out3.gbc,FAILED,FAILED,FAILED,3,https://github.com/pokemon-speedrunning/gambatte-core/blob/d819bad196/test/hwtests/sprites/space/10spritesPrLine_scx2_m3stat_ds_1_cgb04c_out3.asm,d3b4d9820ef1768e8343af61e9bb1275747033000af4f780c4ee300b00628f09,,00 0f 40 41 43 45 47 4d 68 69 ff,48 100 150 1000 10a1 7000 7400,Static source audit; unresolved timing/behavior unless described in review notes
sprites/space/10spritesPrLine_scx3_m3stat_ds_1_cgb04c_out3.gbc,FAILED,FAILED,FAILED,3,https://github.com/pokemon-speedrunning/gambatte-core/blob/d819bad196/test/hwtests/sprites/space/10spritesPrLine_scx3_m3stat_ds_1_cgb04c_out3.asm,6978cca8b5705103f22685515583fa5b82696d86d8914acf8645d90bd8115f9d,,00 0f 40 41 43 45 47 4d 68 69 ff,48 100 150 1000 109d 7000 7400,Static source audit; unresolved timing/behavior unless described in review notes
sprites/space/10spritesPrLine_scx4_m3stat_ds_1_cgb04c_out3.gbc,FAILED,FAILED,FAILED,3,https://github.com/pokemon-speedrunning/gambatte-core/blob/d819bad196/test/hwtests/sprites/space/10spritesPrLine_scx4_m3stat_ds_1_cgb04c_out3.asm,c1b3baff85bf28ee60e2ba18b9276c7be86218c9d4522e3023c3e96fe2ce980f,,00 0f 40 41 43 45 47 4d 68 69 ff,48 100 150 1000 1098 7000 7400,Static source audit; unresolved timing/behavior unless described in review notes
sprites/space/10spritesPrLine_scx4_nr1space4_m3stat_ds_1_cgb04c_out3.gbc,FAILED,FAILED,FAILED,3,https://github.com/pokemon-speedrunning/gambatte-core/blob/d819bad196/test/hwtests/sprites/space/10spritesPrLine_scx4_nr1space4_m3stat_ds_1_cgb04c_out3.asm,b1ed69fc6208c3852d29978a74b06e6ed1bd9fdc22f812e91d07a2e270ed5632,,00 0f 40 41 43 45 47 4d 68 69 ff,48 100 150 1000 10ac 7000 7400,Static source audit; unresolved timing/behavior unless described in review notes
sprites/space/10spritesPrLine_scx5_m3stat_ds_1_cgb04c_out3.gbc,FAILED,FAILED,FAILED,3,https://github.com/pokemon-speedrunning/gambatte-core/blob/d819bad196/test/hwtests/sprites/space/10spritesPrLine_scx5_m3stat_ds_1_cgb04c_out3.asm,59eef3c9ed49695806699e925552ac477393f0d747a6887ca0a3b7fcfd2d9060,,00 0f 40 41 43 45 47 4d 68 69 ff,48 100 150 1000 1094 7000 7400,Static source audit; unresolved timing/behavior unless described in review notes
sprites/space/10spritesPrLine_scx6_m3stat_ds_1_cgb04c_out3.gbc,FAILED,FAILED,FAILED,3,https://github.com/pokemon-speedrunning/gambatte-core/blob/d819bad196/test/hwtests/sprites/space/10spritesPrLine_scx6_m3stat_ds_1_cgb04c_out3.asm,b7c072912b6aa44beb3a804dfc119dca27bff74a55f23395bf7df72ddc671f9d,,00 0f 40 41 43 45 47 4d 68 69 ff,48 100 150 1000 1094 7000 7400,Static source audit; unresolved timing/behavior unless described in review notes
sprites/space/10spritesPrLine_scx7_m3stat_ds_1_cgb04c_out3.gbc,FAILED,FAILED,FAILED,3,https://github.com/pokemon-speedrunning/gambatte-core/blob/d819bad196/test/hwtests/sprites/space/10spritesPrLine_scx7_m3stat_ds_1_cgb04c_out3.asm,c6b54509641b76aa3e5f08d01ee89976a9ce31a52978026efce290948f3cd26a,,00 0f 40 41 43 45 47 4d 68 69 ff,48 100 150 1000 1095 7000 7400,Static source audit; unresolved timing/behavior unless described in review notes
sprites/space/10spritesPrLine_wx0_m3stat_ds_2_cgb04c_out0.gbc,FAILED,FAILED,FAILED,0,https://github.com/pokemon-speedrunning/gambatte-core/blob/d819bad196/test/hwtests/sprites/space/10spritesPrLine_wx0_m3stat_ds_2_cgb04c_out0.asm,22ddfead960b7072f9569a2ba7fbb9b7d061726e53c0acae3bb7ba178a7e212c,,00 0f 40 41 43 45 47 4b 4d 68 69 ff,48 100 150 1000 1095 7000 7400,Static source audit; unresolved timing/behavior unless described in review notes
sprites/space/10spritesPrLine_wx1_m3stat_ds_2_cgb04c_out0.gbc,FAILED,FAILED,FAILED,0,https://github.com/pokemon-speedrunning/gambatte-core/blob/d819bad196/test/hwtests/sprites/space/10spritesPrLine_wx1_m3stat_ds_2_cgb04c_out0.asm,b3bcc28f749ea1c1297a063f5261774134118ae863e8d63b83a5cc959eda21a0,,00 0f 40 41 43 45 47 4b 4d 68 69 ff,48 100 150 1000 1095 7000 7400,Static source audit; unresolved timing/behavior unless described in review notes
sprites/space/10spritesPrLine_wx2_m3stat_ds_2_cgb04c_out0.gbc,FAILED,FAILED,FAILED,0,https://github.com/pokemon-speedrunning/gambatte-core/blob/d819bad196/test/hwtests/sprites/space/10spritesPrLine_wx2_m3stat_ds_2_cgb04c_out0.asm,e78cb87397fdfedabce49daba351b914e925d9908df58ccd48b32ced3bcb0c2d,,00 0f 40 41 43 45 47 4b 4d 68 69 ff,48 100 150 1000 1095 7000 7400,Static source audit; unresolved timing/behavior unless described in review notes
sprites/space/10spritesPrLine_wx3_m3stat_ds_2_cgb04c_out0.gbc,FAILED,FAILED,FAILED,0,https://github.com/pokemon-speedrunning/gambatte-core/blob/d819bad196/test/hwtests/sprites/space/10spritesPrLine_wx3_m3stat_ds_2_cgb04c_out0.asm,c41e045883db50f4b81e9a7e5323745ceb9c5c39b0ea5db2ff32b3c46cc17b46,,00 0f 40 41 43 45 47 4b 4d 68 69 ff,48 100 150 1000 109a 7000 7400,Static source audit; unresolved timing/behavior unless described in review notes
sprites/space/10spritesPrLine_wx4_m3stat_ds_2_cgb04c_out0.gbc,FAILED,FAILED,FAILED,0,https://github.com/pokemon-speedrunning/gambatte-core/blob/d819bad196/test/hwtests/sprites/space/10spritesPrLine_wx4_m3stat_ds_2_cgb04c_out0.asm,d3376923a80ebecc95146cc9df91f6ceb08e2368adade23ef4cef8b4327b2ece,,00 0f 40 41 43 45 47 4b 4d 68 69 ff,48 100 150 1000 109f 7000 7400,Static source audit; unresolved timing/behavior unless described in review notes
sprites/space/10spritesPrLine_wx5_m3stat_ds_2_cgb04c_out0.gbc,FAILED,FAILED,FAILED,0,https://github.com/pokemon-speedrunning/gambatte-core/blob/d819bad196/test/hwtests/sprites/space/10spritesPrLine_wx5_m3stat_ds_2_cgb04c_out0.asm,3e23bca1136c4b52d9a7ea64cb8848e80b7efa5760a25767ca058282fc968ac4,,00 0f 40 41 43 45 47 4b 4d 68 69 ff,48 100 150 1000 10a4 7000 7400,Static source audit; unresolved timing/behavior unless described in review notes
sprites/space/10spritesPrLine_wx6_m3stat_ds_2_cgb04c_out0.gbc,FAILED,FAILED,FAILED,0,https://github.com/pokemon-speedrunning/gambatte-core/blob/d819bad196/test/hwtests/sprites/space/10spritesPrLine_wx6_m3stat_ds_2_cgb04c_out0.asm,795a90bdb386d45f4944539a076ea1ccd5195921afd5d2f4c627478c7d745195,,00 0f 40 41 43 45 47 4b 4d 68 69 ff,48 100 150 1000 10a9 7000 7400,Static source audit; unresolved timing/behavior unless described in review notes
sprites/space/10spritesPrLine_wx7_m3stat_ds_1_cgb04c_out3.gbc,FAILED,FAILED,FAILED,3,https://github.com/pokemon-speedrunning/gambatte-core/blob/d819bad196/test/hwtests/sprites/space/10spritesPrLine_wx7_m3stat_ds_1_cgb04c_out3.asm,3b13dce669cd9368d78c2fc877a4ad85cb0cb9e466fd41a1e0df1d4f87a3efbb,,00 0f 40 41 43 45 47 4b 4d 68 69 ff,48 100 150 1000 10ad 7000 7400,Static source audit; unresolved timing/behavior unless described in review notes
sprites/space/1pos8_8pos9_wx08_m3stat_ds_1_cgb04c_out3.gbc,FAILED,FAILED,FAILED,3,https://github.com/pokemon-speedrunning/gambatte-core/blob/d819bad196/test/hwtests/sprites/space/1pos8_8pos9_wx08_m3stat_ds_1_cgb04c_out3.asm,728e29881c4bd9731c25fc3850faad3737a5a3e472cad01f7a2a9a7d08d1c40a,,00 0f 40 41 43 45 47 4b 4d 68 69 ff,48 100 150 1000 1096 7000 7400,Static source audit; unresolved timing/behavior unless described in review notes
sprites/space/2overlap1_m3stat_ds_1_cgb04c_out3.gbc,FAILED,FAILED,FAILED,3,https://github.com/pokemon-speedrunning/gambatte-core/blob/d819bad196/test/hwtests/sprites/space/2overlap1_m3stat_ds_1_cgb04c_out3.asm,7c463735cb83d697f2a5e2d06c845e698801a5427b1c2d6b4f6aa92908c21a51,,00 0f 40 41 43 45 47 4d 68 69 ff,48 100 150 1000 109e 7000 7400,Static source audit; unresolved timing/behavior unless described in review notes
sprites/space/2overlap1_offset4_m3stat_ds_1_cgb04c_out3.gbc,FAILED,FAILED,FAILED,3,https://github.com/pokemon-speedrunning/gambatte-core/blob/d819bad196/test/hwtests/sprites/space/2overlap1_offset4_m3stat_ds_1_cgb04c_out3.asm,0b9f613bf454b90049b6264be30617c6f5e0228b83f84aacd77faf44726330a7,,00 0f 40 41 43 45 47 4d 68 69 ff,48 100 150 1000 1099 7000 7400,Static source audit; unresolved timing/behavior unless described in review notes
sprites/space/2overlap1_offset5_m3stat_ds_1_cgb04c_out3.gbc,FAILED,FAILED,FAILED,3,https://github.com/pokemon-speedrunning/gambatte-core/blob/d819bad196/test/hwtests/sprites/space/2overlap1_offset5_m3stat_ds_1_cgb04c_out3.asm,b14710e54772a72cd4d989ec58b8c80ad4b9d0ede4733aa1e85bc56f6665788d,,00 0f 40 41 43 45 47 4d 68 69 ff,48 100 150 1000 1094 7000 7400,Static source audit; unresolved timing/behavior unless described in review notes
sprites/space/2overlap2_offset4_m3stat_ds_1_cgb04c_out3.gbc,FAILED,FAILED,FAILED,3,https://github.com/pokemon-speedrunning/gambatte-core/blob/d819bad196/test/hwtests/sprites/space/2overlap2_offset4_m3stat_ds_1_cgb04c_out3.asm,e36851757f91b08dca544690b2b640a22d88c4a9465483cb3fa7654425cc55a4,,00 0f 40 41 43 45 47 4d 68 69 ff,48 100 150 1000 109b 7000 7400,Static source audit; unresolved timing/behavior unless described in review notes
sprites/space/2overlap3_offset4_m3stat_ds_1_cgb04c_out3.gbc,FAILED,FAILED,FAILED,3,https://github.com/pokemon-speedrunning/gambatte-core/blob/d819bad196/test/hwtests/sprites/space/2overlap3_offset4_m3stat_ds_1_cgb04c_out3.asm,d86c4bbca0a8be618da05c9faa9b42d055d66d478ee3a1b8258ea882231eeb38,,00 0f 40 41 43 45 47 4d 68 69 ff,48 100 150 1000 109e 7000 7400,Static source audit; unresolved timing/behavior unless described in review notes
sprites/space/2overlap4_offset4_m3stat_ds_1_cgb04c_out3.gbc,FAILED,FAILED,FAILED,3,https://github.com/pokemon-speedrunning/gambatte-core/blob/d819bad196/test/hwtests/sprites/space/2overlap4_offset4_m3stat_ds_1_cgb04c_out3.asm,e009bf6b221da66d86c99cb6b2f15500b247e0a766ea4f0ae2d68410d3c79aaa,,00 0f 40 41 43 45 47 4d 68 69 ff,48 100 150 1000 10a0 7000 7400,Static source audit; unresolved timing/behavior unless described in review notes
sprites/space/2overlap5_offset4_m3stat_ds_1_cgb04c_out3.gbc,FAILED,FAILED,FAILED,3,https://github.com/pokemon-speedrunning/gambatte-core/blob/d819bad196/test/hwtests/sprites/space/2overlap5_offset4_m3stat_ds_1_cgb04c_out3.asm,9a7a10a92f47a62bb640ab58285abec7d58405da4c6fb89a920c3a916bde3fd6,,00 0f 40 41 43 45 47 4d 68 69 ff,48 100 150 1000 1094 7000 7400,Static source audit; unresolved timing/behavior unless described in review notes
sprites/space/2overlap6_offset4_m3stat_ds_1_cgb04c_out3.gbc,FAILED,FAILED,FAILED,3,https://github.com/pokemon-speedrunning/gambatte-core/blob/d819bad196/test/hwtests/sprites/space/2overlap6_offset4_m3stat_ds_1_cgb04c_out3.asm,78a3daac0ac9ce14b2773c043811b5c1d4a21a02eadc1c65ed532ce2d1087d38,,00 0f 40 41 43 45 47 4d 68 69 ff,48 100 150 1000 1094 7000 7400,Static source audit; unresolved timing/behavior unless described in review notes
sprites/space/2overlap7_offset4_m3stat_ds_1_cgb04c_out3.gbc,FAILED,FAILED,FAILED,3,https://github.com/pokemon-speedrunning/gambatte-core/blob/d819bad196/test/hwtests/sprites/space/2overlap7_offset4_m3stat_ds_1_cgb04c_out3.asm,47b36f504a1a7231b6ed5c684340a40f246639840ede7386ee2b1d2c0b5354c9,,00 0f 40 41 43 45 47 4d 68 69 ff,48 100 150 1000 1094 7000 7400,Static source audit; unresolved timing/behavior unless described in review notes
sprites/space/2overlap8_m3stat_ds_1_cgb04c_out3.gbc,FAILED,FAILED,FAILED,3,https://github.com/pokemon-speedrunning/gambatte-core/blob/d819bad196/test/hwtests/sprites/space/2overlap8_m3stat_ds_1_cgb04c_out3.asm,85ca4dcdad283b4dc44cc2ddaed26cc95127352b5a8536c6ae426da0b5c6f022,,00 0f 40 41 43 45 47 4d 68 69 ff,48 100 150 1000 109e 7000 7400,Static source audit; unresolved timing/behavior unless described in review notes
sprites/space/2overlap8_offset4_m3stat_ds_1_cgb04c_out3.gbc,FAILED,FAILED,FAILED,3,https://github.com/pokemon-speedrunning/gambatte-core/blob/d819bad196/test/hwtests/sprites/space/2overlap8_offset4_m3stat_ds_1_cgb04c_out3.asm,e0c1f1bc550d5f4141819069fa7fd58686bdd2e21a06305a228295e3d89635ac,,00 0f 40 41 43 45 47 4d 68 69 ff,48 100 150 1000 1094 7000 7400,Static source audit; unresolved timing/behavior unless described in review notes
sprites/space/3overlap1_scx5_m3stat_ds_1_cgb04c_out3.gbc,FAILED,FAILED,FAILED,3,https://github.com/pokemon-speedrunning/gambatte-core/blob/d819bad196/test/hwtests/sprites/space/3overlap1_scx5_m3stat_ds_1_cgb04c_out3.asm,5536d3844d0a36d0027cdd55eef5f7cbbadbea298ba5847ea9e9e404897bb20d,,00 0f 40 41 43 45 47 4d 68 69 ff,48 100 150 1000 1095 7000 7400,Static source audit; unresolved timing/behavior unless described in review notes
sprites/space/3overlap1_scx6_m3stat_ds_1_cgb04c_out3.gbc,FAILED,FAILED,FAILED,3,https://github.com/pokemon-speedrunning/gambatte-core/blob/d819bad196/test/hwtests/sprites/space/3overlap1_scx6_m3stat_ds_1_cgb04c_out3.asm,06ef658b5c999421542f550d437dbd2861eb26740d8b2c25d63753db209b015e,,00 0f 40 41 43 45 47 4d 68 69 ff,48 100 150 1000 1093 7000 7400,Static source audit; unresolved timing/behavior unless described in review notes
sprites/space/3overlap1_scx7_m3stat_ds_1_cgb04c_out3.gbc,FAILED,FAILED,FAILED,3,https://github.com/pokemon-speedrunning/gambatte-core/blob/d819bad196/test/hwtests/sprites/space/3overlap1_scx7_m3stat_ds_1_cgb04c_out3.asm,b981dcd9dbd55416b9fcb2a038f6bcde7729d0969cc0f946d1793b77babbbb4c,,00 0f 40 41 43 45 47 4d 68 69 ff,48 100 150 1000 1092 7000 7400,Static source audit; unresolved timing/behavior unless described in review notes
sprites/space/3overlap2_m3stat_ds_1_cgb04c_out3.gbc,FAILED,FAILED,FAILED,3,https://github.com/pokemon-speedrunning/gambatte-core/blob/d819bad196/test/hwtests/sprites/space/3overlap2_m3stat_ds_1_cgb04c_out3.asm,fcfd0a08a09c26930d749ce0a675120a26b96f3b00d01cfe62dfd326006df095,,00 0f 40 41 43 45 47 4d 68 69 ff,48 100 150 1000 1097 7000 7400,Static source audit; unresolved timing/behavior unless described in review notes
sprites/space/3overlap2_scx1_m3stat_ds_1_cgb04c_out3.gbc,FAILED,FAILED,FAILED,3,https://github.com/pokemon-speedrunning/gambatte-core/blob/d819bad196/test/hwtests/sprites/space/3overlap2_scx1_m3stat_ds_1_cgb04c_out3.asm,1b3719d16059c566f85387b5e04939b933fcb8d403556700e318079899b2f4aa,,00 0f 40 41 43 45 47 4d 68 69 ff,48 100 150 1000 1095 7000 7400,Static source audit; unresolved timing/behavior unless described in review notes
sprites/space/3overlap2_scx2_m3stat_ds_1_cgb04c_out3.gbc,FAILED,FAILED,FAILED,3,https://github.com/pokemon-speedrunning/gambatte-core/blob/d819bad196/test/hwtests/sprites/space/3overlap2_scx2_m3stat_ds_1_cgb04c_out3.asm,f12c02512e259fbe489498c79a04c4e22ae4a7242a7b5e59ac33572fc92dadbf,,00 0f 40 41 43 45 47 4d 68 69 ff,48 100 150 1000 109b 7000 7400,Static source audit; unresolved timing/behavior unless described in review notes
sprites/space/3overlap2_scx3_m3stat_ds_1_cgb04c_out3.gbc,FAILED,FAILED,FAILED,3,https://github.com/pokemon-speedrunning/gambatte-core/blob/d819bad196/test/hwtests/sprites/space/3overlap2_scx3_m3stat_ds_1_cgb04c_out3.asm,8dcd2bba544e2b77416e4ee6ed24fbe8abeae214351a96585726612e607d3bdc,,00 0f 40 41 43 45 47 4d 68 69 ff,48 100 150 1000 1099 7000 7400,Static source audit; unresolved timing/behavior unless described in review notes
sprites/space/3overlap2_scx4_m3stat_ds_1_cgb04c_out3.gbc,FAILED,FAILED,FAILED,3,https://github.com/pokemon-speedrunning/gambatte-core/blob/d819bad196/test/hwtests/sprites/space/3overlap2_scx4_m3stat_ds_1_cgb04c_out3.asm,f3f7111ecfc38d92791ee1d4665c551816743f349e1ca46d175195bdb9eb59e7,,00 0f 40 41 43 45 47 4d 68 69 ff,48 100 150 1000 109e 7000 7400,Static source audit; unresolved timing/behavior unless described in review notes
sprites/space/3overlap2_scx5_m3stat_ds_1_cgb04c_out3.gbc,FAILED,FAILED,FAILED,3,https://github.com/pokemon-speedrunning/gambatte-core/blob/d819bad196/test/hwtests/sprites/space/3overlap2_scx5_m3stat_ds_1_cgb04c_out3.asm,9a6a7b0bae2e3161c5b6fac99908b6b6bcdc9ff5868fa119384f8288a1797c65,,00 0f 40 41 43 45 47 4d 68 69 ff,48 100 150 1000 109a 7000 7400,Static source audit; unresolved timing/behavior unless described in review notes
sprites/space/3overlap2_scx6_m3stat_ds_1_cgb04c_out3.gbc,FAILED,FAILED,FAILED,3,https://github.com/pokemon-speedrunning/gambatte-core/blob/d819bad196/test/hwtests/sprites/space/3overlap2_scx6_m3stat_ds_1_cgb04c_out3.asm,f69c05c6385b693169aab7b972eff4e56d19cf1224fff79886c571b72a128c90,,00 0f 40 41 43 45 47 4d 68 69 ff,48 100 150 1000 1097 7000 7400,Static source audit; unresolved timing/behavior unless described in review notes
sprites/space/3overlap2_scx7_m3stat_ds_1_cgb04c_out3.gbc,FAILED,FAILED,FAILED,3,https://github.com/pokemon-speedrunning/gambatte-core/blob/d819bad196/test/hwtests/sprites/space/3overlap2_scx7_m3stat_ds_1_cgb04c_out3.asm,80c563a252110144db93d379f32af680e45b71fa882a9c76df94cae01b9ca8cc,,00 0f 40 41 43 45 47 4d 68 69 ff,48 100 150 1000 1095 7000 7400,Static source audit; unresolved timing/behavior unless described in review notes
sprites/space/3overlap3_m3stat_ds_1_cgb04c_out3.gbc,FAILED,FAILED,FAILED,3,https://github.com/pokemon-speedrunning/gambatte-core/blob/d819bad196/test/hwtests/sprites/space/3overlap3_m3stat_ds_1_cgb04c_out3.asm,f5b238c627feb6c3e9d32c488efe0889d1d1212b7a2d24303b3b2baf41226e41,,00 0f 40 41 43 45 47 4d 68 69 ff,48 100 150 1000 109a 7000 7400,Static source audit; unresolved timing/behavior unless described in review notes
sprites/space/3overlap3_scx1_m3stat_ds_1_cgb04c_out3.gbc,FAILED,FAILED,FAILED,3,https://github.com/pokemon-speedrunning/gambatte-core/blob/d819bad196/test/hwtests/sprites/space/3overlap3_scx1_m3stat_ds_1_cgb04c_out3.asm,c77996e4cd2632b5fb28a7e1b10c34cf9580287350427579ea8249b8bd4800c4,,00 0f 40 41 43 45 47 4d 68 69 ff,48 100 150 1000 1098 7000 7400,Static source audit; unresolved timing/behavior unless described in review notes
sprites/space/3overlap3_scx2_m3stat_ds_1_cgb04c_out3.gbc,FAILED,FAILED,FAILED,3,https://github.com/pokemon-speedrunning/gambatte-core/blob/d819bad196/test/hwtests/sprites/space/3overlap3_scx2_m3stat_ds_1_cgb04c_out3.asm,f241342d807b63ea9b485ddafdc14327733a5e3d0af1dc3c8480bc2b96f6e08e,,00 0f 40 41 43 45 47 4d 68 69 ff,48 100 150 1000 1095 7000 7400,Static source audit; unresolved timing/behavior unless described in review notes
sprites/space/3overlap3_scx3_m3stat_ds_1_cgb04c_out3.gbc,FAILED,FAILED,FAILED,3,https://github.com/pokemon-speedrunning/gambatte-core/blob/d819bad196/test/hwtests/sprites/space/3overlap3_scx3_m3stat_ds_1_cgb04c_out3.asm,26d14cdf84db4d1aa66edecdc92e8c764c7e498a2535e352a92f284c6f5aeae4,,00 0f 40 41 43 45 47 4d 68 69 ff,48 100 150 1000 109a 7000 7400,Static source audit; unresolved timing/behavior unless described in review notes
sprites/space/3overlap3_scx4_m3stat_ds_1_cgb04c_out3.gbc,FAILED,FAILED,FAILED,3,https://github.com/pokemon-speedrunning/gambatte-core/blob/d819bad196/test/hwtests/sprites/space/3overlap3_scx4_m3stat_ds_1_cgb04c_out3.asm,5d01bab6619a32570020fb008f50fd54f9da46fe652f8bc7acd02631a4f773c6,,00 0f 40 41 43 45 47 4d 68 69 ff,48 100 150 1000 1098 7000 7400,Static source audit; unresolved timing/behavior unless described in review notes
sprites/space/3overlap3_scx5_m3stat_ds_1_cgb04c_out3.gbc,FAILED,FAILED,FAILED,3,https://github.com/pokemon-speedrunning/gambatte-core/blob/d819bad196/test/hwtests/sprites/space/3overlap3_scx5_m3stat_ds_1_cgb04c_out3.asm,eeead64b1052315e7938c36eba0802d540f1a7942bde1c0d0833877b7c8c5585,,00 0f 40 41 43 45 47 4d 68 69 ff,48 100 150 1000 1095 7000 7400,Static source audit; unresolved timing/behavior unless described in review notes
sprites/space/3overlap3_scx6_m3stat_ds_1_cgb04c_out3.gbc,FAILED,FAILED,FAILED,3,https://github.com/pokemon-speedrunning/gambatte-core/blob/d819bad196/test/hwtests/sprites/space/3overlap3_scx6_m3stat_ds_1_cgb04c_out3.asm,41e580c50a58785b19b6f3e40829ef203c770306d1ef82d1846f24e4318b8a58,,00 0f 40 41 43 45 47 4d 68 69 ff,48 100 150 1000 109c 7000 7400,Static source audit; unresolved timing/behavior unless described in review notes
sprites/space/3overlap3_scx7_m3stat_ds_1_cgb04c_out3.gbc,FAILED,FAILED,FAILED,3,https://github.com/pokemon-speedrunning/gambatte-core/blob/d819bad196/test/hwtests/sprites/space/3overlap3_scx7_m3stat_ds_1_cgb04c_out3.asm,641b1bb6d7ae731b725c7f8f80b9f26c5f0e059071c065cd98dbd0c32eac08fe,,00 0f 40 41 43 45 47 4d 68 69 ff,48 100 150 1000 1099 7000 7400,Static source audit; unresolved timing/behavior unless described in review notes
sprites/space/3overlap4_m3stat_ds_1_cgb04c_out3.gbc,FAILED,FAILED,FAILED,3,https://github.com/pokemon-speedrunning/gambatte-core/blob/d819bad196/test/hwtests/sprites/space/3overlap4_m3stat_ds_1_cgb04c_out3.asm,2908818f38dc1c13e63f0448c9c4a0c12020cc007f5389c72f5312afd9dc43eb,,00 0f 40 41 43 45 47 4d 68 69 ff,48 100 150 1000 109d 7000 7400,Static source audit; unresolved timing/behavior unless described in review notes
sprites/space/3overlap4_scx1_m3stat_ds_1_cgb04c_out3.gbc,FAILED,FAILED,FAILED,3,https://github.com/pokemon-speedrunning/gambatte-core/blob/d819bad196/test/hwtests/sprites/space/3overlap4_scx1_m3stat_ds_1_cgb04c_out3.asm,dd888914dbc781a60a3e648e57b267a991ca40abf078cfcc62ae1290921697e0,,00 0f 40 41 43 45 47 4d 68 69 ff,48 100 150 1000 109b 7000 7400,Static source audit; unresolved timing/behavior unless described in review notes
sprites/space/3overlap4_scx2_m3stat_ds_1_cgb04c_out3.gbc,FAILED,FAILED,FAILED,3,https://github.com/pokemon-speedrunning/gambatte-core/blob/d819bad196/test/hwtests/sprites/space/3overlap4_scx2_m3stat_ds_1_cgb04c_out3.asm,db7ca6ce7cc970d81b62e10a68d2b73d5fb447b17569f3e9c2d74d391a4c9127,,00 0f 40 41 43 45 47 4d 68 69 ff,48 100 150 1000 1098 7000 7400,Static source audit; unresolved timing/behavior unless described in review notes
sprites/space/3overlap4_scx3_m3stat_ds_1_cgb04c_out3.gbc,FAILED,FAILED,FAILED,3,https://github.com/pokemon-speedrunning/gambatte-core/blob/d819bad196/test/hwtests/sprites/space/3overlap4_scx3_m3stat_ds_1_cgb04c_out3.asm,2dfbaa1986bc77ca9205fbbd2130b750af1c39b53a896630cb9f08f7f6c8edc1,,00 0f 40 41 43 45 47 4d 68 69 ff,48 100 150 1000 1096 7000 7400,Static source audit; unresolved timing/behavior unless described in review notes
sprites/space/3overlap4_scx4_m3stat_ds_1_cgb04c_out3.gbc,FAILED,FAILED,FAILED,3,https://github.com/pokemon-speedrunning/gambatte-core/blob/d819bad196/test/hwtests/sprites/space/3overlap4_scx4_m3stat_ds_1_cgb04c_out3.asm,d7017c471778f95491966ec08f893cf433d921c788419272d39b0e98d794891d,,00 0f 40 41 43 45 47 4d 68 69 ff,48 100 150 1000 1099 7000 7400,Static source audit; unresolved timing/behavior unless described in review notes
sprites/space/3overlap4_scx5_m3stat_ds_1_cgb04c_out3.gbc,FAILED,FAILED,FAILED,3,https://github.com/pokemon-speedrunning/gambatte-core/blob/d819bad196/test/hwtests/sprites/space/3overlap4_scx5_m3stat_ds_1_cgb04c_out3.asm,964252b0db95f43eaa2892c478dfed134b2e97222955b67986ab46f988bbf813,,00 0f 40 41 43 45 47 4d 68 69 ff,48 100 150 1000 1097 7000 7400,Static source audit; unresolved timing/behavior unless described in review notes
sprites/space/3overlap4_scx6_m3stat_ds_1_cgb04c_out3.gbc,FAILED,FAILED,FAILED,3,https://github.com/pokemon-speedrunning/gambatte-core/blob/d819bad196/test/hwtests/sprites/space/3overlap4_scx6_m3stat_ds_1_cgb04c_out3.asm,b43e373511b6effb3a7e04dc2b2a40c421272979e94e271d10069d8aac15fc9c,,00 0f 40 41 43 45 47 4d 68 69 ff,48 100 150 1000 1096 7000 7400,Static source audit; unresolved timing/behavior unless described in review notes
sprites/space/3overlap4_scx7_m3stat_ds_1_cgb04c_out3.gbc,FAILED,FAILED,FAILED,3,https://github.com/pokemon-speedrunning/gambatte-core/blob/d819bad196/test/hwtests/sprites/space/3overlap4_scx7_m3stat_ds_1_cgb04c_out3.asm,67af2bf333229dd01e75671e27608015f1efd0032523c6711ed85693adcaaa01,,00 0f 40 41 43 45 47 4d 68 69 ff,48 100 150 1000 1095 7000 7400,Static source audit; unresolved timing/behavior unless described in review notes
sprites/space/3overlap5_m3stat_ds_1_cgb04c_out3.gbc,FAILED,FAILED,FAILED,3,https://github.com/pokemon-speedrunning/gambatte-core/blob/d819bad196/test/hwtests/sprites/space/3overlap5_m3stat_ds_1_cgb04c_out3.asm,a55520111185e912dcab93ce783e5187dc114eb9823733a791440b8ccec2a887,,00 0f 40 41 43 45 47 4d 68 69 ff,48 100 150 1000 1096 7000 7400,Static source audit; unresolved timing/behavior unless described in review notes
sprites/space/3overlap5_rev_m3stat_ds_1_cgb04c_out3.gbc,FAILED,FAILED,FAILED,3,https://github.com/pokemon-speedrunning/gambatte-core/blob/d819bad196/test/hwtests/sprites/space/3overlap5_rev_m3stat_ds_1_cgb04c_out3.asm,4b04b7867830fa9f1662ccf0f86949d5f1cd0390c987dd8bff63fbdc8d244886,,00 0f 40 41 43 45 47 4d 68 69 ff,48 100 150 1000 1096 7000 7400,Static source audit; unresolved timing/behavior unless described in review notes
sprites/space/3overlap5_scx1_m3stat_ds_1_cgb04c_out3.gbc,FAILED,FAILED,FAILED,3,https://github.com/pokemon-speedrunning/gambatte-core/blob/d819bad196/test/hwtests/sprites/space/3overlap5_scx1_m3stat_ds_1_cgb04c_out3.asm,4ba15bfefb170f22c43899bd94fce59a356cfddc26a47b0a50af352b8f4448ee,,00 0f 40 41 43 45 47 4d 68 69 ff,48 100 150 1000 1095 7000 7400,Static source audit; unresolved timing/behavior unless described in review notes
sprites/space/3overlap5_scx2_m3stat_ds_1_cgb04c_out3.gbc,FAILED,FAILED,FAILED,3,https://github.com/pokemon-speedrunning/gambatte-core/blob/d819bad196/test/hwtests/sprites/space/3overlap5_scx2_m3stat_ds_1_cgb04c_out3.asm,441f19256fedf6041fc359ae6f4e7702b7911e37cc4f8fbaa4b846c4a734f60d,,00 0f 40 41 43 45 47 4d 68 69 ff,48 100 150 1000 109b 7000 7400,Static source audit; unresolved timing/behavior unless described in review notes
sprites/space/3overlap5_scx3_m3stat_ds_1_cgb04c_out3.gbc,FAILED,FAILED,FAILED,3,https://github.com/pokemon-speedrunning/gambatte-core/blob/d819bad196/test/hwtests/sprites/space/3overlap5_scx3_m3stat_ds_1_cgb04c_out3.asm,bee72a4db826c42489705d0bd4f0fa8a0037017efa0197338d35135b363bb0c3,,00 0f 40 41 43 45 47 4d 68 69 ff,48 100 150 1000 1099 7000 7400,Static source audit; unresolved timing/behavior unless described in review notes
sprites/space/3overlap5_scx4_m3stat_ds_1_cgb04c_out3.gbc,FAILED,FAILED,FAILED,3,https://github.com/pokemon-speedrunning/gambatte-core/blob/d819bad196/test/hwtests/sprites/space/3overlap5_scx4_m3stat_ds_1_cgb04c_out3.asm,199d1164d04cd4ea0706694a64d242bfa6108847433d044aee60db380f8e4fe1,,00 0f 40 41 43 45 47 4d 68 69 ff,48 100 150 1000 1096 7000 7400,Static source audit; unresolved timing/behavior unless described in review notes
sprites/space/3overlap5_scx5_m3stat_ds_1_cgb04c_out3.gbc,FAILED,FAILED,FAILED,3,https://github.com/pokemon-speedrunning/gambatte-core/blob/d819bad196/test/hwtests/sprites/space/3overlap5_scx5_m3stat_ds_1_cgb04c_out3.asm,071b7cd5bd0bf355e33f8c890a6d4ca4e45e3e3b37ae49b92a889c2f842327bc,,00 0f 40 41 43 45 47 4d 68 69 ff,48 100 150 1000 1098 7000 7400,Static source audit; unresolved timing/behavior unless described in review notes
sprites/space/3overlap5_scx6_m3stat_ds_1_cgb04c_out3.gbc,FAILED,FAILED,FAILED,3,https://github.com/pokemon-speedrunning/gambatte-core/blob/d819bad196/test/hwtests/sprites/space/3overlap5_scx6_m3stat_ds_1_cgb04c_out3.asm,fce47f004a5a5f5d01de11e3527decc064a6287fdb46d543982fd124e037ac21,,00 0f 40 41 43 45 47 4d 68 69 ff,48 100 150 1000 1097 7000 7400,Static source audit; unresolved timing/behavior unless described in review notes
sprites/space/3overlap5_scx7_m3stat_ds_1_cgb04c_out3.gbc,FAILED,FAILED,FAILED,3,https://github.com/pokemon-speedrunning/gambatte-core/blob/d819bad196/test/hwtests/sprites/space/3overlap5_scx7_m3stat_ds_1_cgb04c_out3.asm,27dc77d0f2b1036b7c9fa95e4467270cda84a304dafe9bee3284aa404bcb3e50,,00 0f 40 41 43 45 47 4d 68 69 ff,48 100 150 1000 1096 7000 7400,Static source audit; unresolved timing/behavior unless described in review notes
sprites/space/3overlap6_m3stat_ds_1_cgb04c_out3.gbc,FAILED,FAILED,FAILED,3,https://github.com/pokemon-speedrunning/gambatte-core/blob/d819bad196/test/hwtests/sprites/space/3overlap6_m3stat_ds_1_cgb04c_out3.asm,18c1e76ee19bb2d912b6669632484a608c16204586bddc33aa01b6f4a2130ac3,,00 0f 40 41 43 45 47 4d 68 69 ff,48 100 150 1000 1096 7000 7400,Static source audit; unresolved timing/behavior unless described in review notes
sprites/space/3overlap6_rev_m3stat_ds_1_cgb04c_out3.gbc,FAILED,FAILED,FAILED,3,https://github.com/pokemon-speedrunning/gambatte-core/blob/d819bad196/test/hwtests/sprites/space/3overlap6_rev_m3stat_ds_1_cgb04c_out3.asm,1569099545787a8f3081631fa59538cacef656960db9f062dfc231fcc5667775,,00 0f 40 41 43 45 47 4d 68 69 ff,48 100 150 1000 1096 7000 7400,Static source audit; unresolved timing/behavior unless described in review notes
sprites/space/3overlap6_scx1_m3stat_ds_1_cgb04c_out3.gbc,FAILED,FAILED,FAILED,3,https://github.com/pokemon-speedrunning/gambatte-core/blob/d819bad196/test/hwtests/sprites/space/3overlap6_scx1_m3stat_ds_1_cgb04c_out3.asm,00f75321f015354be79ab15e61ce3d5db00192074c2bd1856bb9ce6160a23b6c,,00 0f 40 41 43 45 47 4d 68 69 ff,48 100 150 1000 1095 7000 7400,Static source audit; unresolved timing/behavior unless described in review notes
sprites/space/3overlap6_scx2_m3stat_ds_1_cgb04c_out3.gbc,FAILED,FAILED,FAILED,3,https://github.com/pokemon-speedrunning/gambatte-core/blob/d819bad196/test/hwtests/sprites/space/3overlap6_scx2_m3stat_ds_1_cgb04c_out3.asm,9159daaa869971eba944bdb4987862e813a647cf18a0ae2fa3f96027d72243cd,,00 0f 40 41 43 45 47 4d 68 69 ff,48 100 150 1000 1094 7000 7400,Static source audit; unresolved timing/behavior unless described in review notes
sprites/space/3overlap6_scx3_m3stat_ds_1_cgb04c_out3.gbc,FAILED,FAILED,FAILED,3,https://github.com/pokemon-speedrunning/gambatte-core/blob/d819bad196/test/hwtests/sprites/space/3overlap6_scx3_m3stat_ds_1_cgb04c_out3.asm,831bee9138cdd276414d82946a81089e3589757e94606d707380acc7458935db,,00 0f 40 41 43 45 47 4d 68 69 ff,48 100 150 1000 1093 7000 7400,Static source audit; unresolved timing/behavior unless described in review notes
sprites/space/3overlap6_scx4_m3stat_ds_1_cgb04c_out3.gbc,FAILED,FAILED,FAILED,3,https://github.com/pokemon-speedrunning/gambatte-core/blob/d819bad196/test/hwtests/sprites/space/3overlap6_scx4_m3stat_ds_1_cgb04c_out3.asm,d25aeb008208245e01b8a239c1c0c8b989113c266a2f8dfbbe6e19c90263f651,,00 0f 40 41 43 45 47 4d 68 69 ff,48 100 150 1000 1099 7000 7400,Static source audit; unresolved timing/behavior unless described in review notes
sprites/space/3overlap6_scx5_m3stat_ds_1_cgb04c_out3.gbc,FAILED,FAILED,FAILED,3,https://github.com/pokemon-speedrunning/gambatte-core/blob/d819bad196/test/hwtests/sprites/space/3overlap6_scx5_m3stat_ds_1_cgb04c_out3.asm,cd3b6aa881ef56d9f1833ef5445c5f0ae6530fdb2501df6f61d789040a7b0e23,,00 0f 40 41 43 45 47 4d 68 69 ff,48 100 150 1000 1097 7000 7400,Static source audit; unresolved timing/behavior unless described in review notes
sprites/space/3overlap6_scx6_m3stat_ds_1_cgb04c_out3.gbc,FAILED,FAILED,FAILED,3,https://github.com/pokemon-speedrunning/gambatte-core/blob/d819bad196/test/hwtests/sprites/space/3overlap6_scx6_m3stat_ds_1_cgb04c_out3.asm,61f30849414336d4136b06d8230ba5d817646114985a952c852f86b9ea42e7b3,,00 0f 40 41 43 45 47 4d 68 69 ff,48 100 150 1000 1099 7000 7400,Static source audit; unresolved timing/behavior unless described in review notes
sprites/space/3overlap6_scx7_m3stat_ds_1_cgb04c_out3.gbc,FAILED,FAILED,FAILED,3,https://github.com/pokemon-speedrunning/gambatte-core/blob/d819bad196/test/hwtests/sprites/space/3overlap6_scx7_m3stat_ds_1_cgb04c_out3.asm,de24dfc3e78312e46469a8d77dec65694b8ce67f468d602aa91b16616ab865c8,,00 0f 40 41 43 45 47 4d 68 69 ff,48 100 150 1000 1098 7000 7400,Static source audit; unresolved timing/behavior unless described in review notes
sprites/space/3overlap7_m3stat_ds_1_cgb04c_out3.gbc,FAILED,FAILED,FAILED,3,https://github.com/pokemon-speedrunning/gambatte-core/blob/d819bad196/test/hwtests/sprites/space/3overlap7_m3stat_ds_1_cgb04c_out3.asm,d871bf10e1a50fcadc7b51688025b41188a68a7804c49b677334c89a29953e45,,00 0f 40 41 43 45 47 4d 68 69 ff,48 100 150 1000 1096 7000 7400,Static source audit; unresolved timing/behavior unless described in review notes
sprites/space/3overlap7_rev_m3stat_ds_1_cgb04c_out3.gbc,FAILED,FAILED,FAILED,3,https://github.com/pokemon-speedrunning/gambatte-core/blob/d819bad196/test/hwtests/sprites/space/3overlap7_rev_m3stat_ds_1_cgb04c_out3.asm,aef0bddb7d6f47cd893d816452fe567c89e5c582425b2c50f286619f1a314958,,00 0f 40 41 43 45 47 4d 68 69 ff,48 100 150 1000 1096 7000 7400,Static source audit; unresolved timing/behavior unless described in review notes
sprites/space/3overlap7_scx1_m3stat_ds_1_cgb04c_out3.gbc,FAILED,FAILED,FAILED,3,https://github.com/pokemon-speedrunning/gambatte-core/blob/d819bad196/test/hwtests/sprites/space/3overlap7_scx1_m3stat_ds_1_cgb04c_out3.asm,76ac9a0aaa2152d6a816503c5bc025c2c4db4b4c18e04e30637627cd834186b9,,00 0f 40 41 43 45 47 4d 68 69 ff,48 100 150 1000 1095 7000 7400,Static source audit; unresolved timing/behavior unless described in review notes
sprites/space/3overlap7_scx2_m3stat_ds_1_cgb04c_out3.gbc,FAILED,FAILED,FAILED,3,https://github.com/pokemon-speedrunning/gambatte-core/blob/d819bad196/test/hwtests/sprites/space/3overlap7_scx2_m3stat_ds_1_cgb04c_out3.asm,a31a81ea3216af0ac80626fa879e8b66dabce7cf5f70459faf360a9a88f5758f,,00 0f 40 41 43 45 47 4d 68 69 ff,48 100 150 1000 1094 7000 7400,Static source audit; unresolved timing/behavior unless described in review notes
sprites/space/3overlap7_scx3_m3stat_ds_1_cgb04c_out3.gbc,FAILED,FAILED,FAILED,3,https://github.com/pokemon-speedrunning/gambatte-core/blob/d819bad196/test/hwtests/sprites/space/3overlap7_scx3_m3stat_ds_1_cgb04c_out3.asm,69e4631775b4c5777ce05abf8fc77b71da5f7c755fa006fd957c1d71f04ab7eb,,00 0f 40 41 43 45 47 4d 68 69 ff,48 100 150 1000 1093 7000 7400,Static source audit; unresolved timing/behavior unless described in review notes
sprites/space/3overlap7_scx4_m3stat_ds_1_cgb04c_out3.gbc,FAILED,FAILED,FAILED,3,https://github.com/pokemon-speedrunning/gambatte-core/blob/d819bad196/test/hwtests/sprites/space/3overlap7_scx4_m3stat_ds_1_cgb04c_out3.asm,371a6ea274e13d5517251578564726a566e06ce3940b50415cdffdd4264b2e97,,00 0f 40 41 43 45 47 4d 68 69 ff,48 100 150 1000 1092 7000 7400,Static source audit; unresolved timing/behavior unless described in review notes
sprites/space/3overlap7_scx5_m3stat_ds_1_cgb04c_out3.gbc,FAILED,FAILED,FAILED,3,https://github.com/pokemon-speedrunning/gambatte-core/blob/d819bad196/test/hwtests/sprites/space/3overlap7_scx5_m3stat_ds_1_cgb04c_out3.asm,4cc09f8afda1ffaadb01ab51df3dfc4a042494ddd6ed3f1ac1f62dca8cff6d6e,,00 0f 40 41 43 45 47 4d 68 69 ff,48 100 150 1000 1091 7000 7400,Static source audit; unresolved timing/behavior unless described in review notes
sprites/space/3overlap7_scx6_m3stat_ds_1_cgb04c_out3.gbc,FAILED,FAILED,FAILED,3,https://github.com/pokemon-speedrunning/gambatte-core/blob/d819bad196/test/hwtests/sprites/space/3overlap7_scx6_m3stat_ds_1_cgb04c_out3.asm,839d5cfbf8fb8705459155bf799b6ad80fec6f66de932ed0a3376c9ca818d275,,00 0f 40 41 43 45 47 4d 68 69 ff,48 100 150 1000 1099 7000 7400,Static source audit; unresolved timing/behavior unless described in review notes
sprites/space/3overlap7_scx7_m3stat_ds_1_cgb04c_out3.gbc,FAILED,FAILED,FAILED,3,https://github.com/pokemon-speedrunning/gambatte-core/blob/d819bad196/test/hwtests/sprites/space/3overlap7_scx7_m3stat_ds_1_cgb04c_out3.asm,f76df7606b75bbf5447bedf4d1bdf6f0ed48b72ea3b0940e01ef5accd2f59633,,00 0f 40 41 43 45 47 4d 68 69 ff,48 100 150 1000 1099 7000 7400,Static source audit; unresolved timing/behavior unless described in review notes
sprites/space/3overlap8_m3stat_ds_1_cgb04c_out3.gbc,FAILED,FAILED,FAILED,3,https://github.com/pokemon-speedrunning/gambatte-core/blob/d819bad196/test/hwtests/sprites/space/3overlap8_m3stat_ds_1_cgb04c_out3.asm,afbb55e3e38f6a07952c4ac06bfafac18b2eb76fe232008bdaaa5f2c061f7045,,00 0f 40 41 43 45 47 4d 68 69 ff,48 100 150 1000 1096 7000 7400,Static source audit; unresolved timing/behavior unless described in review notes
sprites/space/3overlap8_scx1_m3stat_ds_1_cgb04c_out3.gbc,FAILED,FAILED,FAILED,3,https://github.com/pokemon-speedrunning/gambatte-core/blob/d819bad196/test/hwtests/sprites/space/3overlap8_scx1_m3stat_ds_1_cgb04c_out3.asm,2d193a03896592efb361acf0f5675611650e3f66aa7aafd56d0fc2621e94afe4,,00 0f 40 41 43 45 47 4d 68 69 ff,48 100 150 1000 1095 7000 7400,Static source audit; unresolved timing/behavior unless described in review notes
sprites/space/3overlap8_scx2_m3stat_ds_1_cgb04c_out3.gbc,FAILED,FAILED,FAILED,3,https://github.com/pokemon-speedrunning/gambatte-core/blob/d819bad196/test/hwtests/sprites/space/3overlap8_scx2_m3stat_ds_1_cgb04c_out3.asm,933670f6c4d3d67f11c83dad52c5cff22b213b16e002f2282b28c6433b0f9331,,00 0f 40 41 43 45 47 4d 68 69 ff,48 100 150 1000 1094 7000 7400,Static source audit; unresolved timing/behavior unless described in review notes
sprites/space/3overlap8_scx3_m3stat_ds_1_cgb04c_out3.gbc,FAILED,FAILED,FAILED,3,https://github.com/pokemon-speedrunning/gambatte-core/blob/d819bad196/test/hwtests/sprites/space/3overlap8_scx3_m3stat_ds_1_cgb04c_out3.asm,63b35d8b2eeb096293539eba07936da85688dd0b58941634b9f4aedf03ea962f,,00 0f 40 41 43 45 47 4d 68 69 ff,48 100 150 1000 1093 7000 7400,Static source audit; unresolved timing/behavior unless described in review notes
sprites/space/3overlap8_scx4_m3stat_ds_1_cgb04c_out3.gbc,FAILED,FAILED,FAILED,3,https://github.com/pokemon-speedrunning/gambatte-core/blob/d819bad196/test/hwtests/sprites/space/3overlap8_scx4_m3stat_ds_1_cgb04c_out3.asm,74abcc289fe4857c9fc2bbb38301393912dae1d56efc41dba1e73993c438c955,,00 0f 40 41 43 45 47 4d 68 69 ff,48 100 150 1000 1092 7000 7400,Static source audit; unresolved timing/behavior unless described in review notes
sprites/space/3overlap8_scx5_m3stat_ds_1_cgb04c_out3.gbc,FAILED,FAILED,FAILED,3,https://github.com/pokemon-speedrunning/gambatte-core/blob/d819bad196/test/hwtests/sprites/space/3overlap8_scx5_m3stat_ds_1_cgb04c_out3.asm,b56bc5118e35bca11f74f5ee290aab7b41ab0997e7f1b367cdd65e3a114e0a7b,,00 0f 40 41 43 45 47 4d 68 69 ff,48 100 150 1000 1091 7000 7400,Static source audit; unresolved timing/behavior unless described in review notes
sprites/space/3overlap8_scx6_m3stat_ds_1_cgb04c_out3.gbc,FAILED,FAILED,FAILED,3,https://github.com/pokemon-speedrunning/gambatte-core/blob/d819bad196/test/hwtests/sprites/space/3overlap8_scx6_m3stat_ds_1_cgb04c_out3.asm,d31296f3bd139e9476a6f863ab85484e9f9341102ca9f29a261be5a3f88d4725,,00 0f 40 41 43 45 47 4d 68 69 ff,48 100 150 1000 1091 7000 7400,Static source audit; unresolved timing/behavior unless described in review notes
sprites/space/3overlap8_scx7_m3stat_ds_1_cgb04c_out3.gbc,FAILED,FAILED,FAILED,3,https://github.com/pokemon-speedrunning/gambatte-core/blob/d819bad196/test/hwtests/sprites/space/3overlap8_scx7_m3stat_ds_1_cgb04c_out3.asm,a3df5d3c54403e1ed88796e0a21ca4538cf7d374942c49857ef51c2ddd1c46b2,,00 0f 40 41 43 45 47 4d 68 69 ff,48 100 150 1000 1092 7000 7400,Static source audit; unresolved timing/behavior unless described in review notes
sprites/space/9pos8_wx08_m3stat_ds_1_cgb04c_out3.gbc,FAILED,FAILED,FAILED,3,https://github.com/pokemon-speedrunning/gambatte-core/blob/d819bad196/test/hwtests/sprites/space/9pos8_wx08_m3stat_ds_1_cgb04c_out3.asm,d803006ed2b10c84e308ada2951a701cfb6bcf4008d5687fe502ec37ac3f095d,,00 0f 40 41 43 45 47 4b 4d 68 69 ff,48 100 150 1000 1094 7000 7400,Static source audit; unresolved timing/behavior unless described in review notes
sprites/space/9pos8_wx08_scx5_m3stat_ds_1_cgb04c_out3.gbc,FAILED,FAILED,FAILED,3,https://github.com/pokemon-speedrunning/gambatte-core/blob/d819bad196/test/hwtests/sprites/space/9pos8_wx08_scx5_m3stat_ds_1_cgb04c_out3.asm,b717c952edef37b84df0d850bf1591e6c3b0035b380eed0886c71e58e33be566,,00 0f 40 41 43 45 47 4b 4d 68 69 ff,48 100 150 1000 1094 7000 7400,Static source audit; unresolved timing/behavior unless described in review notes
sprites/space/9pos8_wx09_m3stat_ds_1_cgb04c_out3.gbc,FAILED,FAILED,FAILED,3,https://github.com/pokemon-speedrunning/gambatte-core/blob/d819bad196/test/hwtests/sprites/space/9pos8_wx09_m3stat_ds_1_cgb04c_out3.asm,713e99b142755a4415af511a56c0f90876e96d5aa841da88f1e713a18d545dcb,,00 0f 40 41 43 45 47 4b 4d 68 69 ff,48 100 150 1000 1094 7000 7400,Static source audit; unresolved timing/behavior unless described in review notes
sprites/space/9pos8_wx0A_m3stat_ds_1_cgb04c_out3.gbc,FAILED,FAILED,FAILED,3,https://github.com/pokemon-speedrunning/gambatte-core/blob/d819bad196/test/hwtests/sprites/space/9pos8_wx0A_m3stat_ds_1_cgb04c_out3.asm,b812628b26ff6184c0f0604a62aab5b7b3503bc61533f0ebe6842be6d6db40d1,,00 0f 40 41 43 45 47 4b 4d 68 69 ff,48 100 150 1000 1094 7000 7400,Static source audit; unresolved timing/behavior unless described in review notes
sprites/space/9pos8_wx0B_m3stat_ds_1_cgb04c_out3.gbc,FAILED,FAILED,FAILED,3,https://github.com/pokemon-speedrunning/gambatte-core/blob/d819bad196/test/hwtests/sprites/space/9pos8_wx0B_m3stat_ds_1_cgb04c_out3.asm,1e5835cafbc01bf94c68435d67c3d21b5b37dda833a95e1859c3cbaf8358d859,,00 0f 40 41 43 45 47 4b 4d 68 69 ff,48 100 150 1000 1094 7000 7400,Static source audit; unresolved timing/behavior unless described in review notes
sprites/space/9pos8_wx0C_m3stat_ds_1_cgb04c_out3.gbc,FAILED,FAILED,FAILED,3,https://github.com/pokemon-speedrunning/gambatte-core/blob/d819bad196/test/hwtests/sprites/space/9pos8_wx0C_m3stat_ds_1_cgb04c_out3.asm,cd8ded22895f7444d3d6fdc5a0b667863042d5a4c1277300c57163ab12cbfe73,,00 0f 40 41 43 45 47 4b 4d 68 69 ff,48 100 150 1000 1094 7000 7400,Static source audit; unresolved timing/behavior unless described in review notes
sprites/space/9pos8_wx0D_m3stat_ds_1_cgb04c_out3.gbc,FAILED,FAILED,FAILED,3,https://github.com/pokemon-speedrunning/gambatte-core/blob/d819bad196/test/hwtests/sprites/space/9pos8_wx0D_m3stat_ds_1_cgb04c_out3.asm,468f076d2a7eb2ef60c40fdffdf32ba3ef365ce52d33a7335841dcda3ae9b111,,00 0f 40 41 43 45 47 4b 4d 68 69 ff,48 100 150 1000 1094 7000 7400,Static source audit; unresolved timing/behavior unless described in review notes
sprites/space/9pos8_wx0E_m3stat_ds_1_cgb04c_out3.gbc,FAILED,FAILED,FAILED,3,https://github.com/pokemon-speedrunning/gambatte-core/blob/d819bad196/test/hwtests/sprites/space/9pos8_wx0E_m3stat_ds_1_cgb04c_out3.asm,e1a81c06018ddc3996d4478af4653e7e4c64b4377de2991eeb9ed41c8dbfee6b,,00 0f 40 41 43 45 47 4b 4d 68 69 ff,48 100 150 1000 1094 7000 7400,Static source audit; unresolved timing/behavior unless described in review notes
sprites/sprite_late_disable_spx18_1_dmg08_out0.gb,FAILED,FAILED,FAILED,0,https://github.com/pokemon-speedrunning/gambatte-core/blob/d819bad196/test/hwtests/sprites/sprite_late_disable_spx18_1_dmg08_out0.asm,ffbbc5c27b77ab4013d51e9309a00a21b886fa169e10e956f271b57360c4b4b3,,0f 40 41 43 45 47 68 69 ff,48 100 150 1000 14f4 151a 7000 7400,Static source audit; unresolved timing/behavior unless described in review notes
sprites/sprite_late_disable_spx19_1_dmg08_out0.gb,FAILED,FAILED,FAILED,0,https://github.com/pokemon-speedrunning/gambatte-core/blob/d819bad196/test/hwtests/sprites/sprite_late_disable_spx19_1_dmg08_out0.asm,ac014146c417eba71b892adf7e03067a5b2a6458c0f0af58d073db1c34bcda5d,,0f 40 41 43 45 47 68 69 ff,48 100 150 1000 14f4 151a 7000 7400,Static source audit; unresolved timing/behavior unless described in review notes
sprites/sprite_late_disable_spx1A_1_dmg08_out0.gb,FAILED,FAILED,FAILED,0,https://github.com/pokemon-speedrunning/gambatte-core/blob/d819bad196/test/hwtests/sprites/sprite_late_disable_spx1A_1_dmg08_out0.asm,b69075117eb387f49dd7ba85a6955df99f61f05cb2a956c405d304504f4f80ed,,0f 40 41 43 45 47 68 69 ff,48 100 150 1000 14f5 151a 7000 7400,Static source audit; unresolved timing/behavior unless described in review notes
sprites/sprite_late_disable_spx1B_1_dmg08_out0.gb,FAILED,FAILED,FAILED,0,https://github.com/pokemon-speedrunning/gambatte-core/blob/d819bad196/test/hwtests/sprites/sprite_late_disable_spx1B_1_dmg08_out0.asm,a0358cc6bd9097442998393baac696ff5826bfa36098e11cfe87f48b7e0a25dd,,0f 40 41 43 45 47 68 69 ff,48 100 150 1000 14f5 151a 7000 7400,Static source audit; unresolved timing/behavior unless described in review notes
sprites/sprite_late_enable_spx18_1_dmg08_out3.gb,FAILED,FAILED,FAILED,3,https://github.com/pokemon-speedrunning/gambatte-core/blob/d819bad196/test/hwtests/sprites/sprite_late_enable_spx18_1_dmg08_out3.asm,2afed5f3b395d17bc36c60f552b8ad8fbfb8a4a69d4caa72ab674da7f1619cf4,,0f 40 41 43 45 47 68 69 ff,48 100 150 1000 14f3 151a 7000 7400,Static source audit; unresolved timing/behavior unless described in review notes
sprites/sprite_late_enable_spx19_1_dmg08_out3.gb,FAILED,FAILED,FAILED,3,https://github.com/pokemon-speedrunning/gambatte-core/blob/d819bad196/test/hwtests/sprites/sprite_late_enable_spx19_1_dmg08_out3.asm,136e53b706469cb919bbe6224be04d728c29b0df2aa1a78cfe164459a60bd61b,,0f 40 41 43 45 47 68 69 ff,48 100 150 1000 14f3 151a 7000 7400,Static source audit; unresolved timing/behavior unless described in review notes
sprites/sprite_late_enable_spx1A_1_dmg08_out3.gb,FAILED,FAILED,FAILED,3,https://github.com/pokemon-speedrunning/gambatte-core/blob/d819bad196/test/hwtests/sprites/sprite_late_enable_spx1A_1_dmg08_out3.asm,740e30bbe8ad777bf7e52f29eec9cec6e0fb76e8da264e50cacb9f901ee57ef3,,0f 40 41 43 45 47 68 69 ff,48 100 150 1000 14f4 151a 7000 7400,Static source audit; unresolved timing/behavior unless described in review notes
sprites/sprite_late_enable_spx1B_1_dmg08_out3.gb,FAILED,FAILED,FAILED,3,https://github.com/pokemon-speedrunning/gambatte-core/blob/d819bad196/test/hwtests/sprites/sprite_late_enable_spx1B_1_dmg08_out3.asm,bc42e010576c3706e6486046774c2810ea52c83986a57b9a5417e187124c167c,,0f 40 41 43 45 47 68 69 ff,48 100 150 1000 14f4 151a 7000 7400,Static source audit; unresolved timing/behavior unless described in review notes
sprites/sprite_late_late_disable_spx18_1_dmg08_out0.gb,FAILED,FAILED,FAILED,0,https://github.com/pokemon-speedrunning/gambatte-core/blob/d819bad196/test/hwtests/sprites/sprite_late_late_disable_spx18_1_dmg08_out0.asm,55124ac32d9a7ca56fe142b6b2d6a1497c078843d06a21c0cb401222a8843871,,0f 40 41 43 45 47 68 69 ff,48 100 150 1000 14f5 151b 7000 7400,Static source audit; unresolved timing/behavior unless described in review notes
sprites/sprite_late_late_disable_spx18_2_dmg08_out3.gb,FAILED,ok,ok,3,https://github.com/pokemon-speedrunning/gambatte-core/blob/d819bad196/test/hwtests/sprites/sprite_late_late_disable_spx18_2_dmg08_out3.asm,db8e02f8b91d8410e552d40f03249e5e17a44048d337145e51633778efe9e095,,0f 40 41 43 45 47 68 69 ff,48 100 150 1000 14f6 151b 7000 7400,Resolved by runner contract or core changes documented in GAMBATTE_REVIEW.md
sprites/sprite_late_late_disable_spx19_1_dmg08_out0.gb,FAILED,FAILED,FAILED,0,https://github.com/pokemon-speedrunning/gambatte-core/blob/d819bad196/test/hwtests/sprites/sprite_late_late_disable_spx19_1_dmg08_out0.asm,50e88a08cc427df53c55f0123ce9ddd667cde02a4134fbe7436d4122c11a9cf4,,0f 40 41 43 45 47 68 69 ff,48 100 150 1000 14f5 151b 7000 7400,Static source audit; unresolved timing/behavior unless described in review notes
sprites/sprite_late_late_disable_spx19_2_dmg08_out3.gb,FAILED,ok,ok,3,https://github.com/pokemon-speedrunning/gambatte-core/blob/d819bad196/test/hwtests/sprites/sprite_late_late_disable_spx19_2_dmg08_out3.asm,9bc9e234cf6004c613668308208a5e95b66cb3b5ac54280185d14206e377b565,,0f 40 41 43 45 47 68 69 ff,48 100 150 1000 14f6 151b 7000 7400,Resolved by runner contract or core changes documented in GAMBATTE_REVIEW.md
sprites/sprite_late_late_disable_spx1A_1_dmg08_out0.gb,FAILED,FAILED,FAILED,0,https://github.com/pokemon-speedrunning/gambatte-core/blob/d819bad196/test/hwtests/sprites/sprite_late_late_disable_spx1A_1_dmg08_out0.asm,a332e879d8c5c0ffeb87bd584c65abe71894c8d24f0a9da0e598c6cfed5644d1,,0f 40 41 43 45 47 68 69 ff,48 100 150 1000 14f6 151b 7000 7400,Static source audit; unresolved timing/behavior unless described in review notes
sprites/sprite_late_late_disable_spx1A_2_dmg08_out3.gb,FAILED,ok,ok,3,https://github.com/pokemon-speedrunning/gambatte-core/blob/d819bad196/test/hwtests/sprites/sprite_late_late_disable_spx1A_2_dmg08_out3.asm,2041d3e2af152f233881dee1dafd091e02934e90e8ad41154edd34e1b4d1f271,,0f 40 41 43 45 47 68 69 ff,48 100 150 1000 14f7 151b 7000 7400,Resolved by runner contract or core changes documented in GAMBATTE_REVIEW.md
sprites/sprite_late_late_disable_spx1B_1_dmg08_out0.gb,FAILED,FAILED,FAILED,0,https://github.com/pokemon-speedrunning/gambatte-core/blob/d819bad196/test/hwtests/sprites/sprite_late_late_disable_spx1B_1_dmg08_out0.asm,3bd2c83295ee7db7c6e46c130d247dfa23bf45a56f9fc246e8aab03c78fc8bee,,0f 40 41 43 45 47 68 69 ff,48 100 150 1000 14f6 151b 7000 7400,Static source audit; unresolved timing/behavior unless described in review notes
sprites/sprite_late_late_disable_spx1B_2_dmg08_out3.gb,FAILED,ok,ok,3,https://github.com/pokemon-speedrunning/gambatte-core/blob/d819bad196/test/hwtests/sprites/sprite_late_late_disable_spx1B_2_dmg08_out3.asm,d1c605722ac384a22f4d76186fa9aa9ecdfa5e56c802f00e43146efea6542840,,0f 40 41 43 45 47 68 69 ff,48 100 150 1000 14f7 151b 7000 7400,Resolved by runner contract or core changes documented in GAMBATTE_REVIEW.md
tima/tc00_irq_late_retrigger_2_dmg08_outE4_cgb04c_outE0.gbc,FAILED,FAILED,FAILED,E4 / E0,https://github.com/pokemon-speedrunning/gambatte-core/blob/d819bad196/test/hwtests/tima/tc00_irq_late_retrigger_2_dmg08_outE4_cgb04c_outE0.asm,dae1e5ecd7583ee95805cd2c2a7d084e4a04ac5ad16d944162ce92bbbe458546,0f,05 06 07 0f 40 43 47 68 69 ff,50 100 150 1000 11ea 7000 7400,Static source audit; unresolved timing/behavior unless described in review notes
tima/tc00_start_2_cgb04c_outF1.gbc,FAILED,FAILED,FAILED,F1,https://github.com/pokemon-speedrunning/gambatte-core/blob/d819bad196/test/hwtests/tima/tc00_start_2_cgb04c_outF1.asm,41bc10a3d46963c482d7e863ad32aece6c7de19a468be48838f9d63e17fdc4e7,05,05 06 07 0f 40 43 47 68 69 ff,100 150 1000 1028 7000 7400,Static source audit; unresolved timing/behavior unless described in review notes
tima/tc00_start_3_dmg08_outF0.gbc,FAILED,ok,ok,F0,https://github.com/pokemon-speedrunning/gambatte-core/blob/d819bad196/test/hwtests/tima/tc00_start_3_dmg08_outF0.asm,04b94f6b2610c2c621e376a39275ec73af8d6c404d2713bf0a87196be6eec9c7,05,05 06 07 0f 40 43 47 68 69 ff,100 150 251 7000 7400,Resolved by runner contract or core changes documented in GAMBATTE_REVIEW.md
vram_m3/postread_scx5_ds_1_cgb04c_out3.gbc,FAILED,FAILED,FAILED,3,https://github.com/pokemon-speedrunning/gambatte-core/blob/d819bad196/test/hwtests/vram_m3/postread_scx5_ds_1_cgb04c_out3.asm,7e0edaced7f7269c4444bbff9d884689b0994259f7a0c0b9bc81925a8d93719d,,00 40 43 47 4d 68 69 ff,48 100 150 1000 1077 7000 7400,Static source audit; unresolved timing/behavior unless described in review notes
vram_m3/preread_lcdoffset2_1_cgb04c_out0.gbc,FAILED,FAILED,FAILED,0,https://github.com/pokemon-speedrunning/gambatte-core/blob/d819bad196/test/hwtests/vram_m3/preread_lcdoffset2_1_cgb04c_out0.asm,e2e708ba1d95eed0015d6fcf02c34375939c9731533ef880df5bfbd6b020fa88,,00 0f 40 41 43 45 47 4d 68 69 ff,48 100 150 1000 1008 7000 7400,Static source audit; unresolved timing/behavior unless described in review notes
vram_m3/prewrite_lcdoffset2_1_cgb04c_out1.gbc,FAILED,FAILED,FAILED,1,https://github.com/pokemon-speedrunning/gambatte-core/blob/d819bad196/test/hwtests/vram_m3/prewrite_lcdoffset2_1_cgb04c_out1.asm,8828e0a48419b5e879b1ae63354d395df993bf8ae0b42db9ce6c0eaf12fe3180,,00 0f 40 41 43 45 47 4d 68 69 ff,48 100 150 1000 1006 7000 7400,Static source audit; unresolved timing/behavior unless described in review notes
vramw_m3end/vramw_m3end_scx3_5_dmg08_cgb04c_out3.gbc,FAILED,FAILED,FAILED,3,https://github.com/pokemon-speedrunning/gambatte-core/blob/d819bad196/test/hwtests/vramw_m3end/vramw_m3end_scx3_5_dmg08_cgb04c_out3.asm,02fee64cd3edde0a0aee4069f51e5494dc38193ac6b444b10eff8b972d23dca9,,0f 40 43 47 68 69 ff,48 100 150 1000 1067 7000 7400,Static source audit; unresolved timing/behavior unless described in review notes
vramw_m3end/vramw_m3end_scx5_ds_2_cgb04c_out7.gbc,FAILED,FAILED,FAILED,7,https://github.com/pokemon-speedrunning/gambatte-core/blob/d819bad196/test/hwtests/vramw_m3end/vramw_m3end_scx5_ds_2_cgb04c_out7.asm,660fa2e0e5920311d651d18fa453bdcd1f24e483bc6faa406474e33bdb3d4eaa,,00 40 43 47 4d 68 69 ff,48 100 150 1000 10d9 7000 7400,Static source audit; unresolved timing/behavior unless described in review notes
vramw_m3end/vramw_m3end_scx5_ds_4_cgb04c_out0.gbc,FAILED,FAILED,FAILED,0,https://github.com/pokemon-speedrunning/gambatte-core/blob/d819bad196/test/hwtests/vramw_m3end/vramw_m3end_scx5_ds_4_cgb04c_out0.asm,92cd52b21a5f7ed5dbb98dcae1da5df14bcb57e8a168c5f0de4b7596c0d39f74,,00 40 43 47 4d 68 69 ff,48 100 150 1000 10db 7000 7400,Static source audit; unresolved timing/behavior unless described in review notes
window/arg/late_enable_afterVblank_4_dmg08_out3_cgb04c_out0.gbc,FAILED,FAILED,FAILED,3 / 0,https://github.com/pokemon-speedrunning/gambatte-core/blob/d819bad196/test/hwtests/window/arg/late_enable_afterVblank_4_dmg08_out3_cgb04c_out0.asm,a8dcda60ca9d35381e64ff50f97fc945453a2e7f295b772f29c7f110ab4b1dbc,,0f 40 43 47 4a 4b 68 69 ff,48 100 150 1000 10d5 118a 7000 7400,Static source audit; unresolved timing/behavior unless described in review notes
window/arg/late_enable_afterVblank_5_dmg08_cgb04c_out0.gbc,FAILED,FAILED,FAILED,0,https://github.com/pokemon-speedrunning/gambatte-core/blob/d819bad196/test/hwtests/window/arg/late_enable_afterVblank_5_dmg08_cgb04c_out0.asm,c32f52b6d67a113453d0d5e3f3f51cca6e8783055f45cf6637081227727a3880,,0f 40 43 47 4a 4b 68 69 ff,48 100 150 1000 10d6 118a 7000 7400,Static source audit; unresolved timing/behavior unless described in review notes
window/arg/late_scx_late_wy_FFto4_ly4_wx00_1_dmg08_cgb04c_out3.gbc,FAILED,FAILED,FAILED,3,https://github.com/pokemon-speedrunning/gambatte-core/blob/d819bad196/test/hwtests/window/arg/late_scx_late_wy_FFto4_ly4_wx00_1_dmg08_cgb04c_out3.asm,50d80fb84a0110c28cd38ebd1197fe1620859fdbe996d88283297067e6c45ade,,0f 40 43 45 47 4a 4b 68 69 ff,48 100 150 1000 1159 118a 7000 7400,Static source audit; unresolved timing/behavior unless described in review notes
window/arg/late_scx_late_wy_FFto4_ly4_wx00_2_dmg08_out3_cgb04c_out0.gbc,FAILED,FAILED,FAILED,3 / 0,https://github.com/pokemon-speedrunning/gambatte-core/blob/d819bad196/test/hwtests/window/arg/late_scx_late_wy_FFto4_ly4_wx00_2_dmg08_out3_cgb04c_out0.asm,8629d56a49a7b0ef87ae2ddfb7b5f7bcb0b0d664a2aba08132fe6bc09cb00e61,,0f 40 43 45 47 4a 4b 68 69 ff,48 100 150 1000 1159 118a 7000 7400,Static source audit; unresolved timing/behavior unless described in review notes
window/arg/late_scx_late_wy_FFto4_ly4_wx20_1_dmg08_cgb04c_out3.gbc,FAILED,FAILED,FAILED,3,https://github.com/pokemon-speedrunning/gambatte-core/blob/d819bad196/test/hwtests/window/arg/late_scx_late_wy_FFto4_ly4_wx20_1_dmg08_cgb04c_out3.asm,229d25e7217bfe3e3964732ce92986fe2526cad1b1c60a8b41910b0f314096bb,,0f 40 43 45 47 4a 4b 68 69 ff,48 100 150 1000 115c 1189 7000 7400,Static source audit; unresolved timing/behavior unless described in review notes
window/arg/late_scx_late_wy_FFto4_ly4_wx20_2_dmg08_out3_cgb04c_out0.gbc,FAILED,FAILED,FAILED,3 / 0,https://github.com/pokemon-speedrunning/gambatte-core/blob/d819bad196/test/hwtests/window/arg/late_scx_late_wy_FFto4_ly4_wx20_2_dmg08_out3_cgb04c_out0.asm,82c3e41db2e949893bdac38c19f7eae36a657047542811e20dc41b345af21da4,,0f 40 43 45 47 4a 4b 68 69 ff,48 100 150 1000 115c 1189 7000 7400,Static source audit; unresolved timing/behavior unless described in review notes
window/arg/late_wx_late_wy_FFto2_ly2_2_dmg08_cgb04c_out3.gbc,FAILED,FAILED,FAILED,3,https://github.com/pokemon-speedrunning/gambatte-core/blob/d819bad196/test/hwtests/window/arg/late_wx_late_wy_FFto2_ly2_2_dmg08_cgb04c_out3.asm,d26979b0916c30749cfae73bfc3d3d027e423e136a8905f73472b5337f7626f0,,0f 40 43 45 47 4a 4b 68 69 ff,48 100 150 1000 115b 1189 7000 7400,Static source audit; unresolved timing/behavior unless described in review notes
window/arg/late_wy_10to0_ly1_2_dmg08_out3_cgb04c_out0.gbc,FAILED,FAILED,FAILED,3 / 0,https://github.com/pokemon-speedrunning/gambatte-core/blob/d819bad196/test/hwtests/window/arg/late_wy_10to0_ly1_2_dmg08_out3_cgb04c_out0.asm,f86c67fc8e743df937d6e4982091bd34135d9fcdfeb3218e689d3f9be161bb75,,0f 40 43 45 47 4a 4b 68 69 ff,48 100 150 1000 10d5 1118 7000 7400,Static source audit; unresolved timing/behavior unless described in review notes
window/arg/late_wy_10to0_ly1_3_dmg08_cgb04c_out0.gbc,FAILED,FAILED,FAILED,0,https://github.com/pokemon-speedrunning/gambatte-core/blob/d819bad196/test/hwtests/window/arg/late_wy_10to0_ly1_3_dmg08_cgb04c_out0.asm,525e5df6eb788ba4761e6eadf15c2d6b8c4e8d8fed82f8a537283afd44ccc0cf,,0f 40 43 45 47 4a 4b 68 69 ff,48 100 150 1000 10d6 1118 7000 7400,Static source audit; unresolved timing/behavior unless described in review notes
window/arg/late_wy_10to1_ly1_1_dmg08_cgb04c_out3.gbc,FAILED,FAILED,FAILED,3,https://github.com/pokemon-speedrunning/gambatte-core/blob/d819bad196/test/hwtests/window/arg/late_wy_10to1_ly1_1_dmg08_cgb04c_out3.asm,d26ce8beca633d73c6bac473511b3e61f2b7750027436c0f79f01b22e0f3b617,,0f 40 43 45 47 4a 4b 68 69 ff,48 100 150 1000 10ec 1118 7000 7400,Static source audit; unresolved timing/behavior unless described in review notes
window/arg/late_wy_10to1_ly1_2_dmg08_out3_cgb04c_out0.gbc,FAILED,FAILED,FAILED,3 / 0,https://github.com/pokemon-speedrunning/gambatte-core/blob/d819bad196/test/hwtests/window/arg/late_wy_10to1_ly1_2_dmg08_out3_cgb04c_out0.asm,d4ae1ad516902bfcc780b03ee3df8111c1762063a3e96f4d49391379bd69fdc7,,0f 40 43 45 47 4a 4b 68 69 ff,48 100 150 1000 10ed 1118 7000 7400,Static source audit; unresolved timing/behavior unless described in review notes
window/arg/late_wy_1toFF_2_dmg08_out0_cgb04c_out3.gbc,FAILED,FAILED,FAILED,0 / 3,https://github.com/pokemon-speedrunning/gambatte-core/blob/d819bad196/test/hwtests/window/arg/late_wy_1toFF_2_dmg08_out0_cgb04c_out3.asm,1b665b3555dc13e1f8d8b62a2b85208a3b1d3d73c13d34afca2bd8cd063237b6,,0f 40 43 45 47 4a 4b 68 69 ff,48 100 150 1000 10d6 1118 7000 7400,Static source audit; unresolved timing/behavior unless described in review notes
window/arg/late_wy_1toFF_3_dmg08_cgb04c_out3.gbc,FAILED,FAILED,FAILED,3,https://github.com/pokemon-speedrunning/gambatte-core/blob/d819bad196/test/hwtests/window/arg/late_wy_1toFF_3_dmg08_cgb04c_out3.asm,f0ba4560e6f414eea2dc987082b4f40fcfc1a6320da0cb59314c5df93843576f,,0f 40 43 45 47 4a 4b 68 69 ff,48 100 150 1000 10d7 1118 7000 7400,Static source audit; unresolved timing/behavior unless described in review notes
window/arg/late_wy_1toFF_ds_2_cgb04c_out3.gbc,FAILED,FAILED,FAILED,3,https://github.com/pokemon-speedrunning/gambatte-core/blob/d819bad196/test/hwtests/window/arg/late_wy_1toFF_ds_2_cgb04c_out3.asm,504903d05ab68770a3ce8415732a854aa8cfabcd70c2e2107a80e3cf68053c88,,00 40 43 45 47 4a 4b 4d 68 69 ff,48 100 150 1000 11bb 123d 7000 7400,Static source audit; unresolved timing/behavior unless described in review notes
window/arg/late_wy_1toFF_ds_lcdoffset1_2_cgb04c_out3.gbc,FAILED,FAILED,FAILED,3,https://github.com/pokemon-speedrunning/gambatte-core/blob/d819bad196/test/hwtests/window/arg/late_wy_1toFF_ds_lcdoffset1_2_cgb04c_out3.asm,638a37de0bac11067c249253c58d4867e4f468c9fdfeb45d4f0d72fd070e94bf,41,00 0f 40 41 43 45 47 4a 4b 4d 68 69 ff,48 100 150 1000 11ba 123c 7000 7400,Static source audit; unresolved timing/behavior unless described in review notes
window/arg/late_wy_1toFF_lcdoffset1_2_cgb04c_out3.gbc,FAILED,FAILED,FAILED,3,https://github.com/pokemon-speedrunning/gambatte-core/blob/d819bad196/test/hwtests/window/arg/late_wy_1toFF_lcdoffset1_2_cgb04c_out3.asm,bbd8db05833f5868328723e32e8aa44b59a19142e882de2eafff0ef8f1332a60,41,00 0f 40 41 43 45 47 4a 4b 4d 68 69 ff,48 100 150 1000 10d7 1117 7000 7400,Static source audit; unresolved timing/behavior unless described in review notes
window/arg/late_wy_2_dmg08_cgb04c_out3.gbc,FAILED,FAILED,FAILED,3,https://github.com/pokemon-speedrunning/gambatte-core/blob/d819bad196/test/hwtests/window/arg/late_wy_2_dmg08_cgb04c_out3.asm,79462b5edc7ff13241c6c26c6a4932f27e8f6a340fb12046d327776a0be195d7,,0f 40 43 45 47 4a 4b 68 69 ff,48 100 150 1000 1065 10a6 7000 7400,Static source audit; unresolved timing/behavior unless described in review notes
window/arg/late_wy_2toFF_2_dmg08_out0_cgb04c_out3.gbc,FAILED,FAILED,FAILED,0 / 3,https://github.com/pokemon-speedrunning/gambatte-core/blob/d819bad196/test/hwtests/window/arg/late_wy_2toFF_2_dmg08_out0_cgb04c_out3.asm,b94f4ba437f8774f877124cd554333296897cc8b739f64cdadac40880bcf7c08,,0f 40 43 45 47 4a 4b 68 69 ff,48 100 150 1000 1148 118a 7000 7400,Static source audit; unresolved timing/behavior unless described in review notes
window/arg/late_wy_2toFF_3_dmg08_cgb04c_out3.gbc,FAILED,FAILED,FAILED,3,https://github.com/pokemon-speedrunning/gambatte-core/blob/d819bad196/test/hwtests/window/arg/late_wy_2toFF_3_dmg08_cgb04c_out3.asm,e49c6e5569ba003a16e5c5754259f44fd826132828fe32f929452cf98387d2bf,,0f 40 43 45 47 4a 4b 68 69 ff,48 100 150 1000 1149 118a 7000 7400,Static source audit; unresolved timing/behavior unless described in review notes
window/arg/late_wy_FFto0_ly0_1_dmg08_cgb04c_out3.gbc,FAILED,FAILED,FAILED,3,https://github.com/pokemon-speedrunning/gambatte-core/blob/d819bad196/test/hwtests/window/arg/late_wy_FFto0_ly0_1_dmg08_cgb04c_out3.asm,566e71c82f4e4ed9aa8610af2620c64a3a711822d0b47025e54582c27705163d,,0f 40 43 45 47 4a 4b 68 69 ff,48 100 150 1000 107a 10a6 7000 7400,Static source audit; unresolved timing/behavior unless described in review notes
window/arg/late_wy_FFto0_ly0_2_dmg08_out3_cgb04c_out0.gbc,FAILED,FAILED,FAILED,3 / 0,https://github.com/pokemon-speedrunning/gambatte-core/blob/d819bad196/test/hwtests/window/arg/late_wy_FFto0_ly0_2_dmg08_out3_cgb04c_out0.asm,993c278eba26f84f9b514eac1ed17ed0cc7acf7a263922e21ece15c138be77ef,,0f 40 43 45 47 4a 4b 68 69 ff,48 100 150 1000 107b 10a6 7000 7400,Static source audit; unresolved timing/behavior unless described in review notes
window/arg/late_wy_FFto0_ly2_2_dmg08_out3_cgb04c_out0.gbc,FAILED,FAILED,FAILED,3 / 0,https://github.com/pokemon-speedrunning/gambatte-core/blob/d819bad196/test/hwtests/window/arg/late_wy_FFto0_ly2_2_dmg08_out3_cgb04c_out0.asm,2434144b23c495495f36d28cff5bf23852ffbeedd33ef49a588135104d24d098,,0f 40 43 45 47 4a 4b 68 69 ff,48 100 150 1000 10d5 118a 7000 7400,Static source audit; unresolved timing/behavior unless described in review notes
window/arg/late_wy_FFto0_ly2_3_dmg08_cgb04c_out0.gbc,FAILED,FAILED,FAILED,0,https://github.com/pokemon-speedrunning/gambatte-core/blob/d819bad196/test/hwtests/window/arg/late_wy_FFto0_ly2_3_dmg08_cgb04c_out0.asm,8fc0d039974bf86f68efa44566cece3b4e2e74d713335b3010b16196fa57bfa9,,0f 40 43 45 47 4a 4b 68 69 ff,48 100 150 1000 10d6 118a 7000 7400,Static source audit; unresolved timing/behavior unless described in review notes
window/arg/late_wy_FFto0_ly2_ds_1_cgb04c_out3.gbc,FAILED,FAILED,FAILED,3,https://github.com/pokemon-speedrunning/gambatte-core/blob/d819bad196/test/hwtests/window/arg/late_wy_FFto0_ly2_ds_1_cgb04c_out3.asm,53ab6dc1b4b928618d1e95f91ab0c11b0dac0c6ae5c78ee6ef61e1b820afd887,,00 40 43 45 47 4a 4b 4d 68 69 ff,48 100 150 1000 11b8 1321 7000 7400,Static source audit; unresolved timing/behavior unless described in review notes
window/arg/late_wy_FFto1_ly2_2_dmg08_out3_cgb04c_out0.gbc,FAILED,FAILED,FAILED,3 / 0,https://github.com/pokemon-speedrunning/gambatte-core/blob/d819bad196/test/hwtests/window/arg/late_wy_FFto1_ly2_2_dmg08_out3_cgb04c_out0.asm,c2c9083b83f974ca77a17c2b31a92120d3e81e635a25da8b49f6eab42dfa8d76,,0f 40 43 45 47 4a 4b 68 69 ff,48 100 150 1000 1147 118a 7000 7400,Static source audit; unresolved timing/behavior unless described in review notes
window/arg/late_wy_FFto1_ly2_3_dmg08_cgb04c_out0.gbc,FAILED,FAILED,FAILED,0,https://github.com/pokemon-speedrunning/gambatte-core/blob/d819bad196/test/hwtests/window/arg/late_wy_FFto1_ly2_3_dmg08_cgb04c_out0.asm,09b80db31b8ea4d11b920456fdad9997ddba8e0525d5a6c7cd19a2f15701df83,,0f 40 43 45 47 4a 4b 68 69 ff,48 100 150 1000 1148 118a 7000 7400,Static source audit; unresolved timing/behavior unless described in review notes
window/arg/late_wy_FFto2_ly2_1_dmg08_cgb04c_out3.gbc,FAILED,FAILED,FAILED,3,https://github.com/pokemon-speedrunning/gambatte-core/blob/d819bad196/test/hwtests/window/arg/late_wy_FFto2_ly2_1_dmg08_cgb04c_out3.asm,98b3022237c6b4526bfd75356a4f7d006902b880338caee26af72c497b3fe2c9,,0f 40 43 45 47 4a 4b 68 69 ff,48 100 150 1000 115e 118a 7000 7400,Static source audit; unresolved timing/behavior unless described in review notes
window/arg/late_wy_FFto2_ly2_2_dmg08_out3_cgb04c_out0.gbc,FAILED,FAILED,FAILED,3 / 0,https://github.com/pokemon-speedrunning/gambatte-core/blob/d819bad196/test/hwtests/window/arg/late_wy_FFto2_ly2_2_dmg08_out3_cgb04c_out0.asm,1de09b99047ec0c1d606dfb1acc97619a7bd36c5e36aab050cfec0ac879c39f8,,0f 40 43 45 47 4a 4b 68 69 ff,48 100 150 1000 115f 118a 7000 7400,Static source audit; unresolved timing/behavior unless described in review notes
window/arg/late_wy_FFto2_ly2_ds_1_cgb04c_out3.gbc,FAILED,FAILED,FAILED,3,https://github.com/pokemon-speedrunning/gambatte-core/blob/d819bad196/test/hwtests/window/arg/late_wy_FFto2_ly2_ds_1_cgb04c_out3.asm,b59b3907764264d4102c428fcd14e92524d776038cace529db44819ea9f9c9ea,,00 40 43 45 47 4a 4b 4d 68 69 ff,48 100 150 1000 12cc 1321 7000 7400,Static source audit; unresolved timing/behavior unless described in review notes
window/arg/late_wy_FFto2_ly2_scx2_1_dmg08_cgb04c_out3.gbc,FAILED,FAILED,FAILED,3,https://github.com/pokemon-speedrunning/gambatte-core/blob/d819bad196/test/hwtests/window/arg/late_wy_FFto2_ly2_scx2_1_dmg08_cgb04c_out3.asm,ddceea0534d81cd5a83eeabb19ba55d47f10fdb0236f0e617f933f4bb5a68f7f,,0f 40 43 45 47 4a 4b 68 69 ff,48 100 150 1000 115e 118b 7000 7400,Static source audit; unresolved timing/behavior unless described in review notes
window/arg/late_wy_FFto2_ly2_scx2_2_dmg08_out3_cgb04c_out0.gbc,FAILED,FAILED,FAILED,3 / 0,https://github.com/pokemon-speedrunning/gambatte-core/blob/d819bad196/test/hwtests/window/arg/late_wy_FFto2_ly2_scx2_2_dmg08_out3_cgb04c_out0.asm,9585a91dcbb954f18aa3b1c5d3ca406b9cc347e6bb29c21d61a30e6f395d0ee4,,0f 40 43 45 47 4a 4b 68 69 ff,48 100 150 1000 115f 118b 7000 7400,Static source audit; unresolved timing/behavior unless described in review notes
window/arg/late_wy_FFto2_ly2_scx3_1_dmg08_cgb04c_out3.gbc,FAILED,FAILED,FAILED,3,https://github.com/pokemon-speedrunning/gambatte-core/blob/d819bad196/test/hwtests/window/arg/late_wy_FFto2_ly2_scx3_1_dmg08_cgb04c_out3.asm,f2944433c5bb4e7c313a748f614f2eb62880f930a20b47bf364ebfc4e6c7e535,,0f 40 43 45 47 4a 4b 68 69 ff,48 100 150 1000 115e 118b 7000 7400,Static source audit; unresolved timing/behavior unless described in review notes
window/arg/late_wy_FFto2_ly2_scx3_2_dmg08_out3_cgb04c_out0.gbc,FAILED,FAILED,FAILED,3 / 0,https://github.com/pokemon-speedrunning/gambatte-core/blob/d819bad196/test/hwtests/window/arg/late_wy_FFto2_ly2_scx3_2_dmg08_out3_cgb04c_out0.asm,62c9029e4c7082403af91b1051a667e514881afa53cdbdcda6588a377f382a11,,0f 40 43 45 47 4a 4b 68 69 ff,48 100 150 1000 115f 118b 7000 7400,Static source audit; unresolved timing/behavior unless described in review notes
window/arg/late_wy_FFto2_ly2_scx5_1_dmg08_cgb04c_out3.gbc,FAILED,FAILED,FAILED,3,https://github.com/pokemon-speedrunning/gambatte-core/blob/d819bad196/test/hwtests/window/arg/late_wy_FFto2_ly2_scx5_1_dmg08_cgb04c_out3.asm,3d10d1d625c7c955bf4471911c2cc73aee50e64b5a18bb945059fa65dda60037,,0f 40 43 45 47 4a 4b 68 69 ff,48 100 150 1000 115f 118b 7000 7400,Static source audit; unresolved timing/behavior unless described in review notes
window/arg/late_wy_FFto2_ly2_scx5_2_dmg08_out3_cgb04c_out0.gbc,FAILED,FAILED,FAILED,3 / 0,https://github.com/pokemon-speedrunning/gambatte-core/blob/d819bad196/test/hwtests/window/arg/late_wy_FFto2_ly2_scx5_2_dmg08_out3_cgb04c_out0.asm,79e1c035fea3f3a69dc8163f2d521b300b431d5fa772f2ac0cdf6dd863146ec9,,0f 40 43 45 47 4a 4b 68 69 ff,48 100 150 1000 1160 118b 7000 7400,Static source audit; unresolved timing/behavior unless described in review notes
window/arg/late_wy_FFto2_ly2_scx5_ds_1_cgb04c_out3.gbc,FAILED,FAILED,FAILED,3,https://github.com/pokemon-speedrunning/gambatte-core/blob/d819bad196/test/hwtests/window/arg/late_wy_FFto2_ly2_scx5_ds_1_cgb04c_out3.asm,0e78e34e200925ca533642b5b0351c6791c646f0f8a1e77922a3a3f989830bdf,,00 40 43 45 47 4a 4b 4d 68 69 ff,48 100 150 1000 12ce 1324 7000 7400,Static source audit; unresolved timing/behavior unless described in review notes
window/arg/late_wy_FFto2_ly2_wx00_2_dmg08_out3_cgb04c_out0.gbc,FAILED,FAILED,FAILED,3 / 0,https://github.com/pokemon-speedrunning/gambatte-core/blob/d819bad196/test/hwtests/window/arg/late_wy_FFto2_ly2_wx00_2_dmg08_out3_cgb04c_out0.asm,6e26af29fbf8432151cbcbb1f8617c24ba0293698ac7693793d5cba3e0aacfd6,,0f 40 43 45 47 4a 4b 68 69 ff,48 100 150 1000 115d 118a 7000 7400,Static source audit; unresolved timing/behavior unless described in review notes
window/arg/late_wy_FFto2_ly2_wx0f_1_dmg08_cgb04c_out3.gbc,FAILED,FAILED,FAILED,3,https://github.com/pokemon-speedrunning/gambatte-core/blob/d819bad196/test/hwtests/window/arg/late_wy_FFto2_ly2_wx0f_1_dmg08_cgb04c_out3.asm,0bed5d407d852b993015cc04653d6c791e8b14a26e8b7756c3554ec01f3e6264,,0f 40 43 45 47 4a 4b 68 69 ff,48 100 150 1000 1160 118a 7000 7400,Static source audit; unresolved timing/behavior unless described in review notes
window/arg/late_wy_FFto2_ly2_wx0f_2_dmg08_out3_cgb04c_out0.gbc,FAILED,FAILED,FAILED,3 / 0,https://github.com/pokemon-speedrunning/gambatte-core/blob/d819bad196/test/hwtests/window/arg/late_wy_FFto2_ly2_wx0f_2_dmg08_out3_cgb04c_out0.asm,10ea9fc3a990b465803650defa30ee00b99e12dc488553f522b850bf70cc0bf9,,0f 40 43 45 47 4a 4b 68 69 ff,48 100 150 1000 1161 118a 7000 7400,Static source audit; unresolved timing/behavior unless described in review notes
window/late_disable_0_dmg08_cgb04c_out0.gbc,FAILED,FAILED,FAILED,0,https://github.com/pokemon-speedrunning/gambatte-core/blob/d819bad196/test/hwtests/window/late_disable_0_dmg08_cgb04c_out0.asm,762bddd2a6e8c5651488dd7444448c1bbaf977c2bfc675bea11d6d712ada01c4,,0f 40 43 47 4b 68 69 ff,48 100 150 1000 1035 7000 7400,Static source audit; unresolved timing/behavior unless described in review notes
window/late_disable_1_dmg08_out3_cgb04c_out0.gbc,FAILED,FAILED,FAILED,3 / 0,https://github.com/pokemon-speedrunning/gambatte-core/blob/d819bad196/test/hwtests/window/late_disable_1_dmg08_out3_cgb04c_out0.asm,647d06ba79082a990f20d2736f1997a6697516e9a2c449f3ce8d027cc5c10054,,0f 40 43 47 4b 68 69 ff,48 100 150 1000 1035 7000 7400,Static source audit; unresolved timing/behavior unless described in review notes
window/late_disable_ds_2_cgb04c_out3.gbc,FAILED,FAILED,FAILED,3,https://github.com/pokemon-speedrunning/gambatte-core/blob/d819bad196/test/hwtests/window/late_disable_ds_2_cgb04c_out3.asm,e6ea2efbc96215acc03f1518c1cb0a45e13a64d8be108aaeb39e0956fec2f623,,00 40 43 47 4b 4d 68 69 ff,48 100 150 1000 1025 1076 7000 7400,Static source audit; unresolved timing/behavior unless described in review notes
window/late_disable_early_scx00_wx0f_ds_1_cgb04c_out0.gbc,FAILED,FAILED,FAILED,0,https://github.com/pokemon-speedrunning/gambatte-core/blob/d819bad196/test/hwtests/window/late_disable_early_scx00_wx0f_ds_1_cgb04c_out0.asm,5ef7f78ca93aec88c26dd05fe60f6865f82a05b0a10afcd8bfb47d1130a718b2,,00 40 43 47 4b 4d 68 69 ff,48 100 150 1000 1026 1074 7000 7400,Static source audit; unresolved timing/behavior unless described in review notes
window/late_disable_early_scx00_wx10_ds_1_cgb04c_out0.gbc,FAILED,FAILED,FAILED,0,https://github.com/pokemon-speedrunning/gambatte-core/blob/d819bad196/test/hwtests/window/late_disable_early_scx00_wx10_ds_1_cgb04c_out0.asm,536b7bb4cd1bbba136c4bf4be1b16ca0c5279eb6c12b041c6fe021117e95383b,,00 40 43 47 4b 4d 68 69 ff,48 100 150 1000 1026 1074 7000 7400,Static source audit; unresolved timing/behavior unless described in review notes
window/late_disable_early_scx00_wx11_ds_1_cgb04c_out0.gbc,FAILED,FAILED,FAILED,0,https://github.com/pokemon-speedrunning/gambatte-core/blob/d819bad196/test/hwtests/window/late_disable_early_scx00_wx11_ds_1_cgb04c_out0.asm,ce53af1c1166e9c337531c8f0289f0d17af65320eb7e151d2e6d929bc4f72448,,00 40 43 47 4b 4d 68 69 ff,48 100 150 1000 1027 1074 7000 7400,Static source audit; unresolved timing/behavior unless described in review notes
window/late_disable_early_scx00_wx12_ds_1_cgb04c_out0.gbc,FAILED,FAILED,FAILED,0,https://github.com/pokemon-speedrunning/gambatte-core/blob/d819bad196/test/hwtests/window/late_disable_early_scx00_wx12_ds_1_cgb04c_out0.asm,b291124d0be3e167979965ff87946bc0bb3f8b63f8e940200f026bea1ed0ce73,,00 40 43 47 4b 4d 68 69 ff,48 100 150 1000 1027 1074 7000 7400,Static source audit; unresolved timing/behavior unless described in review notes
window/late_disable_early_scx03_wx0f_1_dmg08_cgb04c_out0.gbc,FAILED,FAILED,FAILED,0,https://github.com/pokemon-speedrunning/gambatte-core/blob/d819bad196/test/hwtests/window/late_disable_early_scx03_wx0f_1_dmg08_cgb04c_out0.asm,ad1daf063aa32d7ff5bc5e399a169f190a6a157e3c1daf85abcbb6f153b7a343,,0f 40 43 47 4b 68 69 ff,48 100 150 1000 1035 7000 7400,Static source audit; unresolved timing/behavior unless described in review notes
window/late_disable_early_scx03_wx10_1_dmg08_cgb04c_out0.gbc,FAILED,FAILED,FAILED,0,https://github.com/pokemon-speedrunning/gambatte-core/blob/d819bad196/test/hwtests/window/late_disable_early_scx03_wx10_1_dmg08_cgb04c_out0.asm,ae0f9b54fab78be136d7c3dbfc0403071c834062a6d7506e4e120c62c0c18f38,,0f 40 43 47 4b 68 69 ff,48 100 150 1000 1035 7000 7400,Static source audit; unresolved timing/behavior unless described in review notes
window/late_disable_early_scx03_wx11_1_dmg08_cgb04c_out0.gbc,FAILED,FAILED,FAILED,0,https://github.com/pokemon-speedrunning/gambatte-core/blob/d819bad196/test/hwtests/window/late_disable_early_scx03_wx11_1_dmg08_cgb04c_out0.asm,74d730dbae6ad75e8461a8ab5754fb9ea0fddde9d0fad99b1857f5c63ab5d300,,0f 40 43 47 4b 68 69 ff,48 100 150 1000 1035 7000 7400,Static source audit; unresolved timing/behavior unless described in review notes
window/late_disable_early_scx03_wx12_1_dmg08_cgb04c_out0.gbc,FAILED,FAILED,FAILED,0,https://github.com/pokemon-speedrunning/gambatte-core/blob/d819bad196/test/hwtests/window/late_disable_early_scx03_wx12_1_dmg08_cgb04c_out0.asm,8733390662240af121901a3b39fedcdbc496ddcfd3059df46ae12ef0b23a23fe,,0f 40 43 47 4b 68 69 ff,48 100 150 1000 1035 7000 7400,Static source audit; unresolved timing/behavior unless described in review notes
window/late_disable_early_scx03_wx12_2_dmg08_out0_cgb04c_out3.gbc,FAILED,FAILED,FAILED,0 / 3,https://github.com/pokemon-speedrunning/gambatte-core/blob/d819bad196/test/hwtests/window/late_disable_early_scx03_wx12_2_dmg08_out0_cgb04c_out3.asm,869e6700b07391eb351758f4fe5e458122bfe408a0fc1da6e0f904d3a4fabfca,,0f 40 43 47 4b 68 69 ff,48 100 150 1000 1035 7000 7400,Static source audit; unresolved timing/behavior unless described in review notes
window/late_disable_late_scx00_wx0f_ds_2_cgb04c_out3.gbc,FAILED,FAILED,FAILED,3,https://github.com/pokemon-speedrunning/gambatte-core/blob/d819bad196/test/hwtests/window/late_disable_late_scx00_wx0f_ds_2_cgb04c_out3.asm,4d9f50dea73687870486a37ea31b7d549a115f954f4270e11f2651e9d2261d5c,,00 40 43 47 4b 4d 68 69 ff,48 100 150 1000 1029 1076 7000 7400,Static source audit; unresolved timing/behavior unless described in review notes
window/late_disable_late_scx00_wx10_ds_2_cgb04c_out3.gbc,FAILED,FAILED,FAILED,3,https://github.com/pokemon-speedrunning/gambatte-core/blob/d819bad196/test/hwtests/window/late_disable_late_scx00_wx10_ds_2_cgb04c_out3.asm,c2558b98280aa70beea1b51da66af2795e6bf3db4c7f9974b84c0c53ede2935a,,00 40 43 47 4b 4d 68 69 ff,48 100 150 1000 1029 1076 7000 7400,Static source audit; unresolved timing/behavior unless described in review notes
window/late_disable_late_scx03_wx0f_1_dmg08_cgb04c_out0.gbc,FAILED,FAILED,FAILED,0,https://github.com/pokemon-speedrunning/gambatte-core/blob/d819bad196/test/hwtests/window/late_disable_late_scx03_wx0f_1_dmg08_cgb04c_out0.asm,139838dfba83e9055c855f27b29476dc1e424c6f349eb2e7ba5f6cfe086ae410,,0f 40 43 47 4b 68 69 ff,48 100 150 1000 1036 7000 7400,Static source audit; unresolved timing/behavior unless described in review notes
window/late_disable_late_scx03_wx0f_2_dmg08_out3_cgb04c_out0.gbc,FAILED,FAILED,FAILED,3 / 0,https://github.com/pokemon-speedrunning/gambatte-core/blob/d819bad196/test/hwtests/window/late_disable_late_scx03_wx0f_2_dmg08_out3_cgb04c_out0.asm,fe6071bdd25327556f496ae3156143a8e5ee3e53248bb4e43afb4828b0472d04,,0f 40 43 47 4b 68 69 ff,48 100 150 1000 1036 7000 7400,Static source audit; unresolved timing/behavior unless described in review notes
window/late_disable_late_scx03_wx10_1_dmg08_cgb04c_out0.gbc,FAILED,FAILED,FAILED,0,https://github.com/pokemon-speedrunning/gambatte-core/blob/d819bad196/test/hwtests/window/late_disable_late_scx03_wx10_1_dmg08_cgb04c_out0.asm,22c3fa22fbcb3c69e716d02d5744403d120f9181e51cb4c90a5a7f53c36bf18d,,0f 40 43 47 4b 68 69 ff,48 100 150 1000 1036 7000 7400,Static source audit; unresolved timing/behavior unless described in review notes
window/late_disable_late_scx03_wx10_2_dmg08_out3_cgb04c_out0.gbc,FAILED,FAILED,FAILED,3 / 0,https://github.com/pokemon-speedrunning/gambatte-core/blob/d819bad196/test/hwtests/window/late_disable_late_scx03_wx10_2_dmg08_out3_cgb04c_out0.asm,d90d10263f4596ebabfbcba96f7c910cef6979fb917ca2c804b8618bf8f3b8c6,,0f 40 43 47 4b 68 69 ff,48 100 150 1000 1036 7000 7400,Static source audit; unresolved timing/behavior unless described in review notes
window/late_disable_late_scx03_wx11_1_dmg08_cgb04c_out0.gbc,FAILED,FAILED,FAILED,0,https://github.com/pokemon-speedrunning/gambatte-core/blob/d819bad196/test/hwtests/window/late_disable_late_scx03_wx11_1_dmg08_cgb04c_out0.asm,6dbf08226eb2553cf4e5749cf4deb75539d0f12b03b700fad61979ebb1e7dd97,,0f 40 43 47 4b 68 69 ff,48 100 150 1000 1036 7000 7400,Static source audit; unresolved timing/behavior unless described in review notes
window/late_disable_late_scx03_wx11_2_dmg08_out3_cgb04c_out0.gbc,FAILED,FAILED,FAILED,3 / 0,https://github.com/pokemon-speedrunning/gambatte-core/blob/d819bad196/test/hwtests/window/late_disable_late_scx03_wx11_2_dmg08_out3_cgb04c_out0.asm,c3f51420d580f0b70849eb36f4128032a9d9cd1401c4634f16a728edf4c6c732,,0f 40 43 47 4b 68 69 ff,48 100 150 1000 1036 7000 7400,Static source audit; unresolved timing/behavior unless described in review notes
window/late_disable_late_scx03_wx12_1_dmg08_cgb04c_out0.gbc,FAILED,FAILED,FAILED,0,https://github.com/pokemon-speedrunning/gambatte-core/blob/d819bad196/test/hwtests/window/late_disable_late_scx03_wx12_1_dmg08_cgb04c_out0.asm,8a31633a12ec9cf069778dd2c0598df47231cf15d7fafac6a2f096f784a162d8,,0f 40 43 47 4b 68 69 ff,48 100 150 1000 1036 7000 7400,Static source audit; unresolved timing/behavior unless described in review notes
window/late_disable_scx2_0_dmg08_cgb04c_out0.gbc,FAILED,FAILED,FAILED,0,https://github.com/pokemon-speedrunning/gambatte-core/blob/d819bad196/test/hwtests/window/late_disable_scx2_0_dmg08_cgb04c_out0.asm,e14f4b8cb7cfc5a44b586b1d790809576af2735035e6d92ba303867cd337214b,,0f 40 43 47 4b 68 69 ff,48 100 150 1000 1036 7000 7400,Static source audit; unresolved timing/behavior unless described in review notes
window/late_disable_scx2_1_dmg08_out3_cgb04c_out0.gbc,FAILED,FAILED,FAILED,3 / 0,https://github.com/pokemon-speedrunning/gambatte-core/blob/d819bad196/test/hwtests/window/late_disable_scx2_1_dmg08_out3_cgb04c_out0.asm,d6751d328904ae2c1ed589d8fb738fabeb4c4c92ebcde739d658bf345a8c3474,,0f 40 43 47 4b 68 69 ff,48 100 150 1000 1036 7000 7400,Static source audit; unresolved timing/behavior unless described in review notes
window/late_disable_scx3_0_dmg08_cgb04c_out0.gbc,FAILED,FAILED,FAILED,0,https://github.com/pokemon-speedrunning/gambatte-core/blob/d819bad196/test/hwtests/window/late_disable_scx3_0_dmg08_cgb04c_out0.asm,d194b69cd92bc6094f8377d7ce3c98739f58f9c2f5286dee10e4c60e204450db,,0f 40 43 47 4b 68 69 ff,48 100 150 1000 1036 7000 7400,Static source audit; unresolved timing/behavior unless described in review notes
window/late_disable_scx3_1_dmg08_out3_cgb04c_out0.gbc,FAILED,FAILED,FAILED,3 / 0,https://github.com/pokemon-speedrunning/gambatte-core/blob/d819bad196/test/hwtests/window/late_disable_scx3_1_dmg08_out3_cgb04c_out0.asm,0dccda8f9a8ee3578e76b2ca79c095ef5fe24aa75410070d68184050cd3ba689,,0f 40 43 47 4b 68 69 ff,48 100 150 1000 1036 7000 7400,Static source audit; unresolved timing/behavior unless described in review notes
window/late_disable_scx5_0_dmg08_cgb04c_out0.gbc,FAILED,FAILED,FAILED,0,https://github.com/pokemon-speedrunning/gambatte-core/blob/d819bad196/test/hwtests/window/late_disable_scx5_0_dmg08_cgb04c_out0.asm,ac7c173cfb2c35ad3257688164083f223c363103186c7ed7970ce4fc20eb9fd6,,0f 40 43 47 4b 68 69 ff,48 100 150 1000 1036 7000 7400,Static source audit; unresolved timing/behavior unless described in review notes
window/late_disable_scx5_1_dmg08_out3_cgb04c_out0.gbc,FAILED,FAILED,FAILED,3 / 0,https://github.com/pokemon-speedrunning/gambatte-core/blob/d819bad196/test/hwtests/window/late_disable_scx5_1_dmg08_out3_cgb04c_out0.asm,a9fe96582b03fdf4d8cf958d64c81b86785775b184d76f024bee61feb051facd,,0f 40 43 47 4b 68 69 ff,48 100 150 1000 1036 7000 7400,Static source audit; unresolved timing/behavior unless described in review notes
window/late_disable_scx5_ds_2_cgb04c_out3.gbc,FAILED,FAILED,FAILED,3,https://github.com/pokemon-speedrunning/gambatte-core/blob/d819bad196/test/hwtests/window/late_disable_scx5_ds_2_cgb04c_out3.asm,18a53e24fc900b8a44e9bca14d38fb48d8a62ade2439e27afa6644641850e3b5,,00 40 43 47 4b 4d 68 69 ff,48 100 150 1000 1028 1079 7000 7400,Static source audit; unresolved timing/behavior unless described in review notes
window/late_disable_spx10_wx0f_1_dmg08_cgb04c_out0.gbc,FAILED,FAILED,FAILED,0,https://github.com/pokemon-speedrunning/gambatte-core/blob/d819bad196/test/hwtests/window/late_disable_spx10_wx0f_1_dmg08_cgb04c_out0.asm,d9c56c4af610b0ada15c5f8797c9826a6ba3251d69bb1fe983ef99f0040f1afa,,0f 40 43 47 4b 68 69 ff,48 100 150 1000 1037 7000 7400,Static source audit; unresolved timing/behavior unless described in review notes
window/late_disable_wx0f_0_dmg08_cgb04c_out0.gbc,FAILED,FAILED,FAILED,0,https://github.com/pokemon-speedrunning/gambatte-core/blob/d819bad196/test/hwtests/window/late_disable_wx0f_0_dmg08_cgb04c_out0.asm,578a4c52c6bcc066a6517e88c76a481c6fabd20de2bbc4c1ea397c8076ef5658,,0f 40 43 47 4b 68 69 ff,48 100 150 1000 1035 7000 7400,Static source audit; unresolved timing/behavior unless described in review notes
window/late_disable_wx0f_1_dmg08_out3_cgb04c_out0.gbc,FAILED,FAILED,FAILED,3 / 0,https://github.com/pokemon-speedrunning/gambatte-core/blob/d819bad196/test/hwtests/window/late_disable_wx0f_1_dmg08_out3_cgb04c_out0.asm,d4ff6fe82375192fc8c80a97148ecbc5700611a6bc778e2e45756e03053c2f91,,0f 40 43 47 4b 68 69 ff,48 100 150 1000 1035 7000 7400,Static source audit; unresolved timing/behavior unless described in review notes
window/late_enable_afterVblank_2_dmg08_out3_cgb04c_out0.gbc,FAILED,FAILED,FAILED,3 / 0,https://github.com/pokemon-speedrunning/gambatte-core/blob/d819bad196/test/hwtests/window/late_enable_afterVblank_2_dmg08_out3_cgb04c_out0.asm,cb93548b9e86fde8687c1c88b8d21ebca989df8e3bf41461b780a9e36a8d0c42,,0f 40 43 47 4b 68 69 ff,48 100 150 1000 1063 10a6 7000 7400,Static source audit; unresolved timing/behavior unless described in review notes
window/late_enable_afterVblank_3_dmg08_cgb04c_out0.gbc,FAILED,FAILED,FAILED,0,https://github.com/pokemon-speedrunning/gambatte-core/blob/d819bad196/test/hwtests/window/late_enable_afterVblank_3_dmg08_cgb04c_out0.asm,0d22980f91fbdc8063c0ad9d905379d5fa40a810d35d0376ba8810bfa1d3baf5,,0f 40 43 47 4b 68 69 ff,48 100 150 1000 1064 10a6 7000 7400,Static source audit; unresolved timing/behavior unless described in review notes
window/late_enable_afterVblank_ds_1_cgb04c_out3.gbc,FAILED,FAILED,FAILED,3,https://github.com/pokemon-speedrunning/gambatte-core/blob/d819bad196/test/hwtests/window/late_enable_afterVblank_ds_1_cgb04c_out3.asm,cca53b6485216d0e4ddc2aeaedb027209cc2ef1ebc488156674f161fbada43af,,00 40 43 47 4b 4d 68 69 ff,48 100 150 1000 10d4 1159 7000 7400,Static source audit; unresolved timing/behavior unless described in review notes
window/late_enable_afterVblank_ds_lcdoffset1_2_cgb04c_out0.gbc,FAILED,FAILED,FAILED,0,https://github.com/pokemon-speedrunning/gambatte-core/blob/d819bad196/test/hwtests/window/late_enable_afterVblank_ds_lcdoffset1_2_cgb04c_out0.asm,19aa4178a237ecdbf02c75857b8c8503488ec59a944cb6e8d28f8bdb99b9bb53,41,00 0f 40 41 43 47 4b 4d 68 69 ff,48 100 150 1000 10d4 1158 7000 7400,Static source audit; unresolved timing/behavior unless described in review notes
window/late_enable_afterVblank_lcdoffset1_2_cgb04c_out0.gbc,FAILED,FAILED,FAILED,0,https://github.com/pokemon-speedrunning/gambatte-core/blob/d819bad196/test/hwtests/window/late_enable_afterVblank_lcdoffset1_2_cgb04c_out0.asm,08dd727fbcae13b94dbeb6bcccc6b8709a430ceb216f43897ba31bc5a92d35ef,41,00 0f 40 41 43 47 4b 4d 68 69 ff,48 100 150 1000 1064 10a5 7000 7400,Static source audit; unresolved timing/behavior unless described in review notes
window/late_enable_ly0_ds_1_cgb04c_out3.gbc,FAILED,FAILED,FAILED,3,https://github.com/pokemon-speedrunning/gambatte-core/blob/d819bad196/test/hwtests/window/late_enable_ly0_ds_1_cgb04c_out3.asm,1ed82f5e623cb51746f204391aa213fd5e1d2e707d3160ffe0229f71faab258a,,00 40 43 47 4b 4d 68 69 ff,48 100 150 1000 1020 1075 7000 7400,Static source audit; unresolved timing/behavior unless described in review notes
window/late_reenable_1_dmg08_cgb04c_out3.gbc,FAILED,FAILED,FAILED,3,https://github.com/pokemon-speedrunning/gambatte-core/blob/d819bad196/test/hwtests/window/late_reenable_1_dmg08_cgb04c_out3.asm,014a18454feffa45b6f9c1f8383f4872b16f62cd4cbf27ad26b6bd6d0db32321,,0f 40 43 47 4b 68 69 ff,48 100 150 1000 1034 7000 7400,Static source audit; unresolved timing/behavior unless described in review notes
window/late_reenable_ds_1_cgb04c_out3.gbc,FAILED,FAILED,FAILED,3,https://github.com/pokemon-speedrunning/gambatte-core/blob/d819bad196/test/hwtests/window/late_reenable_ds_1_cgb04c_out3.asm,b67402c46408d53e6a0a78f913a6e7f265049f47a5717136c01d00096e9a49d8,,00 40 43 47 4b 4d 68 69 ff,48 100 150 1000 101c 1075 7000 7400,Static source audit; unresolved timing/behavior unless described in review notes
window/late_reenable_scx2_1_dmg08_cgb04c_out3.gbc,FAILED,FAILED,FAILED,3,https://github.com/pokemon-speedrunning/gambatte-core/blob/d819bad196/test/hwtests/window/late_reenable_scx2_1_dmg08_cgb04c_out3.asm,e51fe414f2f4c8711ce1ab7afc5a7e06652d55b5044c1c6131e0c326e8eff730,,0f 40 43 47 4b 68 69 ff,48 100 150 1000 1035 7000 7400,Static source audit; unresolved timing/behavior unless described in review notes
window/late_reenable_scx2_2_dmg08_out3_cgb04c_out0.gbc,FAILED,FAILED,FAILED,3 / 0,https://github.com/pokemon-speedrunning/gambatte-core/blob/d819bad196/test/hwtests/window/late_reenable_scx2_2_dmg08_out3_cgb04c_out0.asm,c7662ba1f83c9b26bc921f53370a69f428deb99932c453bd2e766221956d9e12,,0f 40 43 47 4b 68 69 ff,48 100 150 1000 1035 7000 7400,Static source audit; unresolved timing/behavior unless described in review notes
window/late_reenable_scx3_1_dmg08_cgb04c_out3.gbc,FAILED,FAILED,FAILED,3,https://github.com/pokemon-speedrunning/gambatte-core/blob/d819bad196/test/hwtests/window/late_reenable_scx3_1_dmg08_cgb04c_out3.asm,b2bd0d0a654635a78e0d5475fa40c6a1f0e8b5f1150766f4a48a48e00b4c2502,,0f 40 43 47 4b 68 69 ff,48 100 150 1000 1035 7000 7400,Static source audit; unresolved timing/behavior unless described in review notes
window/late_reenable_scx3_2_dmg08_out3_cgb04c_out0.gbc,FAILED,FAILED,FAILED,3 / 0,https://github.com/pokemon-speedrunning/gambatte-core/blob/d819bad196/test/hwtests/window/late_reenable_scx3_2_dmg08_out3_cgb04c_out0.asm,0874f04f1980cb77522d981cf4e95fc2a53787046b1550af84e1424f881a46d3,,0f 40 43 47 4b 68 69 ff,48 100 150 1000 1035 7000 7400,Static source audit; unresolved timing/behavior unless described in review notes
window/late_reenable_scx5_1_dmg08_cgb04c_out3.gbc,FAILED,FAILED,FAILED,3,https://github.com/pokemon-speedrunning/gambatte-core/blob/d819bad196/test/hwtests/window/late_reenable_scx5_1_dmg08_cgb04c_out3.asm,b30fad6146e18595027b50542bfd244c3195289304dfcce138d50e353a0b2ca1,,0f 40 43 47 4b 68 69 ff,48 100 150 1000 1035 7000 7400,Static source audit; unresolved timing/behavior unless described in review notes
window/late_reenable_scx5_2_dmg08_out3_cgb04c_out0.gbc,FAILED,FAILED,FAILED,3 / 0,https://github.com/pokemon-speedrunning/gambatte-core/blob/d819bad196/test/hwtests/window/late_reenable_scx5_2_dmg08_out3_cgb04c_out0.asm,3dbb482f95bc24c80a3b2bcf3e6768883ad8edc66fb790c5bceb17e17e48578e,,0f 40 43 47 4b 68 69 ff,48 100 150 1000 1035 7000 7400,Static source audit; unresolved timing/behavior unless described in review notes
window/late_reenable_scx5_3_dmg08_cgb04c_out0.gbc,FAILED,FAILED,FAILED,0,https://github.com/pokemon-speedrunning/gambatte-core/blob/d819bad196/test/hwtests/window/late_reenable_scx5_3_dmg08_cgb04c_out0.asm,142f2c4568ff74ffff60c422601e0aa77ffce0c0d38f66064f0e1f49a6e6983e,,0f 40 43 47 4b 68 69 ff,48 100 150 1000 1035 7000 7400,Static source audit; unresolved timing/behavior unless described in review notes
window/late_reenable_scx5_ds_1_cgb04c_out3.gbc,FAILED,FAILED,FAILED,3,https://github.com/pokemon-speedrunning/gambatte-core/blob/d819bad196/test/hwtests/window/late_reenable_scx5_ds_1_cgb04c_out3.asm,9445f22bb2e9e036670e45747252c137ac4796438fe397c40ad806ff8f940154,,00 40 43 47 4b 4d 68 69 ff,48 100 150 1000 101f 1078 7000 7400,Static source audit; unresolved timing/behavior unless described in review notes
window/late_reenable_wx0f_1_dmg08_cgb04c_out3.gbc,FAILED,FAILED,FAILED,3,https://github.com/pokemon-speedrunning/gambatte-core/blob/d819bad196/test/hwtests/window/late_reenable_wx0f_1_dmg08_cgb04c_out3.asm,c5ac0b063e4e3fb3d18cfb2282331f41032c9840013a0d50d749ba24b2ef7ce6,,0f 40 43 47 4b 68 69 ff,48 100 150 1000 1034 7000 7400,Static source audit; unresolved timing/behavior unless described in review notes
window/late_reenable_wx0f_2_dmg08_cgb04c_out0.gbc,FAILED,FAILED,FAILED,0,https://github.com/pokemon-speedrunning/gambatte-core/blob/d819bad196/test/hwtests/window/late_reenable_wx0f_2_dmg08_cgb04c_out0.asm,e1f3774f365426da75cf825e49cb54fbe097c109e138ee0e2e75bb94846e9ba3,,0f 40 43 47 4b 68 69 ff,48 100 150 1000 1034 7000 7400,Static source audit; unresolved timing/behavior unless described in review notes
window/late_scx_late_disable_0_dmg08_cgb04c_out0.gbc,FAILED,FAILED,FAILED,0,https://github.com/pokemon-speedrunning/gambatte-core/blob/d819bad196/test/hwtests/window/late_scx_late_disable_0_dmg08_cgb04c_out0.asm,369762f782cef84db51ec379380817afb50e2df3871ee6a7d7345bba5799d193,,0f 40 43 47 4b 68 69 ff,48 100 150 1000 1034 7000 7400,Static source audit; unresolved timing/behavior unless described in review notes
window/late_scx_late_disable_1_dmg08_out3_cgb04c_out0.gbc,FAILED,FAILED,FAILED,3 / 0,https://github.com/pokemon-speedrunning/gambatte-core/blob/d819bad196/test/hwtests/window/late_scx_late_disable_1_dmg08_out3_cgb04c_out0.asm,3c5c48b90ed34792d2b166e897fc9ad9f09874af506c1ca008ccb58c2bfb814f,,0f 40 43 47 4b 68 69 ff,48 100 150 1000 1034 7000 7400,Static source audit; unresolved timing/behavior unless described in review notes
window/late_wx_1_dmg08_cgb04c_out0.gbc,FAILED,FAILED,FAILED,0,https://github.com/pokemon-speedrunning/gambatte-core/blob/d819bad196/test/hwtests/window/late_wx_1_dmg08_cgb04c_out0.asm,b99467a9a791d04fb0cdd95ddbc911defabd971a4b0a9f682a24208bd6f65e0b,,0f 40 43 47 4b 68 69 ff,48 100 150 1000 1035 7000 7400,Static source audit; unresolved timing/behavior unless described in review notes
window/late_wx_ds_2_cgb04c_out3.gbc,FAILED,FAILED,FAILED,3,https://github.com/pokemon-speedrunning/gambatte-core/blob/d819bad196/test/hwtests/window/late_wx_ds_2_cgb04c_out3.asm,81467f6ad457e3270bf5619e6d71d45bf5fc672955c9a1a9ba9874a3f1ff9fe6,,00 40 43 47 4b 4d 68 69 ff,48 100 150 1000 1022 1076 7000 7400,Static source audit; unresolved timing/behavior unless described in review notes
window/late_wx_ff_07_1_dmg08_cgb04c_out3.gbc,FAILED,FAILED,FAILED,3,https://github.com/pokemon-speedrunning/gambatte-core/blob/d819bad196/test/hwtests/window/late_wx_ff_07_1_dmg08_cgb04c_out3.asm,850de638d8f83e60453190377aa191def4c37871c85e22e73902e5518bd63d2f,,0f 40 43 47 4b 68 69 ff,48 100 150 1000 1035 7000 7400,Static source audit; unresolved timing/behavior unless described in review notes
window/late_wx_ff_0f_1_dmg08_cgb04c_out3.gbc,FAILED,FAILED,FAILED,3,https://github.com/pokemon-speedrunning/gambatte-core/blob/d819bad196/test/hwtests/window/late_wx_ff_0f_1_dmg08_cgb04c_out3.asm,bd7bb09739848862603f8a8ea4deb36adf7c81e0b2fd7c1d25683c92b31a2ae3,,0f 40 43 47 4b 68 69 ff,48 100 150 1000 1035 7000 7400,Static source audit; unresolved timing/behavior unless described in review notes
window/late_wx_scx2_1_dmg08_cgb04c_out0.gbc,FAILED,FAILED,FAILED,0,https://github.com/pokemon-speedrunning/gambatte-core/blob/d819bad196/test/hwtests/window/late_wx_scx2_1_dmg08_cgb04c_out0.asm,66807b36cf9842b0286eb5d966c7402d9ec871952ae3358b57fb3d7d75a9cc2b,,0f 40 43 47 4b 68 69 ff,48 100 150 1000 1036 7000 7400,Static source audit; unresolved timing/behavior unless described in review notes
window/late_wx_scx3_1_dmg08_cgb04c_out0.gbc,FAILED,FAILED,FAILED,0,https://github.com/pokemon-speedrunning/gambatte-core/blob/d819bad196/test/hwtests/window/late_wx_scx3_1_dmg08_cgb04c_out0.asm,8273cd6bfcce95eb8be08e2db3a808c112867c1d93e4e6a855337452c2fcbfe5,,0f 40 43 47 4b 68 69 ff,48 100 150 1000 1036 7000 7400,Static source audit; unresolved timing/behavior unless described in review notes
window/late_wx_scx3_2_dmg08_out0_cgb04c_out3.gbc,FAILED,FAILED,FAILED,0 / 3,https://github.com/pokemon-speedrunning/gambatte-core/blob/d819bad196/test/hwtests/window/late_wx_scx3_2_dmg08_out0_cgb04c_out3.asm,3440032293fde7c84e72b49b2f3b62d72eb5b7f99753089b067d96a3ef3ecb91,,0f 40 43 47 4b 68 69 ff,48 100 150 1000 1036 7000 7400,Static source audit; unresolved timing/behavior unless described in review notes
window/late_wx_scx5_1_dmg08_cgb04c_out0.gbc,FAILED,FAILED,FAILED,0,https://github.com/pokemon-speedrunning/gambatte-core/blob/d819bad196/test/hwtests/window/late_wx_scx5_1_dmg08_cgb04c_out0.asm,94f3ec699d479f53ecbbb89b40231e4d6edd7cd44a62ce58ac03521c4872a4f3,,0f 40 43 47 4b 68 69 ff,48 100 150 1000 1036 7000 7400,Static source audit; unresolved timing/behavior unless described in review notes
window/late_wx_scx5_ds_2_cgb04c_out3.gbc,FAILED,FAILED,FAILED,3,https://github.com/pokemon-speedrunning/gambatte-core/blob/d819bad196/test/hwtests/window/late_wx_scx5_ds_2_cgb04c_out3.asm,cc190530adedd1c73eac4a271e7a6515cd85091f44447cbd3b0127d788e0cbba,,00 40 43 47 4b 4d 68 69 ff,48 100 150 1000 1025 1079 7000 7400,Static source audit; unresolved timing/behavior unless described in review notes
window/late_wx_wx03_1_dmg08_cgb04c_out0.gbc,FAILED,FAILED,FAILED,0,https://github.com/pokemon-speedrunning/gambatte-core/blob/d819bad196/test/hwtests/window/late_wx_wx03_1_dmg08_cgb04c_out0.asm,13cd6edf8d25e73af56b69652227f393f9d2de6fd9f793e530b2b345c9db0c3d,,0f 40 43 47 4b 68 69 ff,48 100 150 1000 1035 7000 7400,Static source audit; unresolved timing/behavior unless described in review notes
window/late_wx_wx0f_1_dmg08_cgb04c_out0.gbc,FAILED,FAILED,FAILED,0,https://github.com/pokemon-speedrunning/gambatte-core/blob/d819bad196/test/hwtests/window/late_wx_wx0f_1_dmg08_cgb04c_out0.asm,ad1543de5f8134aa2364409a58300ca453bd51c50973cb6202a838c7bcd3973f,,0f 40 43 47 4b 68 69 ff,48 100 150 1000 1035 7000 7400,Static source audit; unresolved timing/behavior unless described in review notes
window/late_wy_2_dmg08_cgb04c_out3.gbc,FAILED,FAILED,FAILED,3,https://github.com/pokemon-speedrunning/gambatte-core/blob/d819bad196/test/hwtests/window/late_wy_2_dmg08_cgb04c_out3.asm,79462b5edc7ff13241c6c26c6a4932f27e8f6a340fb12046d327776a0be195d7,,0f 40 43 45 47 4a 4b 68 69 ff,48 100 150 1000 1065 10a6 7000 7400,Static source audit; unresolved timing/behavior unless described in review notes
window/late_wy_ds_2_cgb04c_out3.gbc,FAILED,FAILED,FAILED,3,https://github.com/pokemon-speedrunning/gambatte-core/blob/d819bad196/test/hwtests/window/late_wy_ds_2_cgb04c_out3.asm,3d895a202c1e93d761b8b92aa773c82bffe0fca3235ff5b249aa3dc02d3e7e44,,00 40 43 45 47 4a 4b 4d 68 69 ff,48 100 150 1000 10d9 1159 7000 7400,Static source audit; unresolved timing/behavior unless described in review notes
window/late_wy_ds_lcdoffset1_2_cgb04c_out3.gbc,FAILED,FAILED,FAILED,3,https://github.com/pokemon-speedrunning/gambatte-core/blob/d819bad196/test/hwtests/window/late_wy_ds_lcdoffset1_2_cgb04c_out3.asm,d3f6d6e8ce39c38073b3cd37b16fafb5510dc8eb94de5a0283a12f8c995ca7ba,41,00 0f 40 41 43 45 47 4a 4b 4d 68 69 ff,48 100 150 1000 10d8 1158 7000 7400,Static source audit; unresolved timing/behavior unless described in review notes
window/late_wy_lcdoffset1_2_cgb04c_out3.gbc,FAILED,FAILED,FAILED,3,https://github.com/pokemon-speedrunning/gambatte-core/blob/d819bad196/test/hwtests/window/late_wy_lcdoffset1_2_cgb04c_out3.asm,0a918c3cbfa81e334f72d49857ba35730b38d24db43cb8357d0c7ed4e676f555,41,00 0f 40 41 43 45 47 4a 4b 4d 68 69 ff,48 100 150 1000 1066 10a5 7000 7400,Static source audit; unresolved timing/behavior unless described in review notes
window/m2int_wx03_m3stat_ds_1_cgb04c_out3.gbc,FAILED,FAILED,FAILED,3,https://github.com/pokemon-speedrunning/gambatte-core/blob/d819bad196/test/hwtests/window/m2int_wx03_m3stat_ds_1_cgb04c_out3.asm,541475ffe07a4192c1c4ec6312755b1dba29b53cec54da3fc4d3c15e96f92d97,,00 40 43 47 4b 4d 68 69 ff,48 100 150 1000 1077 7000 7400,Static source audit; unresolved timing/behavior unless described in review notes
window/m2int_wx03_scx5_m3stat_ds_1_cgb04c_out3.gbc,FAILED,FAILED,FAILED,3,https://github.com/pokemon-speedrunning/gambatte-core/blob/d819bad196/test/hwtests/window/m2int_wx03_scx5_m3stat_ds_1_cgb04c_out3.asm,84d97be41d17b0b30c3aa6fb7f1982e75b7f7f30da67595581f7e5a4289ffce3,,00 40 43 47 4b 4d 68 69 ff,48 100 150 1000 107a 7000 7400,Static source audit; unresolved timing/behavior unless described in review notes
window/m2int_wx07_m3stat_ds_1_cgb04c_out3.gbc,FAILED,FAILED,FAILED,3,https://github.com/pokemon-speedrunning/gambatte-core/blob/d819bad196/test/hwtests/window/m2int_wx07_m3stat_ds_1_cgb04c_out3.asm,8e939971e68e5fc7974647878839a61427851fd381532fc491b42d30703cb493,,00 40 43 47 4b 4d 68 69 ff,48 100 150 1000 1077 7000 7400,Static source audit; unresolved timing/behavior unless described in review notes
window/m2int_wx07_scx5_m3stat_ds_1_cgb04c_out3.gbc,FAILED,FAILED,FAILED,3,https://github.com/pokemon-speedrunning/gambatte-core/blob/d819bad196/test/hwtests/window/m2int_wx07_scx5_m3stat_ds_1_cgb04c_out3.asm,703d830b534d4c04c9c98ec9f9eaf9ba9d8602e7d8a52f1dff33e7557af75c3e,,00 40 43 47 4b 4d 68 69 ff,48 100 150 1000 107a 7000 7400,Static source audit; unresolved timing/behavior unless described in review notes
window/m2int_wx0C_m3stat_ds_1_cgb04c_out3.gbc,FAILED,FAILED,FAILED,3,https://github.com/pokemon-speedrunning/gambatte-core/blob/d819bad196/test/hwtests/window/m2int_wx0C_m3stat_ds_1_cgb04c_out3.asm,4ca45f80b9a53c915fdc0b16c9235d932d50b7442a5074e14993e5b1922fe0e8,,00 40 43 47 4b 4d 68 69 ff,48 100 150 1000 1077 7000 7400,Static source audit; unresolved timing/behavior unless described in review notes
window/m2int_wx57_m3stat_ds_1_cgb04c_out3.gbc,FAILED,FAILED,FAILED,3,https://github.com/pokemon-speedrunning/gambatte-core/blob/d819bad196/test/hwtests/window/m2int_wx57_m3stat_ds_1_cgb04c_out3.asm,9a1eafadbc49ddf56a72059ca755740bf8db3d242261c688cc850e574314da51,,00 40 43 47 4b 4d 68 69 ff,48 100 150 1000 1077 7000 7400,Static source audit; unresolved timing/behavior unless described in review notes
window/m2int_wxA6_m0irq2_2_dmg08_cgb04c_out2.gbc,FAILED,FAILED,FAILED,2,https://github.com/pokemon-speedrunning/gambatte-core/blob/d819bad196/test/hwtests/window/m2int_wxA6_m0irq2_2_dmg08_cgb04c_out2.asm,0d070e7b6f9d855539d1cb69226b02c14bb902aa45b1beb7f232913be24e18e5,,0f 40 41 43 47 4b 68 69 ff,48 100 150 1000 1032 7000 7400,Static source audit; unresolved timing/behavior unless described in review notes
window/m2int_wxA6_m0irq_2_dmg08_cgb04c_out2.gbc,FAILED,FAILED,FAILED,2,https://github.com/pokemon-speedrunning/gambatte-core/blob/d819bad196/test/hwtests/window/m2int_wxA6_m0irq_2_dmg08_cgb04c_out2.asm,70221b5c80dc12f5f1579bde229d3e87b30a6a4d695a48650c916e1af7649397,0f,0f 40 41 43 47 4b 68 69 ff,48 100 150 1000 1033 7000 7400,Static source audit; unresolved timing/behavior unless described in review notes
window/m2int_wxA6_m3stat_ds_1_cgb04c_out3.gbc,FAILED,FAILED,FAILED,3,https://github.com/pokemon-speedrunning/gambatte-core/blob/d819bad196/test/hwtests/window/m2int_wxA6_m3stat_ds_1_cgb04c_out3.asm,902ae9963e2b26d34beac248a7ac35f30b5153beacf29269d4eb34042efe2eb0,,00 40 43 47 4b 4d 68 69 ff,48 100 150 1000 1077 7000 7400,Static source audit; unresolved timing/behavior unless described in review notes
window/m2int_wxA6_scx5_m3stat_ds_1_cgb04c_out3.gbc,FAILED,FAILED,FAILED,3,https://github.com/pokemon-speedrunning/gambatte-core/blob/d819bad196/test/hwtests/window/m2int_wxA6_scx5_m3stat_ds_1_cgb04c_out3.asm,1e8f4ca4c5e544dcf32fa7d200132ada4dfbab89d10d99558e5097748be0d375,,00 40 43 47 4b 4d 68 69 ff,48 100 150 1000 107a 7000 7400,Static source audit; unresolved timing/behavior unless described in review notes
window/m2int_wxA6_spxA7_m0irq_2_dmg08_cgb04c_out2.gbc,FAILED,FAILED,FAILED,2,https://github.com/pokemon-speedrunning/gambatte-core/blob/d819bad196/test/hwtests/window/m2int_wxA6_spxA7_m0irq_2_dmg08_cgb04c_out2.asm,1889d6185d312cf0461f07a14d767e9b293e2c1643a9614acbc201787b463074,0f,0f 40 41 43 47 4b 68 69 ff,48 100 150 1000 1033 7000 7400,Static source audit; unresolved timing/behavior unless described in review notes
window/m2int_wxA6_spxA7_m3stat_4_dmg08_out0_cgb04c_out3.gbc,FAILED,FAILED,FAILED,0 / 3,https://github.com/pokemon-speedrunning/gambatte-core/blob/d819bad196/test/hwtests/window/m2int_wxA6_spxA7_m3stat_4_dmg08_out0_cgb04c_out3.asm,dfd01a88c2d815c8456ad15f5470622249404eb9621f30f964220a57f315c75b,,0f 40 43 47 4b 68 69 ff,48 100 150 1000 1039 7000 7400,Static source audit; unresolved timing/behavior unless described in review notes
window/m2int_wxDefault_m3stat_ds_1_cgb04c_out3.gbc,FAILED,FAILED,FAILED,3,https://github.com/pokemon-speedrunning/gambatte-core/blob/d819bad196/test/hwtests/window/m2int_wxDefault_m3stat_ds_1_cgb04c_out3.asm,e2c8598e5e74bde3aadf8004ba8c04dfafa11062f12cfd0002fa677d403e8b63,,00 40 43 47 4d 68 69 ff,48 100 150 1000 1077 7000 7400,Static source audit; unresolved timing/behavior unless described in review notes
window/on_screen/weon_wx18_weoff_weon_wx80.gbc,FAILED,FAILED,FAILED,PNG: weon_wx18_weoff_weon_wx80_cgb04c.png; weon_wx18_weoff_weon_wx80_dmg08.png,https://github.com/pokemon-speedrunning/gambatte-core/blob/d819bad196/test/hwtests/window/on_screen/weon_wx18_weoff_weon_wx80.asm,2a6d3c28890d0e1ff2c4a4bfed16b09756a8cc85a4ff84cf71fc53d6ba40cb4c,,00 0f 40 41 47 4a 4b 68 69 ff,48 100 150 1000 1020,Static source audit; unresolved timing/behavior unless described in review notes
window/on_screen/wx17_weoff_wxA5_weon.gbc,FAILED,FAILED,FAILED,PNG: wx17_weoff_wxA5_weon_cgb04c.png; wx17_weoff_wxA5_weon_dmg08.png,https://github.com/pokemon-speedrunning/gambatte-core/blob/d819bad196/test/hwtests/window/on_screen/wx17_weoff_wxA5_weon.asm,ae330105a2d7c80f025497ab7156bd5ad6e10f40403f369f165df195a4335b24,,00 0f 40 41 47 4a 4b 68 69 ff,48 100 150 1000 1020 1058,Static source audit; unresolved timing/behavior unless described in review notes
window/on_screen/wx17_wxA5.gbc,FAILED,FAILED,FAILED,PNG: wx17_wxA5_cgb04c.png; wx17_wxA5_dmg08.png,https://github.com/pokemon-speedrunning/gambatte-core/blob/d819bad196/test/hwtests/window/on_screen/wx17_wxA5.asm,56b865bb43958fa6153065d36ec3ce57e1d08aeafc72b0272fc9ea03dd77709c,,00 0f 40 41 47 4a 4b 68 69 ff,48 100 150 1000 1020 1058,Static source audit; unresolved timing/behavior unless described in review notes
window/on_screen/wxA6_3.gbc,FAILED,FAILED,FAILED,PNG: wxA6_3_cgb04c.png; wxA6_3_dmg08.png,https://github.com/pokemon-speedrunning/gambatte-core/blob/d819bad196/test/hwtests/window/on_screen/wxA6_3.asm,bc7502a571895aaad486308fcc98dc8d9f17d11fb3d7e901cd802c81b3247d5a,,00 40 47 4a 4b 68 69 ff,100 150,Static source audit; unresolved timing/behavior unless described in review notes
window/on_screen/wxA6_late_we_reenable_1.gbc,FAILED,FAILED,FAILED,PNG: wxA6_late_we_reenable_1_cgb04c.png; wxA6_late_we_reenable_1_dmg08.png,https://github.com/pokemon-speedrunning/gambatte-core/blob/d819bad196/test/hwtests/window/on_screen/wxA6_late_we_reenable_1.asm,7107c06d73ba665ea457bad8d9c47f192b862c1af7b2c6b85f2b426d832168c9,,00 0f 40 41 47 4a 4b 68 69 ff,48 100 150 1000,Static source audit; unresolved timing/behavior unless described in review notes
window/on_screen/wxA6_late_we_reenable_2.gbc,FAILED,FAILED,FAILED,PNG: wxA6_late_we_reenable_2_cgb04c.png; wxA6_late_we_reenable_2_dmg08.png,https://github.com/pokemon-speedrunning/gambatte-core/blob/d819bad196/test/hwtests/window/on_screen/wxA6_late_we_reenable_2.asm,3e9b8ef4a86c83002c78a7b087e063a4e1c8bb1027a11a9ddb660774c46cf04a,,00 0f 40 41 47 4a 4b 68 69 ff,48 100 150 1000,Static source audit; unresolved timing/behavior unless described in review notes
window/on_screen/wxA6_late_we_reenable_3.gbc,FAILED,FAILED,FAILED,PNG: wxA6_late_we_reenable_3_cgb04c.png; wxA6_late_we_reenable_3_dmg08.png,https://github.com/pokemon-speedrunning/gambatte-core/blob/d819bad196/test/hwtests/window/on_screen/wxA6_late_we_reenable_3.asm,1db1963e66fda1d0d891aa0b3841772d5204a4b2bfdbeff6ec4cfd1b29dfc2f6,,00 0f 40 41 47 4a 4b 68 69 ff,48 100 150 1000,Static source audit; unresolved timing/behavior unless described in review notes
window/on_screen/wxA6_scx7.gbc,FAILED,FAILED,FAILED,PNG: wxA6_scx7_cgb04c.png; wxA6_scx7_dmg08.png,https://github.com/pokemon-speedrunning/gambatte-core/blob/d819bad196/test/hwtests/window/on_screen/wxA6_scx7.asm,35ce293fdf0196bde77a136c55363b1e053f1f47e54c4330cce23fbe557793bc,,00 40 43 47 4a 4b 68 69 ff,100 150,Static source audit; unresolved timing/behavior unless described in review notes
window/on_screen/wxA6_weoff_at_xposA6.gbc,FAILED,FAILED,FAILED,PNG: wxA6_weoff_at_xposA6_cgb04c.png; wxA6_weoff_at_xposA6_dmg08.png,https://github.com/pokemon-speedrunning/gambatte-core/blob/d819bad196/test/hwtests/window/on_screen/wxA6_weoff_at_xposA6.asm,68f98dda3fe96c8faa008235f755098fe67c99fc2b2ace215a6440828d767f29,,00 0f 40 41 47 4a 4b 68 69 ff,48 100 150 1000 1020 1058,Static source audit; unresolved timing/behavior unless described in review notes
window/on_screen/wxA6_wy00.gbc,FAILED,FAILED,FAILED,PNG: wxA6_wy00_cgb04c.png; wxA6_wy00_dmg08.png,https://github.com/pokemon-speedrunning/gambatte-core/blob/d819bad196/test/hwtests/window/on_screen/wxA6_wy00.asm,93e5b0e4f105ce6e8e7ae6faccaed54434b3640e35105da18ecae29cedd0aaa4,,00 40 47 4a 4b 68 69 ff,100 150,Static source audit; unresolved timing/behavior unless described in review notes
window/on_screen/wxA6_wy01.gbc,FAILED,FAILED,FAILED,PNG: wxA6_wy01_cgb04c.png; wxA6_wy01_dmg08.png; wxA6_wy01_weoff_ly02_cgb04c.png; wxA6_wy01_weoff_ly02_dmg08.png; wxA6_wy01_weoff_ly02_weon_ly60_cgb04c.png; wxA6_wy01_weoff_ly02_weon_ly60_dmg08.png; wxA6_wy01_wxA5_ly02_cgb04c.png; wxA6_wy01_wxA5_ly02_dmg08.png; wxA6_wy01_wxA7_ly02_cgb04c.png; wxA6_wy01_wxA7_ly02_dmg08.png,https://github.com/pokemon-speedrunning/gambatte-core/blob/d819bad196/test/hwtests/window/on_screen/wxA6_wy01.asm,b53ad59595cecd35f9ce3b527ff6e19f150fd9094946de964f787734ae72a453,,00 40 47 4a 4b 68 69 ff,100 150,Static source audit; unresolved timing/behavior unless described in review notes
window/on_screen/wxA6_wy01_weoff_ly02.gbc,FAILED,FAILED,FAILED,PNG: wxA6_wy01_weoff_ly02_cgb04c.png; wxA6_wy01_weoff_ly02_dmg08.png; wxA6_wy01_weoff_ly02_weon_ly60_cgb04c.png; wxA6_wy01_weoff_ly02_weon_ly60_dmg08.png,https://github.com/pokemon-speedrunning/gambatte-core/blob/d819bad196/test/hwtests/window/on_screen/wxA6_wy01_weoff_ly02.asm,91a1620a737a11af7dafd11523db255a13c0d0922588e77198cea4fee9e2dc3b,,00 40 47 4a 4b 68 69 ff,100 150,Static source audit; unresolved timing/behavior unless described in review notes
window/on_screen/wxA6_wy01_weoff_ly02_weon_ly60.gbc,FAILED,FAILED,FAILED,PNG: wxA6_wy01_weoff_ly02_weon_ly60_cgb04c.png; wxA6_wy01_weoff_ly02_weon_ly60_dmg08.png,https://github.com/pokemon-speedrunning/gambatte-core/blob/d819bad196/test/hwtests/window/on_screen/wxA6_wy01_weoff_ly02_weon_ly60.asm,39d79cacd4e6e1abf490fad11d39a5a08f75328a851161efb83fce46c25cb3c0,,00 40 47 4a 4b 68 69 ff,100 150,Static source audit; unresolved timing/behavior unless described in review notes
window/on_screen/wxA6_wy01_wxA5_ly02.gbc,FAILED,FAILED,FAILED,PNG: wxA6_wy01_wxA5_ly02_cgb04c.png; wxA6_wy01_wxA5_ly02_dmg08.png,https://github.com/pokemon-speedrunning/gambatte-core/blob/d819bad196/test/hwtests/window/on_screen/wxA6_wy01_wxA5_ly02.asm,909c6d154856b8b24f3a6fc0399709f850ad8fcfb9a1f0db855e5091efeb0e0a,,00 40 47 4a 4b 68 69 ff,100 150,Static source audit; unresolved timing/behavior unless described in review notes
window/on_screen/wxA6_wy01_wxA7_ly02.gbc,FAILED,FAILED,FAILED,PNG: wxA6_wy01_wxA7_ly02_cgb04c.png; wxA6_wy01_wxA7_ly02_dmg08.png,https://github.com/pokemon-speedrunning/gambatte-core/blob/d819bad196/test/hwtests/window/on_screen/wxA6_wy01_wxA7_ly02.asm,30fc2d6002273f3360c9d702e5f88674c37a38ee6577252526c71dbde4256043,,00 40 47 4a 4b 68 69 ff,100 150,Static source audit; unresolved timing/behavior unless described in review notes
window/on_screen/wxA6_wy8F.gbc,FAILED,FAILED,FAILED,PNG: wxA6_wy8F_cgb04c.png; wxA6_wy8F_dmg08.png,https://github.com/pokemon-speedrunning/gambatte-core/blob/d819bad196/test/hwtests/window/on_screen/wxA6_wy8F.asm,1c987cb1b6402d3d9db1baa1fc6f1c65d0fc5489c9a0ebc5638b588da71f1058,,00 40 47 4a 4b 68 69 ff,100 150,Static source audit; unresolved timing/behavior unless described in review notes
window/reenable_ds_cgb04c_out3.gbc,FAILED,FAILED,FAILED,3,https://github.com/pokemon-speedrunning/gambatte-core/blob/d819bad196/test/hwtests/window/reenable_ds_cgb04c_out3.asm,4b17616ed432d346452f7917b8c36975322cdc0c1927c169b24f9860c8f8148a,,00 40 43 47 4b 4d 68 69 ff,48 100 150 1000 1075 7000 7400,Static source audit; unresolved timing/behavior unless described in review notes
